/*
SQLyog Ultimate v12.09 (64 bit)
MySQL - 5.6.22-log : Database - basesys
*********************************************************************
*/

/*!40101 SET NAMES utf8 */;

/*!40101 SET SQL_MODE=''*/;

/*!40014 SET @OLD_UNIQUE_CHECKS=@@UNIQUE_CHECKS, UNIQUE_CHECKS=0 */;
/*!40014 SET @OLD_FOREIGN_KEY_CHECKS=@@FOREIGN_KEY_CHECKS, FOREIGN_KEY_CHECKS=0 */;
/*!40101 SET @OLD_SQL_MODE=@@SQL_MODE, SQL_MODE='NO_AUTO_VALUE_ON_ZERO' */;
/*!40111 SET @OLD_SQL_NOTES=@@SQL_NOTES, SQL_NOTES=0 */;
/*Table structure for table `company` */

DROP TABLE IF EXISTS `company`;

CREATE TABLE `company` (
  `Id` int(11) NOT NULL AUTO_INCREMENT COMMENT '主键ID',
  `AgencyNumber` varchar(40) DEFAULT NULL COMMENT '机构编号',
  `AgencyLevel` int(11) DEFAULT '0' COMMENT '机构级次',
  `CompanyName` varchar(100) DEFAULT NULL COMMENT '公司名称',
  `CompanyType` int(11) DEFAULT '1' COMMENT '分为总公司、分公司两类 总公司1 分公司 2',
  `CompanyAreaId` int(11) DEFAULT NULL COMMENT '分公司所属地域，一级地域ID值',
  `AbbrName` varchar(50) DEFAULT NULL COMMENT '公司简称',
  `CompanyUrl` varchar(500) DEFAULT NULL COMMENT '公司网址',
  `Manager` varchar(500) DEFAULT NULL COMMENT '负责人',
  `Email` varchar(50) DEFAULT NULL COMMENT '邮箱',
  `Phone` varchar(50) DEFAULT NULL COMMENT '负责人电话',
  `Telephone` varchar(50) DEFAULT NULL COMMENT '座机',
  `Remark` varchar(500) DEFAULT NULL COMMENT '备注',
  `State` int(11) DEFAULT '0' COMMENT '状态 -1禁用 0正常',
  `Sort` int(11) DEFAULT '0' COMMENT '排序字段 低到高',
  `CreateTime` datetime DEFAULT NULL COMMENT '创建日期',
  `UpdateTime` datetime DEFAULT NULL COMMENT '更新日期',
  PRIMARY KEY (`Id`)
) ENGINE=InnoDB AUTO_INCREMENT=459 DEFAULT CHARSET=utf8;

/*Data for the table `company` */

insert  into `company`(`Id`,`AgencyNumber`,`AgencyLevel`,`CompanyName`,`CompanyType`,`CompanyAreaId`,`AbbrName`,`CompanyUrl`,`Manager`,`Email`,`Phone`,`Telephone`,`Remark`,`State`,`Sort`,`CreateTime`,`UpdateTime`) values (1,'01',1,'新华网股份有限公司',1,NULL,NULL,NULL,NULL,NULL,NULL,NULL,NULL,-1,0,'2016-06-16 12:42:23','2016-06-16 12:42:23'),(2,'0101',2,'新华网股份有限公司（分公司汇总）',1,NULL,NULL,NULL,NULL,NULL,NULL,NULL,NULL,-1,0,'2016-06-16 12:42:23','2016-06-16 12:42:23'),(3,'0101001',3,'新华网股份有限公司（本部）',1,NULL,NULL,NULL,NULL,NULL,NULL,NULL,NULL,0,0,'2016-06-16 12:42:23','2016-06-16 12:42:23'),(4,'0101002',3,'江苏分公司',2,10,'js','http://js.cn','qqw','js@js.cn','025-12345678',NULL,NULL,0,0,'2016-06-16 12:42:23','2016-07-20 09:46:47'),(5,'0101003',3,'北京分公司',2,NULL,NULL,NULL,NULL,NULL,NULL,NULL,NULL,0,0,'2016-06-16 12:42:23','2016-06-16 12:42:23'),(6,'0101004',3,'福建分公司',2,NULL,NULL,NULL,NULL,NULL,NULL,NULL,NULL,0,0,'2016-06-16 12:42:23','2016-06-16 12:42:23'),(7,'0101005',3,'广东分公司',2,NULL,NULL,NULL,NULL,NULL,NULL,NULL,NULL,0,0,'2016-06-16 12:42:23','2016-06-16 12:42:23'),(8,'0101006',3,'湖北分公司',2,NULL,NULL,NULL,NULL,NULL,NULL,NULL,NULL,0,0,'2016-06-16 12:42:23','2016-06-16 12:42:23'),(9,'0101007',3,'四川分公司',2,NULL,NULL,NULL,NULL,NULL,NULL,NULL,NULL,0,0,'2016-06-16 12:42:23','2016-06-16 12:42:23'),(10,'0101008',3,'河北分公司',2,NULL,NULL,NULL,NULL,NULL,NULL,NULL,NULL,0,0,'2016-06-16 12:42:23','2016-06-16 12:42:23'),(11,'0101009',3,'山东分公司',2,NULL,NULL,NULL,NULL,NULL,NULL,NULL,NULL,0,0,'2016-06-16 12:42:23','2016-06-16 12:42:23'),(12,'0101010',3,'重庆分公司',2,NULL,NULL,NULL,NULL,NULL,NULL,NULL,NULL,0,0,'2016-06-16 12:42:23','2016-06-16 12:42:23'),(13,'0101011',3,'浙江分公司',2,NULL,NULL,NULL,NULL,NULL,NULL,NULL,NULL,0,0,'2016-06-16 12:42:23','2016-06-16 12:42:23'),(14,'0101012',3,'云南分公司',2,NULL,NULL,NULL,NULL,NULL,NULL,NULL,NULL,0,0,'2016-06-16 12:42:23','2016-06-16 12:42:23'),(15,'0101013',3,'上海分公司',2,NULL,NULL,NULL,NULL,NULL,NULL,NULL,NULL,0,0,'2016-06-16 12:42:23','2016-06-16 12:42:23'),(16,'0101014',3,'海南分公司',2,NULL,NULL,NULL,NULL,NULL,NULL,NULL,NULL,0,0,'2016-06-16 12:42:23','2016-06-16 12:42:23'),(17,'0101015',3,'黑龙江分公司',2,NULL,NULL,NULL,NULL,NULL,NULL,NULL,NULL,0,0,'2016-06-16 12:42:23','2016-06-16 12:42:23'),(18,'0101016',3,'山西分公司',2,NULL,NULL,NULL,NULL,NULL,NULL,NULL,NULL,0,0,'2016-06-16 12:42:23','2016-06-16 12:42:23'),(19,'0101017',3,'内蒙古分公司',2,NULL,NULL,NULL,NULL,NULL,NULL,NULL,NULL,0,0,'2016-06-16 12:42:23','2016-06-16 12:42:23'),(20,'0101018',3,'河南分公司',2,NULL,NULL,NULL,NULL,NULL,NULL,NULL,NULL,0,0,'2016-06-16 12:42:23','2016-06-16 12:42:23'),(21,'0101019',3,'辽宁分公司',2,NULL,NULL,NULL,NULL,NULL,NULL,NULL,NULL,0,0,'2016-06-16 12:42:23','2016-06-16 12:42:23'),(22,'0101020',3,'广西分公司',2,NULL,NULL,NULL,NULL,NULL,NULL,NULL,NULL,0,0,'2016-06-16 12:42:23','2016-06-16 12:42:23'),(23,'0101021',3,'甘肃分公司',2,NULL,NULL,NULL,NULL,NULL,NULL,NULL,NULL,0,0,'2016-06-16 12:42:23','2016-06-16 12:42:23'),(24,'0101022',3,'陕西分公司',2,NULL,NULL,NULL,NULL,NULL,NULL,NULL,NULL,0,0,'2016-06-16 12:42:23','2016-06-16 12:42:23'),(25,'0101023',3,'贵州分公司',2,NULL,NULL,NULL,NULL,NULL,NULL,NULL,NULL,0,0,'2016-06-16 12:42:23','2016-06-16 12:42:23'),(26,'0101024',3,'湖南分公司',2,NULL,NULL,NULL,NULL,NULL,NULL,NULL,NULL,0,0,'2016-06-16 12:42:23','2016-06-16 12:42:23'),(27,'0101025',3,'青海分公司',2,NULL,NULL,NULL,NULL,NULL,NULL,NULL,NULL,0,0,'2016-06-16 12:42:23','2016-06-16 12:42:23'),(28,'0101026',3,'江西分公司',2,NULL,NULL,NULL,NULL,NULL,NULL,NULL,NULL,0,0,'2016-06-16 12:42:23','2016-06-16 12:42:23'),(29,'0101027',3,'安徽分公司',2,NULL,NULL,NULL,NULL,NULL,NULL,NULL,NULL,0,0,'2016-06-16 12:42:23','2016-06-16 12:42:23'),(30,'0101028',3,'天津分公司',2,NULL,NULL,NULL,NULL,NULL,NULL,NULL,NULL,0,0,'2016-06-16 12:42:23','2016-06-16 12:42:23'),(31,'0101029',3,'宁夏分公司',2,NULL,NULL,NULL,NULL,NULL,NULL,NULL,NULL,0,0,'2016-06-16 12:42:23','2016-06-16 12:42:23'),(32,'0101030',3,'吉林分公司',2,NULL,NULL,NULL,NULL,NULL,NULL,NULL,NULL,0,0,'2016-06-16 12:42:23','2016-06-16 12:42:23'),(33,'0101031',3,'新疆分公司',2,NULL,NULL,NULL,NULL,NULL,NULL,NULL,NULL,0,0,'2016-06-16 12:42:23','2016-06-16 12:42:23'),(34,'0101032',3,'西藏分公司',2,26,'','','西藏管理员','4564@qq.com','12314654987',NULL,NULL,0,0,'2016-06-16 12:42:23','2016-09-21 09:21:04');

/*Table structure for table `department` */

DROP TABLE IF EXISTS `department`;

CREATE TABLE `department` (
  `Id` int(11) NOT NULL AUTO_INCREMENT COMMENT '主键ID',
  `AgencyNumber` varchar(40) DEFAULT NULL COMMENT '机构编号',
  `AgencyLevel` int(11) DEFAULT '0' COMMENT '机构级次',
  `DepartmentName` varchar(500) DEFAULT NULL COMMENT '部门名称',
  `DepId` varchar(100) DEFAULT NULL COMMENT '部门同步uuid',
  `ParentId` varchar(100) DEFAULT NULL COMMENT '上级部门uuid',
  `ParentCode` varchar(100) DEFAULT NULL COMMENT '上级部门机构编码',
  `ParentName` varchar(100) DEFAULT NULL COMMENT '上级部门名称',
  `CompanyId` int(11) DEFAULT '0' COMMENT '公司ID',
  `CompanyType` int(11) DEFAULT '0' COMMENT '机构级次',
  `Manager` varchar(500) DEFAULT NULL COMMENT '负责人',
  `Phone` varchar(50) DEFAULT NULL COMMENT '负责人电话',
  `Remark` varchar(500) DEFAULT NULL COMMENT '备注',
  `State` int(11) DEFAULT '0' COMMENT '状态 -1禁用 0正常',
  `Sort` int(11) DEFAULT '0' COMMENT '排序地段 低到高',
  `CreateTime` datetime DEFAULT NULL COMMENT '创建日期',
  `UpdateTime` datetime DEFAULT NULL COMMENT '更新日期',
  PRIMARY KEY (`Id`)
) ENGINE=InnoDB AUTO_INCREMENT=815 DEFAULT CHARSET=utf8;

/*Data for the table `department` */

insert  into `department`(`Id`,`AgencyNumber`,`AgencyLevel`,`DepartmentName`,`DepId`,`ParentId`,`ParentCode`,`ParentName`,`CompanyId`,`CompanyType`,`Manager`,`Phone`,`Remark`,`State`,`Sort`,`CreateTime`,`UpdateTime`) values (1,'0101001001',4,'公司领导',NULL,NULL,NULL,NULL,3,1,NULL,NULL,NULL,0,0,'2016-06-16 12:42:41','2016-06-16 12:42:41'),(2,'0101001002',4,'公司业务领导',NULL,NULL,NULL,NULL,3,1,NULL,NULL,NULL,0,0,'2016-06-16 12:42:41','2016-06-16 12:42:41'),(3,'0101001003',4,'内容中心',NULL,NULL,NULL,NULL,3,1,NULL,NULL,NULL,0,0,'2016-06-16 12:42:41','2016-06-16 12:42:41'),(4,'0101001003001',5,'总编室',NULL,NULL,NULL,NULL,3,1,NULL,NULL,NULL,0,0,'2016-06-16 12:42:41','2016-06-16 12:42:41'),(5,'0101001003001001',6,'业务管理室',NULL,NULL,NULL,NULL,3,1,NULL,NULL,NULL,0,0,'2016-06-16 12:42:41','2016-06-16 12:42:41'),(6,'0101001003001002',6,'地方频道管理部',NULL,NULL,NULL,NULL,3,1,NULL,NULL,NULL,0,0,'2016-06-16 12:42:41','2016-06-16 12:42:41'),(7,'0101001003001003',6,'港台澳部',NULL,NULL,NULL,NULL,3,1,NULL,NULL,NULL,0,0,'2016-06-16 12:42:41','2016-06-16 12:42:41'),(8,'0101001003001004',6,'评论部',NULL,NULL,NULL,NULL,3,1,NULL,NULL,NULL,0,0,'2016-06-16 12:42:41','2016-06-16 12:42:41'),(9,'0101001003001005',6,'新华访谈工作室',NULL,NULL,NULL,NULL,3,1,NULL,NULL,NULL,0,0,'2016-06-16 12:42:41','2016-06-16 12:42:41'),(10,'0101001003001006',6,'质量监控室',NULL,NULL,NULL,NULL,3,1,NULL,NULL,NULL,0,0,'2016-06-16 12:42:41','2016-06-16 12:42:41'),(11,'0101001003001007',6,'编务组',NULL,NULL,NULL,NULL,3,1,NULL,NULL,NULL,0,0,'2016-06-16 12:42:41','2016-06-16 12:42:41'),(12,'0101001003002',5,'集成发布中心',NULL,NULL,NULL,NULL,3,1,NULL,NULL,NULL,0,0,'2016-06-16 12:42:41','2016-06-16 12:42:41'),(13,'0101001003002001',6,'要闻部',NULL,NULL,NULL,NULL,3,1,NULL,NULL,NULL,0,0,'2016-06-16 12:42:41','2016-06-16 12:42:41'),(14,'0101001003002002',6,'图片室',NULL,NULL,NULL,NULL,3,1,NULL,NULL,NULL,0,0,'2016-06-16 12:42:41','2016-06-16 12:42:41'),(15,'0101001003003',5,'时政部',NULL,NULL,NULL,NULL,3,1,NULL,NULL,NULL,0,0,'2016-06-16 12:42:41','2016-06-16 12:42:41'),(16,'0101001003004',5,'外文部',NULL,NULL,NULL,NULL,3,1,NULL,NULL,NULL,0,0,'2016-06-16 12:42:41','2016-06-16 12:42:41'),(17,'0101001003005',5,'财经部',NULL,NULL,NULL,NULL,3,1,NULL,NULL,NULL,0,0,'2016-06-16 12:42:41','2016-06-16 12:42:41'),(18,'0101001003006',5,'社交网络中心',NULL,NULL,NULL,NULL,3,1,NULL,NULL,NULL,0,0,'2016-06-16 12:42:41','2016-06-16 12:42:41'),(19,'0101001003007',5,'移动媒体部',NULL,NULL,NULL,NULL,3,1,NULL,NULL,NULL,0,0,'2016-06-16 12:42:41','2016-06-16 12:42:41'),(20,'0101001003008',5,'融媒体产品中心',NULL,NULL,NULL,NULL,3,1,NULL,NULL,NULL,0,0,'2016-06-16 12:42:41','2016-06-16 12:42:41'),(21,'0101001003008001',6,'移动媒体产品部',NULL,NULL,NULL,NULL,3,1,NULL,NULL,NULL,0,0,'2016-06-16 12:42:41','2016-06-16 12:42:41'),(22,'0101001003008002',6,'产品创新部',NULL,NULL,NULL,NULL,3,1,NULL,NULL,NULL,0,0,'2016-06-16 12:42:41','2016-06-16 12:42:41'),(23,'0101001003008003',6,'音视频产品部',NULL,NULL,NULL,NULL,3,1,NULL,NULL,NULL,0,0,'2016-06-16 12:42:41','2016-06-16 12:42:41'),(24,'0101001003008004',6,'无人机事业部',NULL,NULL,NULL,NULL,3,1,NULL,NULL,NULL,0,0,'2016-06-16 12:42:41','2016-06-16 12:42:41'),(25,'0101001003009',5,'政府网站编辑部',NULL,NULL,NULL,NULL,3,1,NULL,NULL,NULL,0,0,'2016-06-16 12:42:41','2016-06-16 12:42:41'),(26,'0101001003010',5,'中国网信网编辑部',NULL,NULL,NULL,NULL,3,1,NULL,NULL,NULL,0,0,'2016-06-16 12:42:41','2016-06-16 12:42:41'),(27,'0101001003011',5,'中国文明网编辑部',NULL,NULL,NULL,NULL,3,1,NULL,NULL,NULL,0,0,'2016-06-16 12:42:41','2016-06-16 12:42:41'),(28,'0101001003012',5,'国际部',NULL,NULL,NULL,NULL,3,1,NULL,NULL,NULL,0,0,'2016-06-16 12:42:41','2016-06-16 12:42:41'),(29,'0101001004',4,'经营中心',NULL,NULL,NULL,NULL,3,1,NULL,NULL,NULL,0,0,'2016-06-16 12:42:41','2016-06-16 12:42:41'),(30,'0101001004001',5,'产经中心',NULL,NULL,NULL,NULL,3,1,NULL,NULL,NULL,0,0,'2016-06-16 12:42:41','2016-06-16 12:42:41'),(31,'0101001004001001',6,'产经中心汽车频道',NULL,NULL,NULL,NULL,3,1,NULL,NULL,NULL,0,0,'2016-06-16 12:42:41','2016-06-16 12:42:41'),(32,'0101001004001002',6,'产经中心金融频道',NULL,NULL,NULL,NULL,3,1,NULL,NULL,NULL,0,0,'2016-06-16 12:42:41','2016-06-16 12:42:41'),(33,'0101001004001003',6,'产经中心食品频道',NULL,NULL,NULL,NULL,3,1,NULL,NULL,NULL,0,0,'2016-06-16 12:42:41','2016-06-16 12:42:41'),(34,'0101001004001004',6,'产经中心科技频道',NULL,NULL,NULL,NULL,3,1,NULL,NULL,NULL,0,0,'2016-06-16 12:42:41','2016-06-16 12:42:41'),(35,'0101001004001005',6,'产经中心健康频道',NULL,NULL,NULL,NULL,3,1,NULL,NULL,NULL,0,0,'2016-06-16 12:42:41','2016-06-16 12:42:41'),(36,'0101001004001006',6,'产经中心能源频道',NULL,NULL,NULL,NULL,3,1,NULL,NULL,NULL,0,0,'2016-06-16 12:42:41','2016-06-16 12:42:41'),(37,'0101001004001007',6,'产经中心旅游频道',NULL,NULL,NULL,NULL,3,1,NULL,NULL,NULL,0,0,'2016-06-16 12:42:41','2016-06-16 12:42:41'),(38,'0101001004001008',6,'产经中心时尚频道',NULL,NULL,NULL,NULL,3,1,NULL,NULL,NULL,0,0,'2016-06-16 12:42:41','2016-06-16 12:42:41'),(39,'0101001004001009',6,'产经中心娱乐频道',NULL,NULL,NULL,NULL,3,1,NULL,NULL,NULL,0,0,'2016-06-16 12:42:41','2016-06-16 12:42:41'),(40,'0101001004001010',6,'产经中心书画频道',NULL,NULL,NULL,NULL,3,1,NULL,NULL,NULL,0,0,'2016-06-16 12:42:41','2016-06-16 12:42:41'),(41,'0101001004001011',6,'产经中心体育频道',NULL,NULL,NULL,NULL,3,1,NULL,NULL,NULL,0,0,'2016-06-16 12:42:41','2016-06-16 12:42:41'),(42,'0101001004001012',6,'产经中心信息服务组',NULL,NULL,NULL,NULL,3,1,NULL,NULL,NULL,0,0,'2016-06-16 12:42:41','2016-06-16 12:42:41'),(43,'0101001004001013',6,'产经中心汽车事业部',NULL,NULL,NULL,NULL,3,1,NULL,NULL,NULL,0,0,'2016-06-16 12:42:41','2016-06-16 12:42:41'),(44,'0101001004001014',6,'产经中心金融事业部',NULL,NULL,NULL,NULL,3,1,NULL,NULL,NULL,0,0,'2016-06-16 12:42:41','2016-06-16 12:42:41'),(45,'0101001004001015',6,'产经中心快消事业部',NULL,NULL,NULL,NULL,3,1,NULL,NULL,NULL,0,0,'2016-06-16 12:42:41','2016-06-16 12:42:41'),(46,'0101001004001016',6,'产经中心科技事业部',NULL,NULL,NULL,NULL,3,1,NULL,NULL,NULL,0,0,'2016-06-16 12:42:41','2016-06-16 12:42:41'),(47,'0101001004001017',6,'产经中心健康事业部',NULL,NULL,NULL,NULL,3,1,NULL,NULL,NULL,0,0,'2016-06-16 12:42:41','2016-06-16 12:42:41'),(48,'0101001004001018',6,'产经中心能源事业部',NULL,NULL,NULL,NULL,3,1,NULL,NULL,NULL,0,0,'2016-06-16 12:42:41','2016-06-16 12:42:41'),(49,'0101001004001019',6,'产经中心旅游事业部',NULL,NULL,NULL,NULL,3,1,NULL,NULL,NULL,0,0,'2016-06-16 12:42:41','2016-06-16 12:42:41'),(50,'0101001004001020',6,'产经中心时尚事业部',NULL,NULL,NULL,NULL,3,1,NULL,NULL,NULL,0,0,'2016-06-16 12:42:41','2016-06-16 12:42:41'),(51,'0101001004001021',6,'产经中心渠道事业部',NULL,NULL,NULL,NULL,3,1,NULL,NULL,NULL,0,0,'2016-06-16 12:42:41','2016-06-16 12:42:41'),(52,'0101001004001022',6,'产经中心综合事业部',NULL,NULL,NULL,NULL,3,1,NULL,NULL,NULL,0,0,'2016-06-16 12:42:41','2016-06-16 12:42:41'),(53,'0101001004002',5,'移动互联网中心',NULL,NULL,NULL,NULL,3,1,NULL,NULL,NULL,0,0,'2016-06-16 12:42:41','2016-06-16 12:42:41'),(54,'0101001004003',5,'教育事业中心',NULL,NULL,NULL,NULL,3,1,NULL,NULL,NULL,0,0,'2016-06-16 12:42:41','2016-06-16 12:42:41'),(55,'0101001004003001',6,'在线教育分公司',NULL,NULL,NULL,NULL,3,1,NULL,NULL,NULL,0,0,'2016-06-16 12:42:41','2016-06-16 12:42:41'),(56,'0101001004003002',6,'科普信息化事业部',NULL,NULL,NULL,NULL,3,1,NULL,NULL,NULL,0,0,'2016-06-16 12:42:41','2016-06-16 12:42:41'),(57,'0101001004004',5,'网络舆情监测分析中心',NULL,NULL,NULL,NULL,3,1,NULL,NULL,NULL,0,0,'2016-06-16 12:42:41','2016-06-16 12:42:41'),(58,'0101001004005',5,'数字影视制作中心',NULL,NULL,NULL,NULL,3,1,NULL,NULL,NULL,0,0,'2016-06-16 12:42:41','2016-06-16 12:42:41'),(59,'0101001004006',5,'大数据事业部',NULL,NULL,NULL,NULL,3,1,NULL,NULL,NULL,0,0,'2016-06-16 12:42:41','2016-06-16 12:42:41'),(60,'0101001005',4,'技术中心',NULL,NULL,NULL,NULL,3,1,NULL,NULL,NULL,0,0,'2016-06-16 12:42:41','2016-06-16 12:42:41'),(61,'0101001005001',5,'技术部',NULL,NULL,NULL,NULL,3,1,NULL,NULL,NULL,0,0,'2016-06-16 12:42:41','2016-06-16 12:42:41'),(62,'0101001005002',5,'研发部',NULL,NULL,NULL,NULL,3,1,NULL,NULL,NULL,0,0,'2016-06-16 12:42:41','2016-06-16 12:42:41'),(63,'0101001006',4,'管理中心',NULL,NULL,NULL,NULL,3,1,NULL,NULL,NULL,0,0,'2016-06-16 12:42:41','2016-06-16 12:42:41'),(64,'0101001006001',5,'综合部',NULL,NULL,NULL,NULL,3,1,NULL,NULL,NULL,0,0,'2016-06-16 12:42:41','2016-06-16 12:42:41'),(65,'0101001006002',5,'财务部',NULL,NULL,NULL,NULL,3,1,NULL,NULL,NULL,0,0,'2016-06-16 12:42:41','2016-06-16 12:42:41'),(66,'0101001006003',5,'人力资源部',NULL,NULL,NULL,NULL,3,1,NULL,NULL,NULL,0,0,'2016-06-16 12:42:41','2016-06-16 12:42:41'),(67,'0101001006004',5,'公益文化部',NULL,NULL,NULL,NULL,3,1,NULL,NULL,NULL,0,0,'2016-06-16 12:42:41','2016-06-16 12:42:41'),(68,'0101001006005',5,'研究室',NULL,NULL,NULL,NULL,3,1,NULL,NULL,NULL,0,0,'2016-06-16 12:42:41','2016-06-16 12:42:41'),(69,'0101001006006',5,'法律事务部',NULL,NULL,NULL,NULL,3,1,NULL,NULL,NULL,0,0,'2016-06-16 12:42:41','2016-06-16 12:42:41'),(70,'0101001006007',5,'党务纪检监察室',NULL,NULL,NULL,NULL,3,1,NULL,NULL,NULL,0,0,'2016-06-16 12:42:41','2016-06-16 12:42:41'),(71,'0101001006008',5,'内控审计部',NULL,NULL,NULL,NULL,3,1,NULL,NULL,NULL,0,0,'2016-06-16 12:42:41','2016-06-16 12:42:41'),(72,'0101001006009',5,'董事会办公室',NULL,NULL,NULL,NULL,3,1,NULL,NULL,NULL,0,0,'2016-06-16 12:42:41','2016-06-16 12:42:41'),(73,'0101001006010',5,'融媒体未来研究院',NULL,NULL,NULL,NULL,3,1,NULL,NULL,NULL,0,0,'2016-06-16 12:42:41','2016-06-16 12:42:41'),(74,'0101001006011',5,'经营管理办公室（投资办）',NULL,NULL,NULL,NULL,3,1,NULL,NULL,NULL,0,0,'2016-06-16 12:42:41','2016-06-16 12:42:41'),(75,'0101002001',4,'分公司领导',NULL,NULL,NULL,NULL,4,2,NULL,NULL,NULL,0,0,'2016-06-16 12:42:41','2016-06-16 12:42:41'),(76,'0101002002',4,'内容中心',NULL,NULL,NULL,NULL,4,2,NULL,NULL,NULL,0,0,'2016-06-16 12:42:41','2016-06-16 12:42:41'),(77,'0101002002001',5,'编辑部',NULL,NULL,NULL,NULL,4,2,NULL,NULL,NULL,0,0,'2016-06-16 12:42:41','2016-06-16 12:42:41'),(78,'0101002003',4,'经营中心',NULL,NULL,NULL,NULL,4,2,NULL,NULL,NULL,0,0,'2016-06-16 12:42:41','2016-06-16 12:42:41'),(79,'0101002003001',5,'汽车事业部',NULL,NULL,NULL,NULL,4,2,NULL,NULL,NULL,0,0,'2016-06-16 12:42:41','2016-06-16 12:42:41'),(80,'0101002003002',5,'舆情事业部',NULL,NULL,NULL,NULL,4,2,NULL,NULL,NULL,0,0,'2016-06-16 12:42:41','2016-06-16 12:42:41'),(81,'0101002003003',5,'区域事业部',NULL,NULL,NULL,NULL,4,2,NULL,NULL,NULL,0,0,'2016-06-16 12:42:41','2016-06-16 12:42:41'),(82,'0101002003004',5,'财经事业部',NULL,NULL,NULL,NULL,4,2,NULL,NULL,NULL,0,0,'2016-06-16 12:42:41','2016-06-16 12:42:41'),(83,'0101002003005',5,'专题事业部',NULL,NULL,NULL,NULL,4,2,NULL,NULL,NULL,0,0,'2016-06-16 12:42:41','2016-06-16 12:42:41'),(84,'0101002003006',5,'产经事业部',NULL,NULL,NULL,NULL,4,2,NULL,NULL,NULL,0,0,'2016-06-16 12:42:41','2016-06-16 12:42:41'),(85,'0101002003007',5,'政务事业部',NULL,NULL,NULL,NULL,4,2,NULL,NULL,NULL,0,0,'2016-06-16 12:42:41','2016-06-16 12:42:41'),(86,'0101002003008',5,'房产事业部',NULL,NULL,NULL,NULL,4,2,NULL,NULL,NULL,0,0,'2016-06-16 12:42:41','2016-06-16 12:42:41'),(87,'0101002004',4,'管理中心',NULL,NULL,NULL,NULL,4,2,NULL,NULL,NULL,0,0,'2016-06-16 12:42:41','2016-06-16 12:42:41'),(88,'0101002004001',5,'综合部',NULL,NULL,NULL,NULL,4,2,NULL,NULL,NULL,0,0,'2016-06-16 12:42:41','2016-06-16 12:42:41'),(89,'0101003001',4,'分公司领导',NULL,NULL,NULL,NULL,5,2,NULL,NULL,NULL,0,0,'2016-06-16 12:42:41','2016-06-16 12:42:41'),(90,'0101003002',4,'内容中心',NULL,NULL,NULL,NULL,5,2,NULL,NULL,NULL,0,0,'2016-06-16 12:42:41','2016-06-16 12:42:41'),(91,'0101003002001',5,'编辑部',NULL,NULL,NULL,NULL,5,2,NULL,NULL,NULL,0,0,'2016-06-16 12:42:41','2016-06-16 12:42:41'),(92,'0101003002002',5,'移动媒体部',NULL,NULL,NULL,NULL,5,2,NULL,NULL,NULL,0,0,'2016-06-16 12:42:41','2016-06-16 12:42:41'),(93,'0101003003',4,'经营中心',NULL,NULL,NULL,NULL,5,2,NULL,NULL,NULL,0,0,'2016-06-16 12:42:41','2016-06-16 12:42:41'),(94,'0101003003001',5,'营销部',NULL,NULL,NULL,NULL,5,2,NULL,NULL,NULL,0,0,'2016-06-16 12:42:41','2016-06-16 12:42:41'),(95,'0101003003002',5,'策划部',NULL,NULL,NULL,NULL,5,2,NULL,NULL,NULL,0,0,'2016-06-16 12:42:41','2016-06-16 12:42:41'),(96,'0101003003003',5,'技术服务部',NULL,NULL,NULL,NULL,5,2,NULL,NULL,NULL,0,0,'2016-06-16 12:42:41','2016-06-16 12:42:41'),(97,'0101003003004',5,'客户服务部',NULL,NULL,NULL,NULL,5,2,NULL,NULL,NULL,0,0,'2016-06-16 12:42:41','2016-06-16 12:42:41'),(98,'0101003004',4,'管理中心',NULL,NULL,NULL,NULL,5,2,NULL,NULL,NULL,0,0,'2016-06-16 12:42:41','2016-06-16 12:42:41'),(99,'0101003004001',5,'综合管理部',NULL,NULL,NULL,NULL,5,2,NULL,NULL,NULL,0,0,'2016-06-16 12:42:41','2016-06-16 12:42:41'),(100,'0101003004002',5,'财务部',NULL,NULL,NULL,NULL,5,2,NULL,NULL,NULL,0,0,'2016-06-16 12:42:41','2016-06-16 12:42:41'),(101,'0101003004003',5,'人力资源部',NULL,NULL,NULL,NULL,5,2,NULL,NULL,NULL,0,0,'2016-06-16 12:42:41','2016-06-16 12:42:41'),(102,'0101004001',4,'分公司领导',NULL,NULL,NULL,NULL,6,2,NULL,NULL,NULL,0,0,'2016-06-16 12:42:41','2016-06-16 12:42:41'),(103,'0101004002',4,'内容中心',NULL,NULL,NULL,NULL,6,2,NULL,NULL,NULL,0,0,'2016-06-16 12:42:41','2016-06-16 12:42:41'),(104,'0101004002001',5,'产品部',NULL,NULL,NULL,NULL,6,2,NULL,NULL,NULL,0,0,'2016-06-16 12:42:41','2016-06-16 12:42:41'),(105,'0101004002002',5,'新闻部',NULL,NULL,NULL,NULL,6,2,NULL,NULL,NULL,0,0,'2016-06-16 12:42:41','2016-06-16 12:42:41'),(106,'0101004003',4,'经营中心',NULL,NULL,NULL,NULL,6,2,NULL,NULL,NULL,0,0,'2016-06-16 12:42:41','2016-06-16 12:42:41'),(107,'0101004003001',5,'经营部',NULL,NULL,NULL,NULL,6,2,NULL,NULL,NULL,0,0,'2016-06-16 12:42:41','2016-06-16 12:42:41'),(108,'0101004004',4,'管理中心',NULL,NULL,NULL,NULL,6,2,NULL,NULL,NULL,0,0,'2016-06-16 12:42:41','2016-06-16 12:42:41'),(109,'0101004004001',5,'管理综合部',NULL,NULL,NULL,NULL,6,2,NULL,NULL,NULL,0,0,'2016-06-16 12:42:41','2016-06-16 12:42:41'),(110,'0101005001',4,'分公司领导',NULL,NULL,NULL,NULL,7,2,NULL,NULL,NULL,0,0,'2016-06-16 12:42:41','2016-06-16 12:42:41'),(111,'0101005002',4,'内容中心',NULL,NULL,NULL,NULL,7,2,NULL,NULL,NULL,0,0,'2016-06-16 12:42:41','2016-06-16 12:42:41'),(112,'0101005002001',5,'总编办',NULL,NULL,NULL,NULL,7,2,NULL,NULL,NULL,0,0,'2016-06-16 12:42:41','2016-06-16 12:42:41'),(113,'0101005002002',5,'原创策划部',NULL,NULL,NULL,NULL,7,2,NULL,NULL,NULL,0,0,'2016-06-16 12:42:41','2016-06-16 12:42:41'),(114,'0101005002003',5,'新媒体部',NULL,NULL,NULL,NULL,7,2,NULL,NULL,NULL,0,0,'2016-06-16 12:42:41','2016-06-16 12:42:41'),(115,'0101005002004',5,'技术部',NULL,NULL,NULL,NULL,7,2,NULL,NULL,NULL,0,0,'2016-06-16 12:42:41','2016-06-16 12:42:41'),(116,'0101005003',4,'经营中心',NULL,NULL,NULL,NULL,7,2,NULL,NULL,NULL,0,0,'2016-06-16 12:42:41','2016-06-16 12:42:41'),(117,'0101005003001',5,'运营部',NULL,NULL,NULL,NULL,7,2,NULL,NULL,NULL,0,0,'2016-06-16 12:42:41','2016-06-16 12:42:41'),(118,'0101005003002',5,'产经中心',NULL,NULL,NULL,NULL,7,2,NULL,NULL,NULL,0,0,'2016-06-16 12:42:41','2016-06-16 12:42:41'),(119,'0101005003003',5,'健康事业部',NULL,NULL,NULL,NULL,7,2,NULL,NULL,NULL,0,0,'2016-06-16 12:42:41','2016-06-16 12:42:41'),(120,'0101005003004',5,'房产事业部',NULL,NULL,NULL,NULL,7,2,NULL,NULL,NULL,0,0,'2016-06-16 12:42:41','2016-06-16 12:42:41'),(121,'0101005003005',5,'政务事业部',NULL,NULL,NULL,NULL,7,2,NULL,NULL,NULL,0,0,'2016-06-16 12:42:41','2016-06-16 12:42:41'),(122,'0101005003006',5,'企划部',NULL,NULL,NULL,NULL,7,2,NULL,NULL,NULL,0,0,'2016-06-16 12:42:41','2016-06-16 12:42:41'),(123,'0101005003007',5,'深圳区域事业部',NULL,NULL,NULL,NULL,7,2,NULL,NULL,NULL,0,0,'2016-06-16 12:42:41','2016-06-16 12:42:41'),(124,'0101005003008',5,'粤东区域事业部',NULL,NULL,NULL,NULL,7,2,NULL,NULL,NULL,0,0,'2016-06-16 12:42:41','2016-06-16 12:42:41'),(125,'0101005004',4,'管理中心',NULL,NULL,NULL,NULL,7,2,NULL,NULL,NULL,0,0,'2016-06-16 12:42:41','2016-06-16 12:42:41'),(126,'0101005004001',5,'综合管理部',NULL,NULL,NULL,NULL,7,2,NULL,NULL,NULL,0,0,'2016-06-16 12:42:41','2016-06-16 12:42:41'),(127,'0101005004002',5,'财务部',NULL,NULL,NULL,NULL,7,2,NULL,NULL,NULL,0,0,'2016-06-16 12:42:41','2016-06-16 12:42:41'),(128,'0101005004003',5,'人力资源部',NULL,NULL,NULL,NULL,7,2,NULL,NULL,NULL,0,0,'2016-06-16 12:42:41','2016-06-16 12:42:41'),(129,'0101005004004',5,'法律事务部',NULL,NULL,NULL,NULL,7,2,NULL,NULL,NULL,0,0,'2016-06-16 12:42:41','2016-06-16 12:42:41'),(130,'0101006001',4,'分公司领导',NULL,NULL,NULL,NULL,8,2,NULL,NULL,NULL,0,0,'2016-06-16 12:42:41','2016-06-16 12:42:41'),(131,'0101006002',4,'内容中心',NULL,NULL,NULL,NULL,8,2,NULL,NULL,NULL,0,0,'2016-06-16 12:42:41','2016-06-16 12:42:41'),(132,'0101006002001',5,'编辑部',NULL,NULL,NULL,NULL,8,2,NULL,NULL,NULL,0,0,'2016-06-16 12:42:41','2016-06-16 12:42:41'),(133,'0101006002002',5,'通联部',NULL,NULL,NULL,NULL,8,2,NULL,NULL,NULL,0,0,'2016-06-16 12:42:41','2016-06-16 12:42:41'),(134,'0101006002003',5,'移动编辑部',NULL,NULL,NULL,NULL,8,2,NULL,NULL,NULL,0,0,'2016-06-16 12:42:41','2016-06-16 12:42:41'),(135,'0101006003',4,'经营中心',NULL,NULL,NULL,NULL,8,2,NULL,NULL,NULL,0,0,'2016-06-16 12:42:41','2016-06-16 12:42:41'),(136,'0101006003001',5,'事业拓展部',NULL,NULL,NULL,NULL,8,2,NULL,NULL,NULL,0,0,'2016-06-16 12:42:41','2016-06-16 12:42:41'),(137,'0101006003002',5,'财经中心',NULL,NULL,NULL,NULL,8,2,NULL,NULL,NULL,0,0,'2016-06-16 12:42:41','2016-06-16 12:42:41'),(138,'0101006003003',5,'产经中心',NULL,NULL,NULL,NULL,8,2,NULL,NULL,NULL,0,0,'2016-06-16 12:42:41','2016-06-16 12:42:41'),(139,'0101006003004',5,'舆情中心',NULL,NULL,NULL,NULL,8,2,NULL,NULL,NULL,0,0,'2016-06-16 12:42:41','2016-06-16 12:42:41'),(140,'0101006003005',5,'新媒体中心',NULL,NULL,NULL,NULL,8,2,NULL,NULL,NULL,0,0,'2016-06-16 12:42:41','2016-06-16 12:42:41'),(141,'0101006004',4,'管理中心',NULL,NULL,NULL,NULL,8,2,NULL,NULL,NULL,0,0,'2016-06-16 12:42:41','2016-06-16 12:42:41'),(142,'0101006004001',5,'综合部',NULL,NULL,NULL,NULL,8,2,NULL,NULL,NULL,0,0,'2016-06-16 12:42:41','2016-06-16 12:42:41'),(143,'0101007001',4,'分公司领导',NULL,NULL,NULL,NULL,9,2,NULL,NULL,NULL,0,0,'2016-06-16 12:42:41','2016-06-16 12:42:41'),(144,'0101007002',4,'内容中心',NULL,NULL,NULL,NULL,9,2,NULL,NULL,NULL,0,0,'2016-06-16 12:42:41','2016-06-16 12:42:41'),(145,'0101007002001',5,'总网审核基地',NULL,NULL,NULL,NULL,9,2,NULL,NULL,NULL,0,0,'2016-06-16 12:42:41','2016-06-16 12:42:41'),(146,'0101007002002',5,'采编策划中心',NULL,NULL,NULL,NULL,9,2,NULL,NULL,NULL,0,0,'2016-06-16 12:42:41','2016-06-16 12:42:41'),(147,'0101007002003',5,'技术运维与数据开发中心',NULL,NULL,NULL,NULL,9,2,NULL,NULL,NULL,0,0,'2016-06-16 12:42:41','2016-06-16 12:42:41'),(148,'0101007003',4,'经营中心',NULL,NULL,NULL,NULL,9,2,NULL,NULL,NULL,0,0,'2016-06-16 12:42:41','2016-06-16 12:42:41'),(149,'0101007003001',5,'互联网产经中心',NULL,NULL,NULL,NULL,9,2,NULL,NULL,NULL,0,0,'2016-06-16 12:42:41','2016-06-16 12:42:41'),(150,'0101007003002',5,'舆情资讯与政务新媒体中心',NULL,NULL,NULL,NULL,9,2,NULL,NULL,NULL,0,0,'2016-06-16 12:42:41','2016-06-16 12:42:41'),(151,'0101007003003',5,'文化旅游与体育产业中心',NULL,NULL,NULL,NULL,9,2,NULL,NULL,NULL,0,0,'2016-06-16 12:42:41','2016-06-16 12:42:41'),(152,'0101007003004',5,'依法治省网运维中心',NULL,NULL,NULL,NULL,9,2,NULL,NULL,NULL,0,0,'2016-06-16 12:42:41','2016-06-16 12:42:41'),(153,'0101007003005',5,'融媒体产品中心',NULL,NULL,NULL,NULL,9,2,NULL,NULL,NULL,0,0,'2016-06-16 12:42:41','2016-06-16 12:42:41'),(154,'0101007004',4,'管理中心',NULL,NULL,NULL,NULL,9,2,NULL,NULL,NULL,0,0,'2016-06-16 12:42:41','2016-06-16 12:42:41'),(155,'0101007004001',5,'综合事务中心',NULL,NULL,NULL,NULL,9,2,NULL,NULL,NULL,0,0,'2016-06-16 12:42:41','2016-06-16 12:42:41'),(156,'0101008001',4,'分公司领导',NULL,NULL,NULL,NULL,10,2,NULL,NULL,NULL,0,0,'2016-06-16 12:42:41','2016-06-16 12:42:41'),(157,'0101008002',4,'内容中心',NULL,NULL,NULL,NULL,10,2,NULL,NULL,NULL,0,0,'2016-06-16 12:42:41','2016-06-16 12:42:41'),(158,'0101008002001',5,'编辑部',NULL,NULL,NULL,NULL,10,2,NULL,NULL,NULL,0,0,'2016-06-16 12:42:41','2016-06-16 12:42:41'),(159,'0101008002002',5,'编辑中心',NULL,NULL,NULL,NULL,10,2,NULL,NULL,NULL,0,0,'2016-06-16 12:42:41','2016-06-16 12:42:41'),(160,'0101008002003',5,'采访中心',NULL,NULL,NULL,NULL,10,2,NULL,NULL,NULL,0,0,'2016-06-16 12:42:41','2016-06-16 12:42:41'),(161,'0101008002004',5,'新媒体中心',NULL,NULL,NULL,NULL,10,2,NULL,NULL,NULL,0,0,'2016-06-16 12:42:41','2016-06-16 12:42:41'),(162,'0101008003',4,'经营中心',NULL,NULL,NULL,NULL,10,2,NULL,NULL,NULL,0,0,'2016-06-16 12:42:41','2016-06-16 12:42:41'),(163,'0101008003001',5,'活动部',NULL,NULL,NULL,NULL,10,2,NULL,NULL,NULL,0,0,'2016-06-16 12:42:41','2016-06-16 12:42:41'),(164,'0101008003002',5,'经营部',NULL,NULL,NULL,NULL,10,2,NULL,NULL,NULL,0,0,'2016-06-16 12:42:41','2016-06-16 12:42:41'),(165,'0101008004',4,'管理中心',NULL,NULL,NULL,NULL,10,2,NULL,NULL,NULL,0,0,'2016-06-16 12:42:41','2016-06-16 12:42:41'),(166,'0101008004001',5,'分公司业务领导',NULL,NULL,NULL,NULL,10,2,NULL,NULL,NULL,0,0,'2016-06-16 12:42:41','2016-06-16 12:42:41'),(167,'0101008004002',5,'技术部',NULL,NULL,NULL,NULL,10,2,NULL,NULL,NULL,0,0,'2016-06-16 12:42:41','2016-06-16 12:42:41'),(168,'0101008004003',5,'行政办公室',NULL,NULL,NULL,NULL,10,2,NULL,NULL,NULL,0,0,'2016-06-16 12:42:41','2016-06-16 12:42:41'),(169,'0101009001',4,'分公司领导',NULL,NULL,NULL,NULL,11,2,NULL,NULL,NULL,0,0,'2016-06-16 12:42:41','2016-06-16 12:42:41'),(170,'0101009002',4,'内容中心',NULL,NULL,NULL,NULL,11,2,NULL,NULL,NULL,0,0,'2016-06-16 12:42:41','2016-06-16 12:42:41'),(171,'0101009002001',5,'编辑部',NULL,NULL,NULL,NULL,11,2,NULL,NULL,NULL,0,0,'2016-06-16 12:42:41','2016-06-16 12:42:41'),(172,'0101009002002',5,'技术部',NULL,NULL,NULL,NULL,11,2,NULL,NULL,NULL,0,0,'2016-06-16 12:42:41','2016-06-16 12:42:41'),(173,'0101009002003',5,'融合报道部',NULL,NULL,NULL,NULL,11,2,NULL,NULL,NULL,0,0,'2016-06-16 12:42:41','2016-06-16 12:42:41'),(174,'0101009003',4,'经营中心',NULL,NULL,NULL,NULL,11,2,NULL,NULL,NULL,0,0,'2016-06-16 12:42:41','2016-06-16 12:42:41'),(175,'0101009003001',5,'财经中心',NULL,NULL,NULL,NULL,11,2,NULL,NULL,NULL,0,0,'2016-06-16 12:42:41','2016-06-16 12:42:41'),(176,'0101009003002',5,'无线中心',NULL,NULL,NULL,NULL,11,2,NULL,NULL,NULL,0,0,'2016-06-16 12:42:41','2016-06-16 12:42:41'),(177,'0101009003003',5,'数据中心',NULL,NULL,NULL,NULL,11,2,NULL,NULL,NULL,0,0,'2016-06-16 12:42:41','2016-06-16 12:42:41'),(178,'0101009003004',5,'青岛事业部',NULL,NULL,NULL,NULL,11,2,NULL,NULL,NULL,0,0,'2016-06-16 12:42:41','2016-06-16 12:42:41'),(179,'0101009004',4,'管理中心',NULL,NULL,NULL,NULL,11,2,NULL,NULL,NULL,0,0,'2016-06-16 12:42:41','2016-06-16 12:42:41'),(180,'0101009004001',5,'综合管理部',NULL,NULL,NULL,NULL,11,2,NULL,NULL,NULL,0,0,'2016-06-16 12:42:41','2016-06-16 12:42:41'),(181,'0101010001',4,'分公司领导',NULL,NULL,NULL,NULL,12,2,NULL,NULL,NULL,0,0,'2016-06-16 12:42:41','2016-06-16 12:42:41'),(182,'0101010002',4,'内容中心',NULL,NULL,NULL,NULL,12,2,NULL,NULL,NULL,0,0,'2016-06-16 12:42:41','2016-06-16 12:42:41'),(183,'0101010002001',5,'内容中心管理部',NULL,NULL,NULL,NULL,12,2,NULL,NULL,NULL,0,0,'2016-06-16 12:42:41','2016-06-16 12:42:41'),(184,'0101010002002',5,'政文部',NULL,NULL,NULL,NULL,12,2,NULL,NULL,NULL,0,0,'2016-06-16 12:42:41','2016-06-16 12:42:41'),(185,'0101010002003',5,'互动部',NULL,NULL,NULL,NULL,12,2,NULL,NULL,NULL,0,0,'2016-06-16 12:42:41','2016-06-16 12:42:41'),(186,'0101010002004',5,'财经部',NULL,NULL,NULL,NULL,12,2,NULL,NULL,NULL,0,0,'2016-06-16 12:42:41','2016-06-16 12:42:41'),(187,'0101010002005',5,'航拍部',NULL,NULL,NULL,NULL,12,2,NULL,NULL,NULL,0,0,'2016-06-16 12:42:41','2016-06-16 12:42:41'),(188,'0101010002006',5,'技术部',NULL,NULL,NULL,NULL,12,2,NULL,NULL,NULL,0,0,'2016-06-16 12:42:41','2016-06-16 12:42:41'),(189,'0101010003',4,'经营中心',NULL,NULL,NULL,NULL,12,2,NULL,NULL,NULL,0,0,'2016-06-16 12:42:41','2016-06-16 12:42:41'),(190,'0101010003001',5,'经营中心管理部',NULL,NULL,NULL,NULL,12,2,NULL,NULL,NULL,0,0,'2016-06-16 12:42:41','2016-06-16 12:42:41'),(191,'0101010003002',5,'第一事业部',NULL,NULL,NULL,NULL,12,2,NULL,NULL,NULL,0,0,'2016-06-16 12:42:41','2016-06-16 12:42:41'),(192,'0101010003003',5,'第二事业部',NULL,NULL,NULL,NULL,12,2,NULL,NULL,NULL,0,0,'2016-06-16 12:42:41','2016-06-16 12:42:41'),(193,'0101010003004',5,'第三事业部',NULL,NULL,NULL,NULL,12,2,NULL,NULL,NULL,0,0,'2016-06-16 12:42:41','2016-06-16 12:42:41'),(194,'0101010003005',5,'房产事业部',NULL,NULL,NULL,NULL,12,2,NULL,NULL,NULL,0,0,'2016-06-16 12:42:41','2016-06-16 12:42:41'),(195,'0101010003006',5,'产经新闻部',NULL,NULL,NULL,NULL,12,2,NULL,NULL,NULL,0,0,'2016-06-16 12:42:41','2016-06-16 12:42:41'),(196,'0101010004',4,'管理中心',NULL,NULL,NULL,NULL,12,2,NULL,NULL,NULL,0,0,'2016-06-16 12:42:41','2016-06-16 12:42:41'),(197,'0101010004001',5,'管理部',NULL,NULL,NULL,NULL,12,2,NULL,NULL,NULL,0,0,'2016-06-16 12:42:41','2016-06-16 12:42:41'),(198,'0101010004002',5,'行政部',NULL,NULL,NULL,NULL,12,2,NULL,NULL,NULL,0,0,'2016-06-16 12:42:41','2016-06-16 12:42:41'),(199,'0101010004003',5,'人力资源部',NULL,NULL,NULL,NULL,12,2,NULL,NULL,NULL,0,0,'2016-06-16 12:42:41','2016-06-16 12:42:41'),(200,'0101010004004',5,'财务部',NULL,NULL,NULL,NULL,12,2,NULL,NULL,NULL,0,0,'2016-06-16 12:42:41','2016-06-16 12:42:41'),(201,'0101011001',4,'分公司领导',NULL,NULL,NULL,NULL,13,2,NULL,NULL,NULL,0,0,'2016-06-16 12:42:41','2016-06-16 12:42:41'),(202,'0101011002',4,'内容中心',NULL,NULL,NULL,NULL,13,2,NULL,NULL,NULL,0,0,'2016-06-16 12:42:41','2016-06-16 12:42:41'),(203,'0101011002001',5,'编辑部',NULL,NULL,NULL,NULL,13,2,NULL,NULL,NULL,0,0,'2016-06-16 12:42:41','2016-06-16 12:42:41'),(204,'0101011002002',5,'采访部',NULL,NULL,NULL,NULL,13,2,NULL,NULL,NULL,0,0,'2016-06-16 12:42:41','2016-06-16 12:42:41'),(205,'0101011003',4,'经营中心',NULL,NULL,NULL,NULL,13,2,NULL,NULL,NULL,0,0,'2016-06-16 12:42:41','2016-06-16 12:42:41'),(206,'0101011003001',5,'战略合作部',NULL,NULL,NULL,NULL,13,2,NULL,NULL,NULL,0,0,'2016-06-16 12:42:41','2016-06-16 12:42:41'),(207,'0101011003002',5,'招投标部',NULL,NULL,NULL,NULL,13,2,NULL,NULL,NULL,0,0,'2016-06-16 12:42:41','2016-06-16 12:42:41'),(208,'0101011003003',5,'地方部',NULL,NULL,NULL,NULL,13,2,NULL,NULL,NULL,0,0,'2016-06-16 12:42:41','2016-06-16 12:42:41'),(209,'0101011003004',5,'产经部',NULL,NULL,NULL,NULL,13,2,NULL,NULL,NULL,0,0,'2016-06-16 12:42:41','2016-06-16 12:42:41'),(210,'0101011004',4,'管理中心',NULL,NULL,NULL,NULL,13,2,NULL,NULL,NULL,0,0,'2016-06-16 12:42:41','2016-06-16 12:42:41'),(211,'0101011004001',5,'办公室',NULL,NULL,NULL,NULL,13,2,NULL,NULL,NULL,0,0,'2016-06-16 12:42:41','2016-06-16 12:42:41'),(212,'0101012001',4,'分公司领导',NULL,NULL,NULL,NULL,14,2,NULL,NULL,NULL,0,0,'2016-06-16 12:42:41','2016-06-16 12:42:41'),(213,'0101012002',4,'内容中心',NULL,NULL,NULL,NULL,14,2,NULL,NULL,NULL,0,0,'2016-06-16 12:42:41','2016-06-16 12:42:41'),(214,'0101012002001',5,'编辑部',NULL,NULL,NULL,NULL,14,2,NULL,NULL,NULL,0,0,'2016-06-16 12:42:41','2016-06-16 12:42:41'),(215,'0101012002002',5,'新闻部',NULL,NULL,NULL,NULL,14,2,NULL,NULL,NULL,0,0,'2016-06-16 12:42:41','2016-06-16 12:42:41'),(216,'0101012002003',5,'用户服务部',NULL,NULL,NULL,NULL,14,2,NULL,NULL,NULL,0,0,'2016-06-16 12:42:41','2016-06-16 12:42:41'),(217,'0101012002004',5,'丽江事业部',NULL,NULL,NULL,NULL,14,2,NULL,NULL,NULL,0,0,'2016-06-16 12:42:41','2016-06-16 12:42:41'),(218,'0101012002005',5,'技术部',NULL,NULL,NULL,NULL,14,2,NULL,NULL,NULL,0,0,'2016-06-16 12:42:41','2016-06-16 12:42:41'),(219,'0101012003',4,'经营中心',NULL,NULL,NULL,NULL,14,2,NULL,NULL,NULL,0,0,'2016-06-16 12:42:41','2016-06-16 12:42:41'),(220,'0101012003001',5,'大型活动部',NULL,NULL,NULL,NULL,14,2,NULL,NULL,NULL,0,0,'2016-06-16 12:42:41','2016-06-16 12:42:41'),(221,'0101012003002',5,'政务部',NULL,NULL,NULL,NULL,14,2,NULL,NULL,NULL,0,0,'2016-06-16 12:42:41','2016-06-16 12:42:41'),(222,'0101012003003',5,'融媒体部',NULL,NULL,NULL,NULL,14,2,NULL,NULL,NULL,0,0,'2016-06-16 12:42:41','2016-06-16 12:42:41'),(223,'0101012003004',5,'发展事业部',NULL,NULL,NULL,NULL,14,2,NULL,NULL,NULL,0,0,'2016-06-16 12:42:41','2016-06-16 12:42:41'),(224,'0101012003005',5,'产业发展部',NULL,NULL,NULL,NULL,14,2,NULL,NULL,NULL,0,0,'2016-06-16 12:42:41','2016-06-16 12:42:41'),(225,'0101012003006',5,'旅游文化事业部',NULL,NULL,NULL,NULL,14,2,NULL,NULL,NULL,0,0,'2016-06-16 12:42:41','2016-06-16 12:42:41'),(226,'0101012003007',5,'金融部',NULL,NULL,NULL,NULL,14,2,NULL,NULL,NULL,0,0,'2016-06-16 12:42:41','2016-06-16 12:42:41'),(227,'0101012003008',5,'综合部',NULL,NULL,NULL,NULL,14,2,NULL,NULL,NULL,0,0,'2016-06-16 12:42:41','2016-06-16 12:42:41'),(228,'0101012004',4,'管理中心',NULL,NULL,NULL,NULL,14,2,NULL,NULL,NULL,0,0,'2016-06-16 12:42:41','2016-06-16 12:42:41'),(229,'0101012004001',5,'财务人事部',NULL,NULL,NULL,NULL,14,2,NULL,NULL,NULL,0,0,'2016-06-16 12:42:41','2016-06-16 12:42:41'),(230,'0101013001',4,'分公司领导',NULL,NULL,NULL,NULL,15,2,NULL,NULL,NULL,0,0,'2016-06-16 12:42:41','2016-06-16 12:42:41'),(231,'0101013002',4,'内容中心',NULL,NULL,NULL,NULL,15,2,NULL,NULL,NULL,0,0,'2016-06-16 12:42:41','2016-06-16 12:42:41'),(232,'0101013002001',5,'采编部',NULL,NULL,NULL,NULL,15,2,NULL,NULL,NULL,0,0,'2016-06-16 12:42:41','2016-06-16 12:42:41'),(233,'0101013003',4,'经营中心',NULL,NULL,NULL,NULL,15,2,NULL,NULL,NULL,0,0,'2016-06-16 12:42:41','2016-06-16 12:42:41'),(234,'0101013003001',5,'运营部',NULL,NULL,NULL,NULL,15,2,NULL,NULL,NULL,0,0,'2016-06-16 12:42:41','2016-06-16 12:42:41'),(235,'0101013004',4,'管理中心',NULL,NULL,NULL,NULL,15,2,NULL,NULL,NULL,0,0,'2016-06-16 12:42:41','2016-06-16 12:42:41'),(236,'0101013004001',5,'办公室',NULL,NULL,NULL,NULL,15,2,NULL,NULL,NULL,0,0,'2016-06-16 12:42:41','2016-06-16 12:42:41'),(237,'0101014001',4,'分公司领导',NULL,NULL,NULL,NULL,16,2,NULL,NULL,NULL,0,0,'2016-06-16 12:42:41','2016-06-16 12:42:41'),(238,'0101014002',4,'内容中心',NULL,NULL,NULL,NULL,16,2,NULL,NULL,NULL,0,0,'2016-06-16 12:42:41','2016-06-16 12:42:41'),(239,'0101014002001',5,'采编部',NULL,NULL,NULL,NULL,16,2,NULL,NULL,NULL,0,0,'2016-06-16 12:42:41','2016-06-16 12:42:41'),(240,'0101014003',4,'经营中心',NULL,NULL,NULL,NULL,16,2,NULL,NULL,NULL,0,0,'2016-06-16 12:42:41','2016-06-16 12:42:41'),(241,'0101014003001',5,'市场部',NULL,NULL,NULL,NULL,16,2,NULL,NULL,NULL,0,0,'2016-06-16 12:42:41','2016-06-16 12:42:41'),(242,'0101014003002',5,'销售部',NULL,NULL,NULL,NULL,16,2,NULL,NULL,NULL,0,0,'2016-06-16 12:42:41','2016-06-16 12:42:41'),(243,'0101014004',4,'管理中心',NULL,NULL,NULL,NULL,16,2,NULL,NULL,NULL,0,0,'2016-06-16 12:42:41','2016-06-16 12:42:41'),(244,'0101014004001',5,'综合部',NULL,NULL,NULL,NULL,16,2,NULL,NULL,NULL,0,0,'2016-06-16 12:42:41','2016-06-16 12:42:41'),(245,'0101015001',4,'分公司领导',NULL,NULL,NULL,NULL,17,2,NULL,NULL,NULL,0,0,'2016-06-16 12:42:41','2016-06-16 12:42:41'),(246,'0101015002',4,'内容中心',NULL,NULL,NULL,NULL,17,2,NULL,NULL,NULL,0,0,'2016-06-16 12:42:41','2016-06-16 12:42:41'),(247,'0101015002001',5,'总编办',NULL,NULL,NULL,NULL,17,2,NULL,NULL,NULL,0,0,'2016-06-16 12:42:41','2016-06-16 12:42:41'),(248,'0101015002002',5,'原创策划部',NULL,NULL,NULL,NULL,17,2,NULL,NULL,NULL,0,0,'2016-06-16 12:42:41','2016-06-16 12:42:41'),(249,'0101015002003',5,'新媒体部',NULL,NULL,NULL,NULL,17,2,NULL,NULL,NULL,0,0,'2016-06-16 12:42:41','2016-06-16 12:42:41'),(250,'0101015002004',5,'技术部',NULL,NULL,NULL,NULL,17,2,NULL,NULL,NULL,0,0,'2016-06-16 12:42:41','2016-06-16 12:42:41'),(251,'0101015003',4,'经营中心',NULL,NULL,NULL,NULL,17,2,NULL,NULL,NULL,0,0,'2016-06-16 12:42:41','2016-06-16 12:42:41'),(252,'0101015003001',5,'运营部',NULL,NULL,NULL,NULL,17,2,NULL,NULL,NULL,0,0,'2016-06-16 12:42:41','2016-06-16 12:42:41'),(253,'0101015003002',5,'产经中心',NULL,NULL,NULL,NULL,17,2,NULL,NULL,NULL,0,0,'2016-06-16 12:42:41','2016-06-16 12:42:41'),(254,'0101015003003',5,'房产事业部',NULL,NULL,NULL,NULL,17,2,NULL,NULL,NULL,0,0,'2016-06-16 12:42:41','2016-06-16 12:42:41'),(255,'0101015003004',5,'政务事业部',NULL,NULL,NULL,NULL,17,2,NULL,NULL,NULL,0,0,'2016-06-16 12:42:41','2016-06-16 12:42:41'),(256,'0101015003005',5,'企划部',NULL,NULL,NULL,NULL,17,2,NULL,NULL,NULL,0,0,'2016-06-16 12:42:41','2016-06-16 12:42:41'),(257,'0101015004',4,'管理中心',NULL,NULL,NULL,NULL,17,2,NULL,NULL,NULL,0,0,'2016-06-16 12:42:41','2016-06-16 12:42:41'),(258,'0101015004001',5,'综合管理部',NULL,NULL,NULL,NULL,17,2,NULL,NULL,NULL,0,0,'2016-06-16 12:42:41','2016-06-16 12:42:41'),(259,'0101015004002',5,'法律事务部',NULL,NULL,NULL,NULL,17,2,NULL,NULL,NULL,0,0,'2016-06-16 12:42:41','2016-06-16 12:42:41'),(260,'0101015004003',5,'人力资源部',NULL,NULL,NULL,NULL,17,2,NULL,NULL,NULL,0,0,'2016-06-16 12:42:41','2016-06-16 12:42:41'),(261,'0101015004004',5,'财务部',NULL,NULL,NULL,NULL,17,2,NULL,NULL,NULL,0,0,'2016-06-16 12:42:41','2016-06-16 12:42:41'),(262,'0101016001',4,'分公司领导',NULL,NULL,NULL,NULL,18,2,NULL,NULL,NULL,0,0,'2016-06-16 12:42:41','2016-06-16 12:42:41'),(263,'0101016002',4,'内容中心',NULL,NULL,NULL,NULL,18,2,NULL,NULL,NULL,0,0,'2016-06-16 12:42:41','2016-06-16 12:42:41'),(264,'0101016002001',5,'新闻采编中心',NULL,NULL,NULL,NULL,18,2,NULL,NULL,NULL,0,0,'2016-06-16 12:42:41','2016-06-16 12:42:41'),(265,'0101016003',4,'经营中心',NULL,NULL,NULL,NULL,18,2,NULL,NULL,NULL,0,0,'2016-06-16 12:42:41','2016-06-16 12:42:41'),(266,'0101016003001',5,'教育事业部',NULL,NULL,NULL,NULL,18,2,NULL,NULL,NULL,0,0,'2016-06-16 12:42:41','2016-06-16 12:42:41'),(267,'0101016003002',5,'医卫事业部',NULL,NULL,NULL,NULL,18,2,NULL,NULL,NULL,0,0,'2016-06-16 12:42:41','2016-06-16 12:42:41'),(268,'0101016004',4,'管理中心',NULL,NULL,NULL,NULL,18,2,NULL,NULL,NULL,0,0,'2016-06-16 12:42:41','2016-06-16 12:42:41'),(269,'0101016004001',5,'综合管理部',NULL,NULL,NULL,NULL,18,2,NULL,NULL,NULL,0,0,'2016-06-16 12:42:41','2016-06-16 12:42:41'),(270,'0101017001',4,'分公司领导',NULL,NULL,NULL,NULL,19,2,NULL,NULL,NULL,0,0,'2016-06-16 12:42:41','2016-06-16 12:42:41'),(271,'0101017002',4,'内容中心',NULL,NULL,NULL,NULL,19,2,NULL,NULL,NULL,0,0,'2016-06-16 12:42:41','2016-06-16 12:42:41'),(272,'0101017002001',5,'采编部',NULL,NULL,NULL,NULL,19,2,NULL,NULL,NULL,0,0,'2016-06-16 12:42:41','2016-06-16 12:42:41'),(273,'0101017003',4,'经营中心',NULL,NULL,NULL,NULL,19,2,NULL,NULL,NULL,0,0,'2016-06-16 12:42:41','2016-06-16 12:42:41'),(274,'0101017003001',5,'营销部',NULL,NULL,NULL,NULL,19,2,NULL,NULL,NULL,0,0,'2016-06-16 12:42:41','2016-06-16 12:42:41'),(275,'0101017004',4,'管理中心',NULL,NULL,NULL,NULL,19,2,NULL,NULL,NULL,0,0,'2016-06-16 12:42:41','2016-06-16 12:42:41'),(276,'0101017004001',5,'综合管理部',NULL,NULL,NULL,NULL,19,2,NULL,NULL,NULL,0,0,'2016-06-16 12:42:41','2016-06-16 12:42:41'),(277,'0101018001',4,'分公司领导',NULL,NULL,NULL,NULL,20,2,NULL,NULL,NULL,0,0,'2016-06-16 12:42:41','2016-06-16 12:42:41'),(278,'0101018002',4,'内容中心',NULL,NULL,NULL,NULL,20,2,NULL,NULL,NULL,0,0,'2016-06-16 12:42:41','2016-06-16 12:42:41'),(279,'0101018002001',5,'采编部',NULL,NULL,NULL,NULL,20,2,NULL,NULL,NULL,0,0,'2016-06-16 12:42:41','2016-06-16 12:42:41'),(280,'0101018003',4,'经营中心',NULL,NULL,NULL,NULL,20,2,NULL,NULL,NULL,0,0,'2016-06-16 12:42:41','2016-06-16 12:42:41'),(281,'0101018003001',5,'运营部',NULL,NULL,NULL,NULL,20,2,NULL,NULL,NULL,0,0,'2016-06-16 12:42:41','2016-06-16 12:42:41'),(282,'0101018003002',5,'房产事业部',NULL,NULL,NULL,NULL,20,2,NULL,NULL,NULL,0,0,'2016-06-16 12:42:41','2016-06-16 12:42:41'),(283,'0101018004',4,'管理中心',NULL,NULL,NULL,NULL,20,2,NULL,NULL,NULL,0,0,'2016-06-16 12:42:41','2016-06-16 12:42:41'),(284,'0101018004001',5,'综合部',NULL,NULL,NULL,NULL,20,2,NULL,NULL,NULL,0,0,'2016-06-16 12:42:41','2016-06-16 12:42:41'),(285,'0101019001',4,'分公司领导',NULL,NULL,NULL,NULL,21,2,NULL,NULL,NULL,0,0,'2016-06-16 12:42:41','2016-06-16 12:42:41'),(286,'0101019002',4,'内容中心',NULL,NULL,NULL,NULL,21,2,NULL,NULL,NULL,0,0,'2016-06-16 12:42:41','2016-06-16 12:42:41'),(287,'0101019002001',5,'编辑部',NULL,NULL,NULL,NULL,21,2,NULL,NULL,NULL,0,0,'2016-06-16 12:42:41','2016-06-16 12:42:41'),(288,'0101019002002',5,'技术中心',NULL,NULL,NULL,NULL,21,2,NULL,NULL,NULL,0,0,'2016-06-16 12:42:41','2016-06-16 12:42:41'),(289,'0101019003',4,'经营中心',NULL,NULL,NULL,NULL,21,2,NULL,NULL,NULL,0,0,'2016-06-16 12:42:41','2016-06-16 12:42:41'),(290,'0101019003001',5,'产经中心',NULL,NULL,NULL,NULL,21,2,NULL,NULL,NULL,0,0,'2016-06-16 12:42:41','2016-06-16 12:42:41'),(291,'0101019003002',5,'房产事业部',NULL,NULL,NULL,NULL,21,2,NULL,NULL,NULL,0,0,'2016-06-16 12:42:41','2016-06-16 12:42:41'),(292,'0101019004',4,'管理中心',NULL,NULL,NULL,NULL,21,2,NULL,NULL,NULL,0,0,'2016-06-16 12:42:41','2016-06-16 12:42:41'),(293,'0101019004001',5,'综合部',NULL,NULL,NULL,NULL,21,2,NULL,NULL,NULL,0,0,'2016-06-16 12:42:41','2016-06-16 12:42:41'),(294,'0101019004002',5,'考核办',NULL,NULL,NULL,NULL,21,2,NULL,NULL,NULL,0,0,'2016-06-16 12:42:41','2016-06-16 12:42:41'),(295,'0101019004003',5,'人力资源部',NULL,NULL,NULL,NULL,21,2,NULL,NULL,NULL,0,0,'2016-06-16 12:42:41','2016-06-16 12:42:41'),(296,'0101019004004',5,'财务部',NULL,NULL,NULL,NULL,21,2,NULL,NULL,NULL,0,0,'2016-06-16 12:42:41','2016-06-16 12:42:41'),(297,'0101020001',4,'分公司领导',NULL,NULL,NULL,NULL,22,2,NULL,NULL,NULL,0,0,'2016-06-16 12:42:41','2016-06-16 12:42:41'),(298,'0101020002',4,'内容中心',NULL,NULL,NULL,NULL,22,2,NULL,NULL,NULL,0,0,'2016-06-16 12:42:41','2016-06-16 12:42:41'),(299,'0101020002001',5,'编辑部',NULL,NULL,NULL,NULL,22,2,NULL,NULL,NULL,0,0,'2016-06-16 12:42:41','2016-06-16 12:42:41'),(300,'0101020002002',5,'多媒体部',NULL,NULL,NULL,NULL,22,2,NULL,NULL,NULL,0,0,'2016-06-16 12:42:41','2016-06-16 12:42:41'),(301,'0101020002002001',6,'美工部',NULL,NULL,NULL,NULL,22,2,NULL,NULL,NULL,0,0,'2016-06-16 12:42:41','2016-06-16 12:42:41'),(302,'0101020002002002',6,'数据中心',NULL,NULL,NULL,NULL,22,2,NULL,NULL,NULL,0,0,'2016-06-16 12:42:41','2016-06-16 12:42:41'),(303,'0101020003',4,'经营中心',NULL,NULL,NULL,NULL,22,2,NULL,NULL,NULL,0,0,'2016-06-16 12:42:41','2016-06-16 12:42:41'),(304,'0101020003001',5,'营销部',NULL,NULL,NULL,NULL,22,2,NULL,NULL,NULL,0,0,'2016-06-16 12:42:41','2016-06-16 12:42:41'),(305,'0101020004',4,'管理中心',NULL,NULL,NULL,NULL,22,2,NULL,NULL,NULL,0,0,'2016-06-16 12:42:41','2016-06-16 12:42:41'),(306,'0101020004001',5,'综合部',NULL,NULL,NULL,NULL,22,2,NULL,NULL,NULL,0,0,'2016-06-16 12:42:41','2016-06-16 12:42:41'),(307,'0101021001',4,'分公司领导',NULL,NULL,NULL,NULL,23,2,NULL,NULL,NULL,0,0,'2016-06-16 12:42:41','2016-06-16 12:42:41'),(308,'0101021002',4,'内容中心',NULL,NULL,NULL,NULL,23,2,NULL,NULL,NULL,0,0,'2016-06-16 12:42:41','2016-06-16 12:42:41'),(309,'0101021002001',5,'编辑部',NULL,NULL,NULL,NULL,23,2,NULL,NULL,NULL,0,0,'2016-06-16 12:42:41','2016-06-16 12:42:41'),(310,'0101021003',4,'经营中心',NULL,NULL,NULL,NULL,23,2,NULL,NULL,NULL,0,0,'2016-06-16 12:42:41','2016-06-16 12:42:41'),(311,'0101021003001',5,'营销部',NULL,NULL,NULL,NULL,23,2,NULL,NULL,NULL,0,0,'2016-06-16 12:42:41','2016-06-16 12:42:41'),(312,'0101021004',4,'管理中心',NULL,NULL,NULL,NULL,23,2,NULL,NULL,NULL,0,0,'2016-06-16 12:42:41','2016-06-16 12:42:41'),(313,'0101021004001',5,'综合部',NULL,NULL,NULL,NULL,23,2,NULL,NULL,NULL,0,0,'2016-06-16 12:42:41','2016-06-16 12:42:41'),(314,'0101022001',4,'分公司领导',NULL,NULL,NULL,NULL,24,2,NULL,NULL,NULL,0,0,'2016-06-16 12:42:41','2016-06-16 12:42:41'),(315,'0101022002',4,'内容中心',NULL,NULL,NULL,NULL,24,2,NULL,NULL,NULL,0,0,'2016-06-16 12:42:41','2016-06-16 12:42:41'),(316,'0101022002001',5,'总编室',NULL,NULL,NULL,NULL,24,2,NULL,NULL,NULL,0,0,'2016-06-16 12:42:41','2016-06-16 12:42:41'),(317,'0101022003',4,'经营中心',NULL,NULL,NULL,NULL,24,2,NULL,NULL,NULL,0,0,'2016-06-16 12:42:41','2016-06-16 12:42:41'),(318,'0101022003001',5,'市场拓展部',NULL,NULL,NULL,NULL,24,2,NULL,NULL,NULL,0,0,'2016-06-16 12:42:41','2016-06-16 12:42:41'),(319,'0101022004',4,'管理中心',NULL,NULL,NULL,NULL,24,2,NULL,NULL,NULL,0,0,'2016-06-16 12:42:41','2016-06-16 12:42:41'),(320,'0101022004001',5,'办公室',NULL,NULL,NULL,NULL,24,2,NULL,NULL,NULL,0,0,'2016-06-16 12:42:41','2016-06-16 12:42:41'),(321,'0101023001',4,'分公司领导',NULL,NULL,NULL,NULL,25,2,NULL,NULL,NULL,0,0,'2016-06-16 12:42:41','2016-06-16 12:42:41'),(322,'0101023002',4,'内容中心',NULL,NULL,NULL,NULL,25,2,NULL,NULL,NULL,0,0,'2016-06-16 12:42:41','2016-06-16 12:42:41'),(323,'0101023002001',5,'采编部',NULL,NULL,NULL,NULL,25,2,NULL,NULL,NULL,0,0,'2016-06-16 12:42:41','2016-06-16 12:42:41'),(324,'0101023003',4,'经营中心',NULL,NULL,NULL,NULL,25,2,NULL,NULL,NULL,0,0,'2016-06-16 12:42:41','2016-06-16 12:42:41'),(325,'0101023003001',5,'营销部',NULL,NULL,NULL,NULL,25,2,NULL,NULL,NULL,0,0,'2016-06-16 12:42:41','2016-06-16 12:42:41'),(326,'0101023004',4,'管理中心',NULL,NULL,NULL,NULL,25,2,NULL,NULL,NULL,0,0,'2016-06-16 12:42:41','2016-06-16 12:42:41'),(327,'0101023004001',5,'综合办',NULL,NULL,NULL,NULL,25,2,NULL,NULL,NULL,0,0,'2016-06-16 12:42:41','2016-06-16 12:42:41'),(328,'0101024001',4,'分公司领导',NULL,NULL,NULL,NULL,26,2,NULL,NULL,NULL,0,0,'2016-06-16 12:42:41','2016-06-16 12:42:41'),(329,'0101024002',4,'内容中心',NULL,NULL,NULL,NULL,26,2,NULL,NULL,NULL,0,0,'2016-06-16 12:42:41','2016-06-16 12:42:41'),(330,'0101024002001',5,'采编部',NULL,NULL,NULL,NULL,26,2,NULL,NULL,NULL,0,0,'2016-06-16 12:42:41','2016-06-16 12:42:41'),(331,'0101024003',4,'经营中心',NULL,NULL,NULL,NULL,26,2,NULL,NULL,NULL,0,0,'2016-06-16 12:42:41','2016-06-16 12:42:41'),(332,'0101024003001',5,'营销部',NULL,NULL,NULL,NULL,26,2,NULL,NULL,NULL,0,0,'2016-06-16 12:42:41','2016-06-16 12:42:41'),(333,'0101024004',4,'管理中心',NULL,NULL,NULL,NULL,26,2,NULL,NULL,NULL,0,0,'2016-06-16 12:42:41','2016-06-16 12:42:41'),(334,'0101024004001',5,'综合办',NULL,NULL,NULL,NULL,26,2,NULL,NULL,NULL,0,0,'2016-06-16 12:42:41','2016-06-16 12:42:41'),(335,'0101025001',4,'分公司领导',NULL,NULL,NULL,NULL,27,2,NULL,NULL,NULL,0,0,'2016-06-16 12:42:41','2016-06-16 12:42:41'),(336,'0101025002',4,'内容中心',NULL,NULL,NULL,NULL,27,2,NULL,NULL,NULL,0,0,'2016-06-16 12:42:41','2016-06-16 12:42:41'),(337,'0101025002001',5,'采编部',NULL,NULL,NULL,NULL,27,2,NULL,NULL,NULL,0,0,'2016-06-16 12:42:41','2016-06-16 12:42:41'),(338,'0101025003',4,'经营中心',NULL,NULL,NULL,NULL,27,2,NULL,NULL,NULL,0,0,'2016-06-16 12:42:41','2016-06-16 12:42:41'),(339,'0101025003001',5,'产经中心',NULL,NULL,NULL,NULL,27,2,NULL,NULL,NULL,0,0,'2016-06-16 12:42:41','2016-06-16 12:42:41'),(340,'0101025003002',5,'政务大数据服务中心',NULL,NULL,NULL,NULL,27,2,NULL,NULL,NULL,0,0,'2016-06-16 12:42:41','2016-06-16 12:42:41'),(341,'0101025003003',5,'移动互联网中心',NULL,NULL,NULL,NULL,27,2,NULL,NULL,NULL,0,0,'2016-06-16 12:42:41','2016-06-16 12:42:41'),(342,'0101025004',4,'管理中心',NULL,NULL,NULL,NULL,27,2,NULL,NULL,NULL,0,0,'2016-06-16 12:42:41','2016-06-16 12:42:41'),(343,'0101025004001',5,'行政财务中心',NULL,NULL,NULL,NULL,27,2,NULL,NULL,NULL,0,0,'2016-06-16 12:42:41','2016-06-16 12:42:41'),(344,'0101026001',4,'分公司领导',NULL,NULL,NULL,NULL,28,2,NULL,NULL,NULL,0,0,'2016-06-16 12:42:41','2016-06-16 12:42:41'),(345,'0101026002',4,'内容中心',NULL,NULL,NULL,NULL,28,2,NULL,NULL,NULL,0,0,'2016-06-16 12:42:41','2016-06-16 12:42:41'),(346,'0101026002001',5,'采编部',NULL,NULL,NULL,NULL,28,2,NULL,NULL,NULL,0,0,'2016-06-16 12:42:41','2016-06-16 12:42:41'),(347,'0101026003',4,'经营中心',NULL,NULL,NULL,NULL,28,2,NULL,NULL,NULL,0,0,'2016-06-16 12:42:41','2016-06-16 12:42:41'),(348,'0101026003001',5,'产经中心',NULL,NULL,NULL,NULL,28,2,NULL,NULL,NULL,0,0,'2016-06-16 12:42:41','2016-06-16 12:42:41'),(349,'0101026003002',5,'移动互联网中心',NULL,NULL,NULL,NULL,28,2,NULL,NULL,NULL,0,0,'2016-06-16 12:42:41','2016-06-16 12:42:41'),(350,'0101026003003',5,'数字影视中心',NULL,NULL,NULL,NULL,28,2,NULL,NULL,NULL,0,0,'2016-06-16 12:42:41','2016-06-16 12:42:41'),(351,'0101026004',4,'管理中心',NULL,NULL,NULL,NULL,28,2,NULL,NULL,NULL,0,0,'2016-06-16 12:42:41','2016-06-16 12:42:41'),(352,'0101026004001',5,'综合部',NULL,NULL,NULL,NULL,28,2,NULL,NULL,NULL,0,0,'2016-06-16 12:42:41','2016-06-16 12:42:41'),(353,'0101027001',4,'分公司领导',NULL,NULL,NULL,NULL,29,2,NULL,NULL,NULL,0,0,'2016-06-16 12:42:41','2016-06-16 12:42:41'),(354,'0101027002',4,'内容中心',NULL,NULL,NULL,NULL,29,2,NULL,NULL,NULL,0,0,'2016-06-16 12:42:41','2016-06-16 12:42:41'),(355,'0101027002001',5,'采编部',NULL,NULL,NULL,NULL,29,2,NULL,NULL,NULL,0,0,'2016-06-16 12:42:41','2016-06-16 12:42:41'),(356,'0101027002002',5,'舆情事业部',NULL,NULL,NULL,NULL,29,2,NULL,NULL,NULL,0,0,'2016-06-16 12:42:41','2016-06-16 12:42:41'),(357,'0101027003',4,'经营中心',NULL,NULL,NULL,NULL,29,2,NULL,NULL,NULL,0,0,'2016-06-16 12:42:41','2016-06-16 12:42:41'),(358,'0101027003001',5,'产经部',NULL,NULL,NULL,NULL,29,2,NULL,NULL,NULL,0,0,'2016-06-16 12:42:41','2016-06-16 12:42:41'),(359,'0101027003002',5,'财经部',NULL,NULL,NULL,NULL,29,2,NULL,NULL,NULL,0,0,'2016-06-16 12:42:41','2016-06-16 12:42:41'),(360,'0101027003003',5,'专题部',NULL,NULL,NULL,NULL,29,2,NULL,NULL,NULL,0,0,'2016-06-16 12:42:41','2016-06-16 12:42:41'),(361,'0101027003004',5,'数字影视部',NULL,NULL,NULL,NULL,29,2,NULL,NULL,NULL,0,0,'2016-06-16 12:42:41','2016-06-16 12:42:41'),(362,'0101027003005',5,'政务部',NULL,NULL,NULL,NULL,29,2,NULL,NULL,NULL,0,0,'2016-06-16 12:42:41','2016-06-16 12:42:41'),(363,'0101027003006',5,'房产部',NULL,NULL,NULL,NULL,29,2,NULL,NULL,NULL,0,0,'2016-06-16 12:42:41','2016-06-16 12:42:41'),(364,'0101027004',4,'管理中心',NULL,NULL,NULL,NULL,29,2,NULL,NULL,NULL,0,0,'2016-06-16 12:42:41','2016-06-16 12:42:41'),(365,'0101027004001',5,'综合管理部',NULL,NULL,NULL,NULL,29,2,NULL,NULL,NULL,0,0,'2016-06-16 12:42:41','2016-06-16 12:42:41'),(366,'0101028001',4,'分公司领导',NULL,NULL,NULL,NULL,30,2,NULL,NULL,NULL,0,0,'2016-06-16 12:42:41','2016-06-16 12:42:41'),(367,'0101028002',4,'内容中心',NULL,NULL,NULL,NULL,30,2,NULL,NULL,NULL,0,0,'2016-06-16 12:42:41','2016-06-16 12:42:41'),(368,'0101028002001',5,'采编部',NULL,NULL,NULL,NULL,30,2,NULL,NULL,NULL,0,0,'2016-06-16 12:42:41','2016-06-16 12:42:41'),(369,'0101028003',4,'经营中心',NULL,NULL,NULL,NULL,30,2,NULL,NULL,NULL,0,0,'2016-06-16 12:42:41','2016-06-16 12:42:41'),(370,'0101028003003',5,'经营部',NULL,NULL,NULL,NULL,30,2,NULL,NULL,NULL,0,0,'2016-06-16 12:42:41','2016-06-16 12:42:41'),(371,'0101028004',4,'管理中心',NULL,NULL,NULL,NULL,30,2,NULL,NULL,NULL,0,0,'2016-06-16 12:42:41','2016-06-16 12:42:41'),(372,'0101028004001',5,'综合部',NULL,NULL,NULL,NULL,30,2,NULL,NULL,NULL,0,0,'2016-06-16 12:42:41','2016-06-16 12:42:41'),(373,'0101029001',4,'分公司领导',NULL,NULL,NULL,NULL,31,2,NULL,NULL,NULL,0,0,'2016-06-16 12:42:41','2016-06-16 12:42:41'),(374,'0101029002',4,'内容中心',NULL,NULL,NULL,NULL,31,2,NULL,NULL,NULL,0,0,'2016-06-16 12:42:41','2016-06-16 12:42:41'),(375,'0101029002001',5,'总编室',NULL,NULL,NULL,NULL,31,2,NULL,NULL,NULL,0,0,'2016-06-16 12:42:41','2016-06-16 12:42:41'),(376,'0101029002002',5,'编辑部',NULL,NULL,NULL,NULL,31,2,NULL,NULL,NULL,0,0,'2016-06-16 12:42:41','2016-06-16 12:42:41'),(377,'0101029002003',5,'技术部',NULL,NULL,NULL,NULL,31,2,NULL,NULL,NULL,0,0,'2016-06-16 12:42:41','2016-06-16 12:42:41'),(378,'0101029003',4,'经营中心',NULL,NULL,NULL,NULL,31,2,NULL,NULL,NULL,0,0,'2016-06-16 12:42:41','2016-06-16 12:42:41'),(379,'0101029003001',5,'运营部',NULL,NULL,NULL,NULL,31,2,NULL,NULL,NULL,0,0,'2016-06-16 12:42:41','2016-06-16 12:42:41'),(380,'0101029004',4,'管理中心',NULL,NULL,NULL,NULL,31,2,NULL,NULL,NULL,0,0,'2016-06-16 12:42:41','2016-06-16 12:42:41'),(381,'0101029004001',5,'总经办',NULL,NULL,NULL,NULL,31,2,NULL,NULL,NULL,0,0,'2016-06-16 12:42:41','2016-06-16 12:42:41'),(382,'0101029004002',5,'综合部',NULL,NULL,NULL,NULL,31,2,NULL,NULL,NULL,0,0,'2016-06-16 12:42:41','2016-06-16 12:42:41'),(383,'0101030001',4,'分公司领导',NULL,NULL,NULL,NULL,32,2,NULL,NULL,NULL,0,0,'2016-06-16 12:42:41','2016-06-16 12:42:41'),(384,'0101030002',4,'内容中心',NULL,NULL,NULL,NULL,32,2,NULL,NULL,NULL,0,0,'2016-06-16 12:42:41','2016-06-16 12:42:41'),(385,'0101030002001',5,'采编部',NULL,NULL,NULL,NULL,32,2,NULL,NULL,NULL,0,0,'2016-06-16 12:42:41','2016-06-16 12:42:41'),(386,'0101030003',4,'经营中心',NULL,NULL,NULL,NULL,32,2,NULL,NULL,NULL,0,0,'2016-06-16 12:42:41','2016-06-16 12:42:41'),(387,'0101030003001',5,'运营部',NULL,NULL,NULL,NULL,32,2,NULL,NULL,NULL,0,0,'2016-06-16 12:42:41','2016-06-16 12:42:41'),(388,'0101030004',4,'管理中心',NULL,NULL,NULL,NULL,32,2,NULL,NULL,NULL,0,0,'2016-06-16 12:42:41','2016-06-16 12:42:41'),(389,'0101030004001',5,'运维部',NULL,NULL,NULL,NULL,32,2,NULL,NULL,NULL,0,0,'2016-06-16 12:42:41','2016-06-16 12:42:41'),(390,'0101030004002',5,'综合部',NULL,NULL,NULL,NULL,32,2,NULL,NULL,NULL,0,0,'2016-06-16 12:42:41','2016-09-13 10:16:56');

/*Table structure for table `rights` */

DROP TABLE IF EXISTS `rights`;

CREATE TABLE `rights` (
  `Id` int(11) NOT NULL AUTO_INCREMENT COMMENT '主键ID',
  `RightName` varchar(100) DEFAULT NULL COMMENT '权限名称',
  `ParentId` int(11) DEFAULT '0' COMMENT '上级ID',
  `ParentIds` varchar(500) DEFAULT NULL COMMENT '上级ID集合',
  `Verify` varchar(100) DEFAULT NULL COMMENT '权限标示',
  `Type` int(11) DEFAULT '0' COMMENT '0是功能权限，1 Url权限',
  `Url` varchar(800) DEFAULT NULL COMMENT '菜单链接',
  `Remark` varchar(500) DEFAULT NULL COMMENT '备注',
  `State` int(11) DEFAULT '0' COMMENT '状态 -1禁用 0正常',
  `Sort` int(11) DEFAULT '0' COMMENT '排序地段 低到高',
  `CreateTime` datetime DEFAULT NULL COMMENT '创建日期',
  `UpdateTime` datetime DEFAULT NULL COMMENT '更新日期',
  `RightLevel` int(11) NOT NULL DEFAULT '2' COMMENT '1:一级权限,2:二级权限,3:三级权限',
  PRIMARY KEY (`Id`)
) ENGINE=InnoDB AUTO_INCREMENT=201 DEFAULT CHARSET=utf8;

/*Data for the table `rights` */

insert  into `rights`(`Id`,`RightName`,`ParentId`,`ParentIds`,`Verify`,`Type`,`Url`,`Remark`,`State`,`Sort`,`CreateTime`,`UpdateTime`,`RightLevel`) values (1,'广告订单',0,'1','AdOrder',1,'','',0,0,'2015-12-11 14:39:47','2015-12-11 14:39:47',1),(2,'资源管理',0,'2','ResourceManage',1,'','',0,0,'2015-12-11 14:39:47','2015-12-11 14:39:47',1),(3,'客户管理',0,'3','CustomerManage',1,'','',0,0,'2015-12-11 14:39:47','2015-12-11 14:39:47',1),(4,'数据报表',0,'4','DataReport',1,'','',0,0,'2015-12-11 14:39:47','2015-12-11 14:39:47',1),(5,'系统设置',0,'5','SystemSet',1,'','',0,0,'2015-12-11 14:39:47','2015-12-11 14:39:47',1),(6,'查询排期',1,'1,6','QueryScheduling',0,'','',0,0,'2015-12-11 14:39:47','2015-12-11 14:39:47',2),(7,'查看投放订单',1,'1,7','ViewPutOrder',0,'','',0,0,'2015-12-11 14:39:47','2015-12-11 14:39:47',2),(8,'管理投放订单',1,'1,8','ManagePutOrders',0,'','',0,0,'2015-12-11 14:39:47','2015-12-11 14:39:47',2),(9,'总公司业务一审',1,'1,9','HeadCompanyFirstInstance',0,'','',0,0,'2015-12-11 14:39:47','2015-12-11 14:39:47',2),(10,'总公司业务二审',1,'1,10','HeadCompanySecondInstance',0,'','',0,0,'2015-12-11 14:39:47','2015-12-11 14:39:47',2),(11,'分公司审核',1,'1,11','BranchCompanyFirstInstance',0,'','',0,0,'2015-12-11 14:39:46','2015-12-11 14:39:46',2),(12,'分公司二审',1,'1,12','BranchCompanySecondInstance',0,'','',0,0,'2015-12-11 14:39:46','2015-12-11 14:39:46',2),(13,'法务监管(创意)',1,'1,13','LegalSupervision',0,'','',-1,0,'2015-12-11 14:39:46','2015-12-11 14:39:46',2),(14,'美编监管(创意)',1,'1,14','TheArtSupervision',0,'','',-1,0,'2015-12-11 14:39:46','2015-12-11 14:39:46',2),(15,'查看合同',1,'1,15','ViewContract',0,'','',0,0,'2015-12-11 14:39:47','2015-12-11 14:39:47',2),(16,'管理合同',1,'1,16','ManageContract',0,'','',0,0,'2015-12-11 14:39:46','2015-12-11 14:39:46',2),(17,'查看归档订单',1,'1,17','ViewArchiveOrders',0,'','',-1,0,'2015-12-11 14:39:46','2015-12-11 14:39:46',2),(18,'管理归档订单',1,'1,18','ManageArchiveOrders',0,'','',-1,0,'2015-12-11 14:39:46','2015-12-11 14:39:46',2),(19,'查看默认订单',1,'1,19','ViewDefaultOrder',0,'','',0,0,'2015-12-11 14:39:46','2015-12-11 14:39:46',2),(20,'默认订单管理',1,'1,20','ManageDefaultOrder',0,'','',0,0,'2015-12-11 14:39:46','2015-12-11 14:39:46',2),(21,'紧急订单管理',1,'1,21','EmergencyOrderManagement',0,'','',0,0,'2015-12-11 14:39:46','2015-12-11 14:39:46',2),(22,'紧急创意审核',1,'1,22','EmergencyCreativeAudit',0,'','',0,0,'2015-12-11 14:39:46','2015-12-11 14:39:46',2),(23,'紧急订单审核',1,'1,23','EmergencyOrderReview',0,'','',0,0,'2015-12-11 14:39:46','2015-12-11 14:39:46',2),(24,'默认订单审核',1,'1,24','DefaultOrderReview',0,'','',0,0,'2015-12-11 14:39:47','2015-12-11 14:39:47',2),(25,'默认创意审核',1,'1,25','DefaultCreativeReview',0,'','',0,0,'2015-12-11 14:39:47','2015-12-11 14:39:47',2),(26,'查看媒体、频道、广告位',2,'2,26','ViewMediaChannelADSpace',0,'','',0,0,'2015-12-11 14:39:46','2015-12-11 14:39:46',2),(27,'管理媒体、频道、广告位',2,'2,27','ManageMediaChannelADSpace',0,'','',0,0,'2015-12-11 14:39:47','2015-12-11 14:39:47',2),(28,'编辑广告位刊例价',2,'2,28','EditADPrice',0,'','',0,0,'2015-12-11 14:39:47','2015-12-11 14:39:47',2),(29,'审核广告位',2,'2,29','CheckADSpace',0,'','',0,0,'2015-12-11 14:39:47','2015-12-11 14:39:47',2),(30,'禁用广告位',2,'2,30','ForbidAD',0,'','',0,0,'2015-12-11 14:39:47','2015-12-11 14:39:47',2),(31,'查看尺寸',2,'2,31','ViewSize',0,'','',0,0,'2015-12-11 14:39:47','2015-12-11 14:39:47',2),(32,'管理尺寸',2,'2,32','ManageSize',0,'','',0,0,'2015-12-11 14:39:47','2015-12-11 14:39:47',2),(33,'查看创意类型',2,'2,33','ViewCreativeType',0,'','',0,0,'2015-12-11 14:39:47','2015-12-11 14:39:47',2),(34,'管理创意类型',2,'2,34','ManageCreativeType',0,'','',0,0,'2015-12-11 14:39:47','2015-12-11 14:39:47',2),(35,'查看刊例',2,'2,35','ViewPeriodication',0,'','',-1,0,'2015-12-11 14:39:47','2015-12-11 14:39:47',2),(36,'管理刊例',2,'2,36','ManagePeriodication',0,'','',-1,0,'2015-12-11 14:39:47','2015-12-11 14:39:47',2),(37,'查看客户',3,'3,37','ViewCustomer',0,'','',0,0,'2015-12-12 14:39:46','2015-12-12 14:39:46',2),(38,'审核客户',3,'3,38','AuditCustomer',0,'','',0,0,'2015-12-13 14:39:46','2015-12-13 14:39:46',2),(39,'管理客户',3,'3,39','ManageCustomer',0,'','',0,0,'2015-12-11 14:39:47','2015-12-11 14:39:47',2),(40,'查看客户报表',4,'4,40','ViewCustomerReport',0,'','',0,0,'2015-12-11 14:39:47','2015-12-11 14:39:47',2),(41,'查看资源消耗报表',4,'4,41','ViewResourceConsumptionReport',0,'','',0,0,'2015-12-11 14:39:47','2015-12-11 14:39:47',2),(42,'查看广告投放报表',4,'4,42','ViewAdvertisingReport',0,'','',0,0,'2015-12-11 14:39:47','2015-12-11 14:39:47',2),(43,'查看对比报表(根据客户、订单权限查看)',4,'4,43','ViewContrastReport',0,'','',-1,0,'2015-12-11 14:39:46','2015-12-11 14:39:46',2),(44,'查看订单消耗报表',4,'4,44','ViewOrderCostReport',0,'','',0,0,'2015-12-11 14:39:46','2015-12-11 14:39:46',2),(45,'查看合同消耗报表',4,'4,45','ViewContractCostReport',0,'','',0,0,'2015-12-11 14:39:46','2015-12-11 14:39:04',2),(46,'查看公司',5,'5,46','ViewCompany',0,'','',0,0,'2015-12-11 14:39:46','2015-12-11 14:39:46',2),(47,'管理公司',5,'5,47','ManageCompany',0,'','',0,0,'2015-12-11 14:39:47','2015-12-11 14:39:47',2),(48,'查看部门',5,'5,48','ViewDepartment',0,'','',0,0,'2015-12-11 14:39:46','2015-12-11 14:39:46',2),(49,'管理部门',5,'5,49','ManageDepartment',0,'','',0,0,'2015-12-11 14:39:46','2015-12-11 14:39:46',2),(50,'查看角色',5,'5,50','ViewRole',0,'','',0,0,'2015-12-11 14:39:46','2015-12-11 14:39:46',2),(51,'管理角色',5,'5,51','ManageRole',0,'','',0,0,'2015-12-11 14:39:46','2015-12-11 14:39:46',2),(52,'查看用户',5,'5,52','ViewUser',0,'','',0,0,'2015-12-11 14:39:47','2015-12-11 14:39:47',2),(53,'管理用户',5,'5,53','ManageUser',0,'','',0,0,'2015-12-11 14:39:47','2015-12-11 14:39:47',2),(54,'查看容错率',5,'5,54','ViewTolerantRate',0,'','',0,0,'2015-12-11 14:39:47','2015-12-11 14:39:47',2),(55,'管理容错率',5,'5,55','ManageTolerantRate',0,'','',0,0,'2015-12-11 14:39:47','2015-12-11 14:39:47',2),(56,'查看公告',5,'5,56','ViewNotice',0,'','',0,0,'2015-12-11 14:39:47','2015-12-11 14:39:47',2),(57,'管理公告',5,'5,57','ManageNotice',0,'','',0,0,'2015-12-11 14:39:47','2015-12-11 14:39:47',2),(58,'查看操作日志',5,'5,58','ViewOperationLog',0,'','',0,0,'2015-12-11 14:39:47','2015-12-11 14:39:47',2),(59,'查看错误日志',5,'5,59','ViewErrorLog',0,'','',-1,0,'2015-12-31 10:52:43','2015-12-31 10:52:51',2),(60,'查看报警预警',5,'5,60','ViewAlarm',0,'','',-1,0,'2015-12-11 14:39:47','2015-12-11 14:39:47',2),(61,'管理报警预警',5,'5,61','ManageAlarm',0,'','',-1,0,'2015-12-11 14:39:47','2015-12-11 14:39:47',2),(62,'查看服务器状态',5,'5,62','ViewServerStatus',0,'','',-1,0,'2015-12-11 14:39:47','2015-12-11 14:39:47',2),(63,'查看广告角标',5,'5,63','ViewADMark',0,'','',0,0,'2015-12-11 14:39:47','2015-12-11 14:39:47',2),(64,'管理广告角标',5,'5,64','ManageADMark',0,'','',0,0,'2015-12-11 14:39:47','2015-12-11 14:39:47',2),(65,'查看本人的订单、创意',7,'1,7,65','ViewOwnOrdersAndCreative',0,'','',0,0,'2015-12-11 14:39:47','2015-12-11 14:39:47',3),(66,'查看本人以及下属的订单、创意',7,'1,7,66','ViewOwnSubordinateOrdersAndCreative',0,'','',0,0,'2015-12-11 14:39:47','2015-12-11 14:39:47',3),(67,'查看所属公司以及相应广告位资源的订单、创意',7,'1,7,67','ViewCompanyOrdersAndCreative',0,'','',0,0,'2015-12-31 10:52:43','2015-12-31 10:52:51',3),(68,'查看所有订单、创意',7,'1,7,68','ViewAllOrdersAndCreative',0,'','',0,0,'2015-12-11 14:39:47','2015-12-11 14:39:47',3),(69,'管理本人的订单、创意',8,'1,8,69','ManageOwnOrderAndCreativity',0,'','',0,0,'2015-12-11 14:39:47','2015-12-11 14:39:47',3),(70,'管理本人以及其下属订单、创意',8,'1,8,70','ManageOwnSubordinateOrdersAndCreativity',0,'','',0,0,'2015-12-11 14:39:47','2015-12-11 14:39:47',3),(71,'管理所属公司以及相应广告位资源订单、创意',8,'1,8,71','ManageCompanyOrdersAndCreative',0,'','',0,0,'2015-12-11 14:39:47','2015-12-11 14:39:47',3),(72,'管理所有订单、创意',8,'1,8,72','ManageAllOrdersAndCreative',0,'','',0,0,'2015-12-11 14:39:47','2015-12-11 14:39:47',3),(73,'总公司一审审核下属订单',9,'1,9,73','HeadCompanyFirstAuditSubordinateOrder',0,'','',0,0,'2015-12-31 10:52:43','2015-12-31 10:52:51',3),(74,'总公司一审审核所属公司以及相应广告位资源订单',9,'1,9,74','HeadCompanyFirstAuditCompanyADSpaceOrder',0,'','',0,0,'2015-12-11 14:39:47','2015-12-11 14:39:47',3),(75,'总公司二审审核所属公司以及相应广告位资源订单',10,'1,10,75','HeadCompanySecondAuditCompanyADSpaceOrder',0,'','',0,0,'2015-12-11 14:39:47','2015-12-11 14:39:47',3),(76,'分公司一审审核所属公司的订单',11,'1,11,76','BranchCompanyFirstAuditAllOrder',0,'','',0,0,'2015-12-11 14:39:47','2015-12-11 14:39:47',3),(77,'分公司二审审核选择所属公司的广告位资源的订单',12,'1,12,77','BranchCompanySecondFirstAuditCompanyADSpaceOrder',0,'','',0,0,'2015-12-11 14:39:47','2015-12-11 14:39:47',3),(78,'监管所有创意',13,'1,13,78','LegalSuperviseAllCreative',0,'','',0,0,'2015-12-11 14:39:47','2015-12-11 14:39:47',3),(79,'监管所属公司以及相应广告位资源的创意',14,'1,14,79','TheArtSuperviseCompanyADSpaceCreative',0,'','',0,0,'2015-12-11 14:39:47','2015-12-11 14:39:47',3),(80,'监管所有创意',14,'1,14,80','TheArtSuperviseAllCreative',0,'','',0,0,'2015-12-11 14:39:47','2015-12-11 14:39:47',3),(81,'查看本人合同',15,'1,15,81','ViewOwnContract',0,'','',0,0,'2015-12-11 14:39:47','2015-12-11 14:39:47',3),(82,'查看本人以及下属合同',15,'1,15,82','ViewOwnAndSubordinateContract',0,'','',0,0,'2015-12-11 14:39:47','2015-12-11 14:39:47',3),(83,'查看所属公司合同',15,'1,15,83','ViewCompanyContract',0,'','',0,0,'2015-12-11 14:39:47','2015-12-11 14:39:47',3),(84,'查看所有公司合同',15,'1,15,84','ViewAllCompanyContract',0,'','',0,0,'2015-12-11 14:39:47','2015-12-11 14:39:47',3),(85,'管理所属公司合同',16,'1,16,85','ManageCompanyContract',0,'','',0,0,'2015-12-11 14:39:47','2015-12-11 14:39:47',3),(86,'管理所有公司合同',16,'1,16,86','ManageAllCompanyContract',0,'','',0,0,'2015-12-11 14:39:47','2015-12-11 14:39:47',3),(87,'查看本人的归档订单',17,'1,17,87','ViewOwnArchiveOrders',0,'','',-1,0,'2015-12-11 14:39:47','2015-12-11 14:39:47',3),(88,'查看本人以及下属归档订单',17,'1,17,88','ViewOwnAndSubordinateArchiveOrders',0,'','',-1,0,'2015-12-31 10:52:43','2015-12-31 10:52:51',3),(89,'查看所属公司的归档订单',17,'1,17,89','ViewCompanyArchiveOrders',0,'','',-1,0,'2015-12-11 14:39:47','2015-12-11 14:39:47',3),(90,'查看所有公司的归档订单',17,'1,17,90','ViewAllArchiveOrders',0,'','',-1,0,'2015-12-11 14:39:47','2015-12-11 14:39:47',3),(91,'归档本人的订单',18,'1,18,91','FileOwnOrder',0,'','',-1,0,'2015-12-11 14:39:47','2015-12-11 14:39:47',3),(92,'归档本人以及下属的订单',18,'1,18,92','FileOwnAndSubordinateOrder',0,'','',-1,0,'2015-12-11 14:39:47','2015-12-11 14:39:47',3),(93,'归档所属公司订单',18,'1,18,93','FileCompanyOrder',0,'','',-1,0,'2015-12-11 14:39:47','2015-12-11 14:39:47',3),(94,'归档所有订单',18,'1,18,94','FileAllOrder',0,'','',-1,0,'2015-12-31 10:52:43','2015-12-31 10:52:51',3),(95,'查看所属媒体、频道、广告位',26,'2,26,95','ViewCompanyMediaChannelADSpace',0,'','',0,0,'2015-12-31 10:52:43','2015-12-31 10:52:43',3),(96,'查看所有媒体、频道、广告位',26,'2,26,96','ViewAllMediaChannelADSpace',0,'','',0,0,'2015-12-31 10:52:43','2015-12-31 10:52:43',3),(97,'管理所属公司的媒体、频道、广告位',27,'2,27,97','ManageCompanyMediaChannelADSpace',0,'','',0,0,'2015-12-31 10:52:43','2015-12-31 10:52:43',3),(98,'管理所有公司的媒体、频道、广告位',27,'2,27,98','ManageAllMediaChannelADSpace',0,'','',0,0,'2015-12-31 10:52:43','2015-12-31 10:52:43',3),(99,'编辑所属公司广告位刊例价',28,'2,28,99','EditCompanyADPrice',0,'','',0,0,'2015-12-31 10:52:43','2015-12-31 10:52:43',3),(100,'编辑所有公司广告位刊例价',28,'2,28,100','EditAllADPrice',0,'','',0,0,'2015-12-31 10:52:43','2015-12-31 10:52:43',3),(101,'审核所属公司广告位',29,'2,29,101','CheckCompanyADSpace',0,'','',0,0,'2015-12-31 10:52:43','2015-12-31 10:52:43',3),(102,'审核所有公司广告位',29,'2,29,102','CheckAllADSpace',0,'','',0,0,'2015-12-31 10:52:43','2015-12-31 10:52:43',3),(103,'禁用所属公司广告位',30,'2,30,103','ForbidCompanyAD',0,'','',0,0,'2015-12-31 10:52:43','2015-12-31 10:52:43',3),(104,'禁用所有公司广告位',30,'2,30,104','ForbidAllAD',0,'','',0,0,'2015-12-31 10:52:43','2015-12-31 10:52:43',3),(105,'查看所属公司刊例',35,'2,35,105','ViewCompanyPeriodication',0,'','',0,0,'2015-12-31 10:52:43','2015-12-31 10:52:43',3),(106,'查看所有公司刊例',35,'2,35,106','ViewAllPeriodication',0,'','',0,0,'2015-12-31 10:52:43','2015-12-31 10:52:43',3),(107,'管理所属公司刊例',36,'2,36,107','ManageCompanyPeriodication',0,'','',0,0,'2015-12-31 10:52:43','2015-12-31 10:52:43',3),(108,'管理所有公司刊例',36,'2,36,108','ManageAllPeriodication',0,'','',0,0,'2015-12-31 10:52:43','2015-12-31 10:52:43',3),(109,'查看本人的客户、相应资质',37,'3,37,109','ViewOwnCustomerQualifications',0,'','',0,0,'2015-12-31 10:52:43','2015-12-31 10:52:51',3),(110,'查看本人以及下属的客户、相应资质',37,'3,37,110','ViewOwnAndSubordinateCustomerQualifications',0,'','',0,0,'2015-12-11 14:39:47','2015-12-11 14:39:47',3),(111,'查看所属公司的客户、相应资质',37,'3,37,111','ViewCompanyCustomerQualifications',0,'','',0,0,'2015-12-11 14:39:47','2015-12-11 14:39:47',3),(112,'查看所有客户、相应资质',37,'3,37,112','ViewAllCustomerQualifications',0,'','',0,0,'2015-12-11 14:39:47','2015-12-11 14:39:47',3),(113,'审核下属的客户信息',38,'3,38,113','ReviewSubordinateCustomer',0,'','',0,0,'2015-12-11 14:39:47','2015-12-11 14:39:47',3),(114,'审核所属公司的客户信息',38,'3,38,114','ReviewCompanyCustomer',0,'','',0,0,'2015-12-11 14:39:47','2015-12-11 14:39:47',3),(115,'审核所有客户的信息',38,'3,39,115','ReviewAllCustomer',0,'','',0,0,'2015-12-31 10:52:43','2015-12-31 10:52:51',3),(116,'管理本人的客户以及相应资质',39,'3,39,116','ManageOwnCustomersQualifications',0,'','',0,0,'2015-12-11 14:39:47','2015-12-11 14:39:47',3),(117,'管理本人以及下属的客户以及相应资质',39,'3,39,117','ManageOwnAndSubordinateCustomersQualifications',0,'','',0,0,'2015-12-11 14:39:47','2015-12-11 14:39:47',3),(118,'管理所属公司的客户以及相应资质',39,'3,39,118','ManageCompanyCustomersQualifications',0,'','',0,0,'2015-12-11 14:39:47','2015-12-11 14:39:47',3),(119,'管理所有客户以及相应资质',39,'3,39,119','ManageAllCustomersQualifications',0,'','',0,0,'2015-12-11 14:39:46','2015-12-11 14:39:46',3),(120,'查看本人的客户数据',40,'4,40,120','ViewOwnCustomerData',0,'','',0,0,'2015-12-11 14:39:47','2015-12-11 14:39:47',3),(121,'查看本人以及下属的客户数据',40,'4,40,121','ViewOwnAndSubordinateCustomersData',0,'','',0,0,'2015-12-11 14:39:47','2015-12-11 14:39:47',3),(122,'查看所属公司的客户数据',40,'4,40,122','ViewCompanyCustomerData',0,'','',0,0,'2015-12-31 10:52:43','2015-12-31 10:52:51',3),(123,'查看所有客户数据',40,'4,40,123','ViewAllCustomerData',0,'','',0,0,'2015-12-11 14:39:47','2015-12-11 14:39:47',3),(124,'查看本人的订单数据',42,'4,42,124','ViewOwnOrderData',0,'','',0,0,'2015-12-11 14:39:47','2015-12-11 14:39:47',3),(125,'查看本人以及下属的订单数据',42,'4,42,125','ViewOwnAndSubordinateOrderData',0,'','',0,0,'2015-12-11 14:39:47','2015-12-11 14:39:47',3),(126,'查看所属公司的订单数据',42,'4,42,126','ViewCompanyOrderData',0,'','',0,0,'2015-12-11 14:39:47','2015-12-11 14:39:47',3),(127,'查看所有订单数据',42,'4,42,127','ViewAllOrderData',0,'','',0,0,'2015-12-11 14:39:47','2015-12-11 14:39:47',3),(128,'查看本人的订单消耗数据',44,'4,44,128','ViewOwnOrderCost',0,'','',0,0,'2015-12-11 14:39:47','2015-12-11 14:39:47',3),(129,'查看本人以及下属的订单消耗数据',44,'4,44,129','ViewOwnAndSubordinateOrderCost',0,'','',0,0,'2015-12-11 14:39:47','2015-12-11 14:39:47',3),(130,'查看所属公司的订单消耗数据',44,'4,44,130','ViewCompanyOrderCost',0,'','',0,0,'2015-12-11 14:39:47','2015-12-11 14:39:47',3),(131,'查看所有订单消耗数据',44,'4,44,131','ViewAllOrderCost',0,'','',0,0,'2015-12-11 14:39:47','2015-12-11 14:39:47',3),(132,'查看本人的合同消耗数据',45,'4,45,132','ViewOwnContractCost',0,'','',0,0,'2015-12-11 14:39:47','2015-12-11 14:39:47',3),(133,'查看本人以及下属的合同消耗数据',45,'4,45,133','ViewOwnAndSubordinateContractCost',0,'','',0,0,'2015-12-11 14:39:47','2015-12-11 14:39:47',3),(134,'查看所属公司的合同消耗数据',45,'4,45,134','ViewCompanyContractCost',0,'','',0,0,'2015-12-11 14:39:47','2015-12-11 14:39:47',3),(135,'查看所有合同的消耗数据',45,'4,45,135','ViewAllContractCost',0,'','',0,0,'2015-12-11 14:39:47','2015-12-11 14:39:47',3),(136,'查看所属公司',46,'5,46,136','ViewOwnedCompany',0,'','',0,0,'2015-12-31 10:52:43','2015-12-31 10:52:51',3),(137,'查看所有公司',46,'5,46,137','ViewAllCompany',0,'','',0,0,'2015-12-11 14:39:47','2015-12-11 14:39:47',3),(138,'管理所属公司',47,'5,47,138','ManageCompanyCompany',0,'','',0,0,'2015-12-11 14:39:47','2015-12-11 14:39:47',3),(139,'管理所有公司',47,'5,47,139','ManageAllCompany',0,'','',0,0,'2015-12-11 14:39:47','2015-12-11 14:39:47',3),(140,'查看所属公司部门',48,'5,48,140','ViewCompanyDepartment',0,'','',0,0,'2015-12-11 14:39:47','2015-12-11 14:39:47',3),(141,'查看所有公司部门',48,'5,48,141','ViewAllDepartment',0,'','',0,0,'2015-12-11 14:39:47','2015-12-11 14:39:47',3),(142,'管理所属公司的部门',49,'5,49,142','ManageCompanyDepartment',0,'','',0,0,'2015-12-31 10:52:43','2015-12-31 10:52:51',3),(143,'管理所有公司的部门',49,'5,49,143','ManageAllDepartment',0,'','',0,0,'2015-12-11 14:39:47','2015-12-11 14:39:47',3),(144,'查看所属公司的用户',52,'5,52,144','ViewCompanyUser',0,'','',0,0,'2015-12-11 14:39:47','2015-12-11 14:39:47',3),(145,'查看所有公司的用户',52,'5,52,145','ViewAllCompanyUser',0,'','',0,0,'2015-12-11 14:39:47','2015-12-11 14:39:47',3),(146,'管理所属公司的用户',53,'5,53,146','ManageCompanyUser',0,'','',0,0,'2015-12-11 14:39:47','2015-12-11 14:39:47',3),(147,'管理所有有公司用户',53,'5,54,147','ManageAllCompanyUser',0,'','',0,0,'2015-12-11 14:39:47','2015-12-11 14:39:47',3),(148,'内容管理',1,'1,148','ManageContent',0,NULL,NULL,0,0,'2015-12-11 14:39:47','2015-12-11 14:39:47',2),(149,'内容审核',1,'1,149','AuditContent',0,NULL,NULL,0,0,'2015-12-11 14:39:47','2015-12-11 14:39:47',2),(150,'内容查看',1,'1,151','ViewContent',0,NULL,NULL,0,0,'2015-12-11 14:39:47','2015-12-11 14:39:47',2),(151,'特效查看',5,'5,151','ViewSpecialEffects',0,NULL,NULL,0,0,'2016-09-05 15:40:51','2016-09-05 15:40:53',2),(152,'特效管理',5,'5,152','ManageSpecialEffects',0,NULL,NULL,0,0,'2015-12-11 14:39:47','2015-12-11 14:39:47',2),(153,'订单数据权限',1,'1,153','OrderDataAuthority',0,NULL,NULL,0,0,'2015-12-11 14:39:47','2015-12-11 14:39:47',2),(157,'修改投放订单状态',1,'1,157','UpdatePutOrdersState',0,NULL,NULL,0,0,'2015-12-11 14:39:47','2015-12-11 14:39:47',2),(158,'作废投放订单、创意',1,'1,158','StopPutOrdersState',0,NULL,NULL,0,0,'2015-12-11 14:39:47','2015-12-11 14:39:47',2),(159,'撤销预投放订单',1,'1,159','RecallPutOrdersState',0,NULL,NULL,0,0,'2015-12-11 14:39:47','2015-12-11 14:39:47',2),(160,'修改本人投放订单状态',157,'1,157,160','UpdateOwnPutOrdersState',0,NULL,NULL,0,0,'2015-12-11 14:39:47','2015-12-11 14:39:47',3),(161,'修改本人以及其下属投放订单状态',157,'1,157,161','UpdateOwnAndSubordinatePutOrdersState',0,NULL,NULL,0,0,'2015-12-11 14:39:47','2015-12-11 14:39:47',3),(162,'修改所属公司投放订单状态',157,'1,157,162','UpdateCompanyOrdersState',0,NULL,NULL,0,0,'2015-12-11 14:39:47','2015-12-11 14:39:47',3),(163,'修改所有投放订单状态',157,'1,157,163','UpdateAllPutOrdersState',0,NULL,NULL,0,0,'2015-12-11 14:39:47','2015-12-11 14:39:47',3),(164,'作废本人的投放订单、创意',158,'1,158,164','StopOwnPutOrdersState',0,NULL,NULL,0,0,'2015-12-11 14:39:47','2015-12-11 14:39:47',3),(165,'作废本人以及其下属投放订单、创意',158,'1,158,165','StopOwnAndSubordinatePutOrdersState',0,NULL,NULL,0,0,'2015-12-11 14:39:47','2015-12-11 14:39:47',3),(166,'作废所属公司投放订单、创意',158,'1,158,166','StopCompanyPutOrdersState',0,NULL,NULL,0,0,'2015-12-11 14:39:47','2015-12-11 14:39:47',3),(167,'作废所有投放订单、创意',158,'1,158,167','StopAllPutOrdersState',0,NULL,NULL,0,0,'2015-12-11 14:39:47','2015-12-11 14:39:47',3),(168,'撤销预本人投放订单',159,'1,159,168','RecallOwnPutOrdersState',0,NULL,NULL,0,0,'2015-12-11 14:39:47','2015-12-11 14:39:47',3),(169,'撤销预本人以及其下属投放订单',159,'1,159,169','RecallOwnAndSubordinatePutOrdersState',0,NULL,NULL,0,0,'2015-12-11 14:39:47','2015-12-11 14:39:47',3),(170,'撤销预所属公司投放订单',159,'1,159,170','RecallCompanyPutOrdersState',0,NULL,NULL,0,0,'2015-12-11 14:39:47','2015-12-11 14:39:47',3),(171,'撤销预所有投放订单',159,'1,159,171','RecallAllPutOrdersState',0,NULL,NULL,0,0,'2015-12-11 14:39:47','2015-12-11 14:39:47',3),(172,'查看审核流程',1,'1,172','ViewAuditProcess',0,NULL,NULL,0,0,'2015-12-11 14:39:47','2015-12-11 14:39:47',2),(173,'管理审核流程',1,'1,173','ManageAuditProcess',0,NULL,NULL,0,0,'2015-12-11 14:39:47','2015-12-11 14:39:47',2),(174,'查看排期广告位使用详情',1,'1,174','ViewAdUsageDetails',0,NULL,NULL,0,0,'2015-12-11 14:39:47','2015-12-11 14:39:47',2),(175,'查看所属公司广告位使用详情',174,'1,174,175','ViewCompanyAdUsageDetails',0,NULL,NULL,0,0,'2015-12-11 14:39:47','2015-12-11 14:39:47',3),(176,'查看所有公司广告位使用详情',174,'1,174,176','ViewAllAdUsageDetails',0,NULL,NULL,0,0,'2015-12-11 14:39:47','2015-12-11 14:39:47',3),(177,'查看监控',5,'5,177','ViewMonitor',0,NULL,NULL,0,0,'2015-12-11 14:39:47','2015-12-11 14:39:47',2),(178,'管理监控',5,'5,178','ManageMonitor',0,NULL,NULL,0,0,'2015-12-11 14:39:47','2015-12-11 14:39:47',2),(179,'查看本人客户的订单',1,'5,179','ViewOwnCustomerOrder',0,NULL,NULL,0,0,'2015-12-11 14:39:47','2015-12-11 14:39:47',2),(180,'查看本人的内容',150,'1,150,179','ViewOwnContent',0,NULL,NULL,0,0,'2015-12-11 14:39:47','2015-12-11 14:39:47',3),(181,'查看本人和下属内容',150,'1,150,180','ViewOwnAndSubordinateContent',0,NULL,NULL,0,0,'2015-12-11 14:39:47','2015-12-11 14:39:47',3),(182,'查看所属公司内容',150,'1,150,181','ViewCompanyContent',0,NULL,NULL,0,0,'2015-12-11 14:39:47','2015-12-11 14:39:47',3),(183,'查看所有内容',150,'1,150,182','ViewAllContent',0,NULL,NULL,0,0,'2015-12-11 14:39:47','2015-12-11 14:39:47',3),(184,'管理本人的内容',148,'1,148,184','ManageOwnContent',0,NULL,NULL,0,0,'2015-12-11 14:39:47','2015-12-11 14:39:47',3),(185,'管理本人以及下属的内容',148,'1,148,185','ManageOwnAndSubordinateContent',0,NULL,NULL,0,0,'2015-12-11 14:39:47','2015-12-11 14:39:47',3),(186,'管理所属公司的内容',148,'1,148,186','ManageCompanyContent',0,NULL,NULL,0,0,'2015-12-11 14:39:47','2015-12-11 14:39:47',3),(187,'管理所有内容',148,'1,148,187','ManageAllContent',0,NULL,NULL,0,0,'2015-12-11 14:39:47','2015-12-11 14:39:47',3),(188,'审核所属公司的内容',149,'1,149,188','AuditCompanyContent',0,NULL,NULL,0,0,'2015-12-11 14:39:47','2015-12-11 14:39:47',3),(189,'审核所有公司的内容',149,'1,149,189','AuditAllContent',0,NULL,NULL,0,0,'2015-12-11 14:39:47','2015-12-11 14:39:47',3),(191,'监管创意',1,'1,191','SuperviseCreative',0,NULL,NULL,0,0,'2015-12-11 14:39:47','2015-12-11 14:39:47',2),(192,'监管素材',1,'1,192','SuperviseMaterial',0,NULL,NULL,0,0,'2015-12-11 14:39:47','2015-12-11 14:39:47',2),(193,'监管网络安全',1,'1,193','SuperviseNetworkSecurity',0,NULL,NULL,0,0,'2015-12-11 14:39:47','2015-12-11 14:39:47',2),(194,'监管所属公司创意',191,'1,191,194','SuperviseCompanyCreative',0,NULL,NULL,0,0,'2015-12-11 14:39:47','2015-12-11 14:39:47',3),(195,'监管所有公司创意',191,'1,191,195','SuperviseAllCreative',0,NULL,NULL,0,0,'2015-12-11 14:39:47','2015-12-11 14:39:47',3),(196,'监管所属公司素材',192,'1,192,196','SuperviseCompanyMaterial',0,NULL,NULL,0,0,'2015-12-11 14:39:47','2015-12-11 14:39:47',3),(197,'监管所有公司素材',192,'1,192,197','SuperviseAllMaterial',0,NULL,NULL,0,0,'2015-12-11 14:39:47','2015-12-11 14:39:47',3),(198,'监管所属公司创意',193,'1,193,198','SuperviseCompanyNetworkSecurity',0,NULL,NULL,0,0,'2015-12-11 14:39:47','2015-12-11 14:39:47',3),(199,'监管所有公司素材',193,'1,193,199','SuperviseAllNetworkSecurity',0,NULL,NULL,0,0,'2015-12-11 14:39:47','2015-12-11 14:39:47',3),(200,'数据概要',4,'4,200','ViewDataSummary',0,NULL,NULL,0,0,'2015-12-11 14:39:47','2015-12-11 14:39:47',2);

/*Table structure for table `role_right_relation` */

DROP TABLE IF EXISTS `role_right_relation`;

CREATE TABLE `role_right_relation` (
  `Id` int(11) NOT NULL AUTO_INCREMENT COMMENT '主键ID',
  `RoleId` int(11) DEFAULT '0' COMMENT '角色ID',
  `RightId` int(11) DEFAULT '0' COMMENT '权限ID',
  `Remark` varchar(500) DEFAULT NULL COMMENT '备注',
  `State` int(11) DEFAULT '0' COMMENT '状态 -1禁用 0正常',
  `Sort` int(11) DEFAULT '0' COMMENT '排序地段 低到高',
  `CreateTime` datetime DEFAULT NULL COMMENT '创建日期',
  `UpdateTime` datetime DEFAULT NULL COMMENT '更新日期',
  PRIMARY KEY (`Id`)
) ENGINE=InnoDB AUTO_INCREMENT=14828 DEFAULT CHARSET=utf8;

/*Data for the table `role_right_relation` */

insert  into `role_right_relation`(`Id`,`RoleId`,`RightId`,`Remark`,`State`,`Sort`,`CreateTime`,`UpdateTime`) values (1,1,1,NULL,0,0,'2016-07-13 19:10:18','2016-07-13 19:10:17'),(2,1,2,NULL,0,0,'2016-07-13 19:10:18','2016-07-13 19:10:18'),(3,1,3,NULL,0,0,'2016-07-13 19:10:19','2016-07-13 19:10:19'),(4,1,4,NULL,0,0,'2016-07-13 19:10:19','2016-07-13 19:10:19'),(5,1,5,NULL,0,0,'2016-07-13 19:10:19','2016-07-13 19:10:19'),(6,1,6,NULL,0,0,'2016-07-13 19:10:19','2016-07-13 19:10:19'),(7,1,7,NULL,0,0,'2016-07-13 19:10:19','2016-07-13 19:10:19'),(8,1,8,NULL,0,0,'2016-07-13 19:10:19','2016-07-13 19:10:19'),(9,1,9,NULL,0,0,'2016-07-13 19:10:19','2016-07-13 19:10:19'),(10,1,10,NULL,0,0,'2016-07-13 19:10:19','2016-07-13 19:10:19'),(11,1,11,NULL,0,0,'2016-07-13 19:10:20','2016-07-13 19:10:20'),(12,1,12,NULL,0,0,'2016-07-13 19:10:20','2016-07-13 19:10:20'),(13,1,13,NULL,0,0,'2016-07-13 19:10:20','2016-07-13 19:10:20'),(14,1,14,NULL,0,0,'2016-07-13 19:10:20','2016-07-13 19:10:20'),(15,1,15,NULL,0,0,'2016-07-13 19:10:20','2016-07-13 19:10:20'),(16,1,16,NULL,0,0,'2016-07-13 19:10:20','2016-07-13 19:10:20'),(17,1,17,NULL,0,0,'2016-07-13 19:10:20','2016-07-13 19:10:20'),(18,1,18,NULL,0,0,'2016-07-13 19:10:20','2016-07-13 19:10:20'),(19,1,19,NULL,0,0,'2016-07-13 19:10:20','2016-07-13 19:10:20'),(20,1,20,NULL,0,0,'2016-07-13 19:10:21','2016-07-13 19:10:21'),(21,1,21,NULL,0,0,'2016-07-13 19:10:21','2016-07-13 19:10:21'),(22,1,22,NULL,0,0,'2016-07-13 19:10:21','2016-07-13 19:10:21'),(23,1,23,NULL,0,0,'2016-07-13 19:10:21','2016-07-13 19:10:21'),(24,1,24,NULL,0,0,'2016-07-13 19:10:21','2016-07-13 19:10:21'),(25,1,25,NULL,0,0,'2016-07-13 19:10:21','2016-07-13 19:10:21'),(26,1,26,NULL,0,0,'2016-07-13 19:10:21','2016-07-13 19:10:21'),(27,1,27,NULL,0,0,'2016-07-13 19:10:21','2016-07-13 19:10:21'),(28,1,28,NULL,0,0,'2016-07-13 19:10:22','2016-07-13 19:10:22'),(29,1,29,NULL,0,0,'2016-07-13 19:10:22','2016-07-13 19:10:22'),(30,1,30,NULL,0,0,'2016-07-13 19:10:22','2016-07-13 19:10:22'),(31,1,31,NULL,0,0,'2016-07-13 19:10:22','2016-07-13 19:10:22'),(32,1,32,NULL,0,0,'2016-07-13 19:10:22','2016-07-13 19:10:22'),(33,1,33,NULL,0,0,'2016-07-13 19:10:22','2016-07-13 19:10:22'),(34,1,34,NULL,0,0,'2016-07-13 19:10:22','2016-07-13 19:10:22'),(35,1,35,NULL,0,0,'2016-07-13 19:10:22','2016-07-13 19:10:22'),(36,1,36,NULL,0,0,'2016-07-13 19:10:22','2016-07-13 19:10:22'),(37,1,37,NULL,0,0,'2016-07-13 19:10:23','2016-07-13 19:10:23'),(38,1,38,NULL,0,0,'2016-07-13 19:10:23','2016-07-13 19:10:23'),(39,1,39,NULL,0,0,'2016-07-13 19:10:23','2016-07-13 19:10:23'),(40,1,40,NULL,0,0,'2016-07-13 19:10:23','2016-07-13 19:10:23'),(41,1,41,NULL,0,0,'2016-07-13 19:10:23','2016-07-13 19:10:23'),(42,1,42,NULL,0,0,'2016-07-13 19:10:23','2016-07-13 19:10:23'),(43,1,43,NULL,0,0,'2016-07-13 19:10:24','2016-07-13 19:10:24'),(44,1,44,NULL,0,0,'2016-07-13 19:10:24','2016-07-13 19:10:24'),(45,1,46,NULL,0,0,'2016-07-13 19:10:24','2016-07-13 19:10:24'),(46,1,47,NULL,0,0,'2016-07-13 19:10:24','2016-07-13 19:10:24'),(47,1,48,NULL,0,0,'2016-07-13 19:10:24','2016-07-13 19:10:24'),(48,1,49,NULL,0,0,'2016-07-13 19:10:24','2016-07-13 19:10:24'),(49,1,50,NULL,0,0,'2016-07-13 19:10:24','2016-07-13 19:10:24'),(50,1,51,NULL,0,0,'2016-07-13 19:10:24','2016-07-13 19:10:24'),(51,1,52,NULL,0,0,'2016-07-13 19:10:25','2016-07-13 19:10:25'),(52,1,53,NULL,0,0,'2016-07-13 19:10:25','2016-07-13 19:10:25'),(53,1,54,NULL,0,0,'2016-07-13 19:10:25','2016-07-13 19:10:25'),(54,1,55,NULL,0,0,'2016-07-13 19:10:25','2016-07-13 19:10:25'),(55,1,56,NULL,0,0,'2016-07-13 19:10:25','2016-07-13 19:10:25'),(56,1,57,NULL,0,0,'2016-07-13 19:10:25','2016-07-13 19:10:25'),(57,1,58,NULL,0,0,'2016-07-13 19:10:25','2016-07-13 19:10:25'),(58,1,59,NULL,0,0,'2016-07-13 19:10:25','2016-07-13 19:10:25'),(59,1,60,NULL,0,0,'2016-07-13 19:10:26','2016-07-13 19:10:26'),(60,1,61,NULL,0,0,'2016-07-13 19:10:26','2016-07-13 19:10:26'),(61,1,62,NULL,0,0,'2016-07-13 19:10:26','2016-07-13 19:10:26'),(62,1,63,NULL,0,0,'2016-07-13 19:10:26','2016-07-13 19:10:26'),(63,1,64,NULL,0,0,'2016-07-13 19:10:26','2016-07-13 19:10:26'),(64,1,65,NULL,0,0,'2016-07-13 19:10:26','2016-07-13 19:10:26'),(65,1,66,NULL,0,0,'2016-07-13 19:10:26','2016-07-13 19:10:26'),(66,1,67,NULL,0,0,'2016-07-13 19:10:26','2016-07-13 19:10:26'),(67,1,68,NULL,0,0,'2016-07-13 19:10:26','2016-07-13 19:10:26'),(68,1,69,NULL,0,0,'2016-07-13 19:10:27','2016-07-13 19:10:27'),(69,1,70,NULL,0,0,'2016-07-13 19:10:27','2016-07-13 19:10:27'),(70,1,71,NULL,0,0,'2016-07-13 19:10:27','2016-07-13 19:10:27'),(71,1,72,NULL,0,0,'2016-07-13 19:10:27','2016-07-13 19:10:27'),(72,1,73,NULL,0,0,'2016-07-13 19:10:27','2016-07-13 19:10:27'),(73,1,74,NULL,0,0,'2016-07-13 19:10:27','2016-07-13 19:10:27'),(74,1,75,NULL,0,0,'2016-07-13 19:10:27','2016-07-13 19:10:27'),(75,1,76,NULL,0,0,'2016-07-13 19:10:28','2016-07-13 19:10:28'),(76,1,77,NULL,0,0,'2016-07-13 19:10:28','2016-07-13 19:10:28'),(77,1,78,NULL,0,0,'2016-07-13 19:10:28','2016-07-13 19:10:28'),(78,1,79,NULL,0,0,'2016-07-13 19:10:28','2016-07-13 19:10:28'),(79,1,80,NULL,0,0,'2016-07-13 19:10:28','2016-07-13 19:10:28'),(80,1,83,NULL,0,0,'2016-07-13 19:10:28','2016-07-13 19:10:28'),(81,1,84,NULL,0,0,'2016-07-13 19:10:28','2016-07-13 19:10:28'),(82,1,85,NULL,0,0,'2016-07-13 19:10:28','2016-07-13 19:10:28'),(83,1,86,NULL,0,0,'2016-07-13 19:10:28','2016-07-13 19:10:28'),(84,1,87,NULL,0,0,'2016-07-13 19:10:29','2016-07-13 19:10:28'),(85,1,88,NULL,0,0,'2016-07-13 19:10:29','2016-07-13 19:10:29'),(86,1,89,NULL,0,0,'2016-07-13 19:10:29','2016-07-13 19:10:29'),(87,1,90,NULL,0,0,'2016-07-13 19:10:29','2016-07-13 19:10:29'),(88,1,91,NULL,0,0,'2016-07-13 19:10:29','2016-07-13 19:10:29'),(89,1,92,NULL,0,0,'2016-07-13 19:10:29','2016-07-13 19:10:29'),(90,1,93,NULL,0,0,'2016-07-13 19:10:29','2016-07-13 19:10:29'),(91,1,94,NULL,0,0,'2016-07-13 19:10:29','2016-07-13 19:10:29'),(92,1,95,NULL,0,0,'2016-07-13 19:10:29','2016-07-13 19:10:29'),(93,1,96,NULL,0,0,'2016-07-13 19:10:29','2016-07-13 19:10:29'),(94,1,97,NULL,0,0,'2016-07-13 19:10:30','2016-07-13 19:10:30'),(95,1,98,NULL,0,0,'2016-07-13 19:10:30','2016-07-13 19:10:30'),(96,1,99,NULL,0,0,'2016-07-13 19:10:30','2016-07-13 19:10:30'),(97,1,100,NULL,0,0,'2016-07-13 19:10:30','2016-07-13 19:10:30'),(98,1,101,NULL,0,0,'2016-07-13 19:10:30','2016-07-13 19:10:30'),(99,1,102,NULL,0,0,'2016-07-13 19:10:30','2016-07-13 19:10:30'),(100,1,103,NULL,0,0,'2016-07-13 19:10:30','2016-07-13 19:10:30'),(101,1,104,NULL,0,0,'2016-07-13 19:10:30','2016-07-13 19:10:30'),(102,1,105,NULL,0,0,'2016-07-13 19:10:30','2016-07-13 19:10:30'),(103,1,106,NULL,0,0,'2016-07-13 19:10:31','2016-07-13 19:10:31'),(104,1,107,NULL,0,0,'2016-07-13 19:10:31','2016-07-13 19:10:31'),(105,1,108,NULL,0,0,'2016-07-13 19:10:31','2016-07-13 19:10:31'),(106,1,109,NULL,0,0,'2016-07-13 19:10:31','2016-07-13 19:10:31'),(107,1,110,NULL,0,0,'2016-07-13 19:10:31','2016-07-13 19:10:31'),(108,1,111,NULL,0,0,'2016-07-13 19:10:31','2016-07-13 19:10:31'),(109,1,112,NULL,0,0,'2016-07-13 19:10:31','2016-07-13 19:10:31'),(110,1,113,NULL,0,0,'2016-07-13 19:10:31','2016-07-13 19:10:31'),(111,1,114,NULL,0,0,'2016-07-13 19:10:31','2016-07-13 19:10:31'),(112,1,115,NULL,0,0,'2016-07-13 19:10:32','2016-07-13 19:10:32'),(113,1,116,NULL,0,0,'2016-07-13 19:10:32','2016-07-13 19:10:32'),(114,1,117,NULL,0,0,'2016-07-13 19:10:32','2016-07-13 19:10:32'),(115,1,118,NULL,0,0,'2016-07-13 19:10:32','2016-07-13 19:10:32'),(116,1,119,NULL,0,0,'2016-07-13 19:10:32','2016-07-13 19:10:32'),(117,1,120,NULL,0,0,'2016-07-13 19:10:32','2016-07-13 19:10:32'),(118,1,121,NULL,0,0,'2016-07-13 19:10:32','2016-07-13 19:10:32'),(119,1,122,NULL,0,0,'2016-07-13 19:10:32','2016-07-13 19:10:32'),(120,1,123,NULL,0,0,'2016-07-13 19:10:32','2016-07-13 19:10:32'),(121,1,124,NULL,0,0,'2016-07-13 19:10:33','2016-07-13 19:10:33'),(122,1,125,NULL,0,0,'2016-07-13 19:10:33','2016-07-13 19:10:33'),(123,1,126,NULL,0,0,'2016-07-13 19:10:33','2016-07-13 19:10:33'),(124,1,127,NULL,0,0,'2016-07-13 19:10:33','2016-07-13 19:10:33'),(125,1,127,NULL,0,0,'2016-07-13 19:10:33','2016-07-13 19:10:33'),(126,1,137,NULL,0,0,'2016-07-13 19:10:33','2016-07-13 19:10:33'),(127,1,138,NULL,0,0,'2016-07-13 19:10:33','2016-07-13 19:10:33'),(128,1,139,NULL,0,0,'2016-07-13 19:10:33','2016-07-13 19:10:33'),(129,1,140,NULL,0,0,'2016-07-13 19:10:33','2016-07-13 19:10:33'),(130,1,141,NULL,0,0,'2016-07-13 19:10:34','2016-07-13 19:10:34'),(131,1,142,NULL,0,0,'2016-07-13 19:10:34','2016-07-13 19:10:34'),(132,1,143,NULL,0,0,'2016-07-13 19:10:34','2016-07-13 19:10:34'),(133,1,144,NULL,0,0,'2016-07-13 19:10:34','2016-07-13 19:10:34'),(134,1,145,NULL,0,0,'2016-07-13 19:10:34','2016-07-13 19:10:34'),(135,1,146,NULL,0,0,'2016-07-13 19:10:34','2016-07-13 19:10:34'),(136,1,1,NULL,0,0,'2016-07-14 09:30:54','2016-07-14 09:30:53'),(137,1,2,NULL,0,0,'2016-07-14 09:30:54','2016-07-14 09:30:54'),(138,1,3,NULL,0,0,'2016-07-14 09:30:54','2016-07-14 09:30:54'),(139,1,4,NULL,0,0,'2016-07-14 09:30:54','2016-07-14 09:30:54'),(140,1,5,NULL,0,0,'2016-07-14 09:30:55','2016-07-14 09:30:55'),(141,1,6,NULL,0,0,'2016-07-14 09:30:55','2016-07-14 09:30:55'),(142,1,7,NULL,0,0,'2016-07-14 09:30:55','2016-07-14 09:30:55'),(143,1,8,NULL,0,0,'2016-07-14 09:30:55','2016-07-14 09:30:55'),(144,1,9,NULL,0,0,'2016-07-14 09:30:55','2016-07-14 09:30:55'),(145,1,10,NULL,0,0,'2016-07-14 09:30:55','2016-07-14 09:30:55'),(146,1,11,NULL,0,0,'2016-07-14 09:30:55','2016-07-14 09:30:55'),(147,1,12,NULL,0,0,'2016-07-14 09:30:56','2016-07-14 09:30:56'),(148,1,13,NULL,0,0,'2016-07-14 09:30:56','2016-07-14 09:30:56'),(149,1,14,NULL,0,0,'2016-07-14 09:30:56','2016-07-14 09:30:56'),(150,1,15,NULL,0,0,'2016-07-14 09:30:56','2016-07-14 09:30:56'),(151,1,16,NULL,0,0,'2016-07-14 09:30:56','2016-07-14 09:30:56'),(152,1,17,NULL,0,0,'2016-07-14 09:30:56','2016-07-14 09:30:56'),(153,1,18,NULL,0,0,'2016-07-14 09:30:57','2016-07-14 09:30:57'),(154,1,19,NULL,0,0,'2016-07-14 09:30:57','2016-07-14 09:30:57'),(155,1,20,NULL,0,0,'2016-07-14 09:30:57','2016-07-14 09:30:57'),(156,1,21,NULL,0,0,'2016-07-14 09:30:57','2016-07-14 09:30:57'),(157,1,22,NULL,0,0,'2016-07-14 09:30:57','2016-07-14 09:30:57'),(158,1,23,NULL,0,0,'2016-07-14 09:30:58','2016-07-14 09:30:58'),(159,1,24,NULL,0,0,'2016-07-14 09:30:58','2016-07-14 09:30:58'),(160,1,25,NULL,0,0,'2016-07-14 09:30:58','2016-07-14 09:30:58'),(161,1,26,NULL,0,0,'2016-07-14 09:30:58','2016-07-14 09:30:58'),(162,1,27,NULL,0,0,'2016-07-14 09:30:58','2016-07-14 09:30:58'),(163,1,28,NULL,0,0,'2016-07-14 09:30:58','2016-07-14 09:30:58'),(164,1,29,NULL,0,0,'2016-07-14 09:30:58','2016-07-14 09:30:58'),(165,1,30,NULL,0,0,'2016-07-14 09:30:58','2016-07-14 09:30:58'),(166,1,31,NULL,0,0,'2016-07-14 09:30:59','2016-07-14 09:30:59'),(167,1,32,NULL,0,0,'2016-07-14 09:30:59','2016-07-14 09:30:59'),(168,1,33,NULL,0,0,'2016-07-14 09:30:59','2016-07-14 09:30:59'),(169,1,34,NULL,0,0,'2016-07-14 09:30:59','2016-07-14 09:30:59'),(170,1,35,NULL,0,0,'2016-07-14 09:30:59','2016-07-14 09:30:59'),(171,1,36,NULL,0,0,'2016-07-14 09:30:59','2016-07-14 09:30:59'),(172,1,37,NULL,0,0,'2016-07-14 09:30:59','2016-07-14 09:30:59'),(173,1,38,NULL,0,0,'2016-07-14 09:30:59','2016-07-14 09:30:59'),(174,1,39,NULL,0,0,'2016-07-14 09:30:59','2016-07-14 09:30:59'),(175,1,40,NULL,0,0,'2016-07-14 09:31:00','2016-07-14 09:31:00'),(176,1,41,NULL,0,0,'2016-07-14 09:31:00','2016-07-14 09:31:00'),(177,1,42,NULL,0,0,'2016-07-14 09:31:00','2016-07-14 09:31:00'),(178,1,43,NULL,0,0,'2016-07-14 09:31:00','2016-07-14 09:31:00'),(179,1,44,NULL,0,0,'2016-07-14 09:31:00','2016-07-14 09:31:00'),(180,1,46,NULL,0,0,'2016-07-14 09:31:01','2016-07-14 09:31:01'),(181,1,47,NULL,0,0,'2016-07-14 09:31:01','2016-07-14 09:31:01'),(182,1,48,NULL,0,0,'2016-07-14 09:31:01','2016-07-14 09:31:01'),(183,1,49,NULL,0,0,'2016-07-14 09:31:01','2016-07-14 09:31:01'),(184,1,50,NULL,0,0,'2016-07-14 09:31:01','2016-07-14 09:31:01'),(185,1,51,NULL,0,0,'2016-07-14 09:31:01','2016-07-14 09:31:01'),(186,1,52,NULL,0,0,'2016-07-14 09:31:01','2016-07-14 09:31:01'),(187,1,53,NULL,0,0,'2016-07-14 09:31:02','2016-07-14 09:31:02'),(188,1,54,NULL,0,0,'2016-07-14 09:31:02','2016-07-14 09:31:02'),(189,1,55,NULL,0,0,'2016-07-14 09:31:02','2016-07-14 09:31:02'),(190,1,56,NULL,0,0,'2016-07-14 09:31:02','2016-07-14 09:31:02'),(191,1,57,NULL,0,0,'2016-07-14 09:31:02','2016-07-14 09:31:02'),(192,1,58,NULL,0,0,'2016-07-14 09:31:02','2016-07-14 09:31:02'),(193,1,59,NULL,0,0,'2016-07-14 09:31:02','2016-07-14 09:31:02'),(194,1,60,NULL,0,0,'2016-07-14 09:31:02','2016-07-14 09:31:02'),(195,1,61,NULL,0,0,'2016-07-14 09:31:02','2016-07-14 09:31:02'),(196,1,62,NULL,0,0,'2016-07-14 09:31:03','2016-07-14 09:31:03'),(197,1,63,NULL,0,0,'2016-07-14 09:31:03','2016-07-14 09:31:03'),(198,1,64,NULL,0,0,'2016-07-14 09:31:03','2016-07-14 09:31:03'),(199,1,65,NULL,0,0,'2016-07-14 09:31:03','2016-07-14 09:31:03'),(200,1,66,NULL,0,0,'2016-07-14 09:31:03','2016-07-14 09:31:03'),(201,1,67,NULL,0,0,'2016-07-14 09:31:03','2016-07-14 09:31:03'),(202,1,68,NULL,0,0,'2016-07-14 09:31:04','2016-07-14 09:31:04'),(203,1,69,NULL,0,0,'2016-07-14 09:31:04','2016-07-14 09:31:04'),(204,1,70,NULL,0,0,'2016-07-14 09:31:04','2016-07-14 09:31:04'),(205,1,71,NULL,0,0,'2016-07-14 09:31:04','2016-07-14 09:31:04'),(206,1,72,NULL,0,0,'2016-07-14 09:31:04','2016-07-14 09:31:04'),(207,1,73,NULL,0,0,'2016-07-14 09:31:04','2016-07-14 09:31:04'),(208,1,74,NULL,0,0,'2016-07-14 09:31:04','2016-07-14 09:31:04'),(209,1,75,NULL,0,0,'2016-07-14 09:31:04','2016-07-14 09:31:04'),(210,1,76,NULL,0,0,'2016-07-14 09:31:05','2016-07-14 09:31:05'),(211,1,77,NULL,0,0,'2016-07-14 09:31:05','2016-07-14 09:31:05'),(212,1,78,NULL,0,0,'2016-07-14 09:31:05','2016-07-14 09:31:05'),(213,1,79,NULL,0,0,'2016-07-14 09:31:05','2016-07-14 09:31:05'),(214,1,80,NULL,0,0,'2016-07-14 09:31:06','2016-07-14 09:31:06'),(215,1,83,NULL,0,0,'2016-07-14 09:31:06','2016-07-14 09:31:06'),(216,1,84,NULL,0,0,'2016-07-14 09:31:06','2016-07-14 09:31:06'),(217,1,85,NULL,0,0,'2016-07-14 09:31:06','2016-07-14 09:31:06'),(218,1,86,NULL,0,0,'2016-07-14 09:31:06','2016-07-14 09:31:06'),(219,1,87,NULL,0,0,'2016-07-14 09:31:06','2016-07-14 09:31:06'),(220,1,88,NULL,0,0,'2016-07-14 09:31:06','2016-07-14 09:31:06'),(221,1,89,NULL,0,0,'2016-07-14 09:31:06','2016-07-14 09:31:06'),(222,1,90,NULL,0,0,'2016-07-14 09:31:07','2016-07-14 09:31:07'),(223,1,91,NULL,0,0,'2016-07-14 09:31:07','2016-07-14 09:31:07'),(224,1,92,NULL,0,0,'2016-07-14 09:31:07','2016-07-14 09:31:07'),(225,1,93,NULL,0,0,'2016-07-14 09:31:07','2016-07-14 09:31:07'),(226,1,94,NULL,0,0,'2016-07-14 09:31:07','2016-07-14 09:31:07'),(227,1,95,NULL,0,0,'2016-07-14 09:31:07','2016-07-14 09:31:07'),(228,1,96,NULL,0,0,'2016-07-14 09:31:07','2016-07-14 09:31:07'),(229,1,97,NULL,0,0,'2016-07-14 09:31:08','2016-07-14 09:31:08'),(230,1,98,NULL,0,0,'2016-07-14 09:31:08','2016-07-14 09:31:08'),(231,1,99,NULL,0,0,'2016-07-14 09:31:08','2016-07-14 09:31:08'),(232,1,100,NULL,0,0,'2016-07-14 09:31:08','2016-07-14 09:31:08'),(233,1,101,NULL,0,0,'2016-07-14 09:31:08','2016-07-14 09:31:08'),(234,1,102,NULL,0,0,'2016-07-14 09:31:08','2016-07-14 09:31:08'),(235,1,103,NULL,0,0,'2016-07-14 09:31:09','2016-07-14 09:31:09'),(236,1,104,NULL,0,0,'2016-07-14 09:31:09','2016-07-14 09:31:09'),(237,1,105,NULL,0,0,'2016-07-14 09:31:09','2016-07-14 09:31:09'),(238,1,106,NULL,0,0,'2016-07-14 09:31:09','2016-07-14 09:31:09'),(239,1,107,NULL,0,0,'2016-07-14 09:31:09','2016-07-14 09:31:09'),(240,1,108,NULL,0,0,'2016-07-14 09:31:09','2016-07-14 09:31:09'),(241,1,109,NULL,0,0,'2016-07-14 09:31:09','2016-07-14 09:31:09'),(242,1,110,NULL,0,0,'2016-07-14 09:31:09','2016-07-14 09:31:09'),(243,1,111,NULL,0,0,'2016-07-14 09:31:09','2016-07-14 09:31:09'),(244,1,112,NULL,0,0,'2016-07-14 09:31:10','2016-07-14 09:31:09'),(245,1,113,NULL,0,0,'2016-07-14 09:31:10','2016-07-14 09:31:10'),(246,1,114,NULL,0,0,'2016-07-14 09:31:10','2016-07-14 09:31:10'),(247,1,115,NULL,0,0,'2016-07-14 09:31:10','2016-07-14 09:31:10'),(248,1,116,NULL,0,0,'2016-07-14 09:31:10','2016-07-14 09:31:10'),(249,1,117,NULL,0,0,'2016-07-14 09:31:10','2016-07-14 09:31:10'),(250,1,118,NULL,0,0,'2016-07-14 09:31:10','2016-07-14 09:31:10'),(251,1,119,NULL,0,0,'2016-07-14 09:31:10','2016-07-14 09:31:10'),(252,1,120,NULL,0,0,'2016-07-14 09:31:11','2016-07-14 09:31:11'),(253,1,121,NULL,0,0,'2016-07-14 09:31:11','2016-07-14 09:31:11'),(254,1,122,NULL,0,0,'2016-07-14 09:31:11','2016-07-14 09:31:11'),(255,1,123,NULL,0,0,'2016-07-14 09:31:11','2016-07-14 09:31:11'),(256,1,124,NULL,0,0,'2016-07-14 09:31:11','2016-07-14 09:31:11'),(257,1,125,NULL,0,0,'2016-07-14 09:31:11','2016-07-14 09:31:11'),(258,1,126,NULL,0,0,'2016-07-14 09:31:11','2016-07-14 09:31:11'),(259,1,127,NULL,0,0,'2016-07-14 09:31:11','2016-07-14 09:31:11'),(260,1,127,NULL,0,0,'2016-07-14 09:31:11','2016-07-14 09:31:11'),(261,1,137,NULL,0,0,'2016-07-14 09:31:11','2016-07-14 09:31:11'),(262,1,138,NULL,0,0,'2016-07-14 09:31:12','2016-07-14 09:31:12'),(263,1,139,NULL,0,0,'2016-07-14 09:31:12','2016-07-14 09:31:12'),(264,1,140,NULL,0,0,'2016-07-14 09:31:12','2016-07-14 09:31:12'),(265,1,141,NULL,0,0,'2016-07-14 09:31:12','2016-07-14 09:31:12'),(266,1,142,NULL,0,0,'2016-07-14 09:31:12','2016-07-14 09:31:12'),(267,1,143,NULL,0,0,'2016-07-14 09:31:12','2016-07-14 09:31:12'),(268,1,144,NULL,0,0,'2016-07-14 09:31:12','2016-07-14 09:31:12'),(269,1,145,NULL,0,0,'2016-07-14 09:31:13','2016-07-14 09:31:13'),(270,1,146,NULL,0,0,'2016-07-14 09:31:13','2016-07-14 09:31:13'),(1285,1,147,NULL,0,0,NULL,NULL),(1286,1,1,NULL,0,0,'2016-07-14 16:02:22','2016-07-14 16:02:22'),(1287,1,2,NULL,0,0,'2016-07-14 16:02:22','2016-07-14 16:02:22'),(1288,1,3,NULL,0,0,'2016-07-14 16:02:22','2016-07-14 16:02:22'),(1289,1,4,NULL,0,0,'2016-07-14 16:02:22','2016-07-14 16:02:22'),(1290,1,5,NULL,0,0,'2016-07-14 16:02:22','2016-07-14 16:02:22'),(1291,1,6,NULL,0,0,'2016-07-14 16:02:22','2016-07-14 16:02:22'),(1292,1,7,NULL,0,0,'2016-07-14 16:02:22','2016-07-14 16:02:22'),(1293,1,8,NULL,0,0,'2016-07-14 16:02:22','2016-07-14 16:02:22'),(1294,1,9,NULL,0,0,'2016-07-14 16:02:22','2016-07-14 16:02:22'),(1295,1,10,NULL,0,0,'2016-07-14 16:02:22','2016-07-14 16:02:22'),(1296,1,11,NULL,0,0,'2016-07-14 16:02:22','2016-07-14 16:02:22'),(1297,1,12,NULL,0,0,'2016-07-14 16:02:22','2016-07-14 16:02:22'),(1298,1,13,NULL,0,0,'2016-07-14 16:02:22','2016-07-14 16:02:22'),(1299,1,14,NULL,0,0,'2016-07-14 16:02:22','2016-07-14 16:02:22'),(1300,1,15,NULL,0,0,'2016-07-14 16:02:22','2016-07-14 16:02:22'),(1301,1,16,NULL,0,0,'2016-07-14 16:02:22','2016-07-14 16:02:22'),(1302,1,17,NULL,0,0,'2016-07-14 16:02:22','2016-07-14 16:02:22'),(1303,1,18,NULL,0,0,'2016-07-14 16:02:22','2016-07-14 16:02:22'),(1304,1,19,NULL,0,0,'2016-07-14 16:02:22','2016-07-14 16:02:22'),(1305,1,20,NULL,0,0,'2016-07-14 16:02:22','2016-07-14 16:02:22'),(1306,1,21,NULL,0,0,'2016-07-14 16:02:22','2016-07-14 16:02:22'),(1307,1,22,NULL,0,0,'2016-07-14 16:02:22','2016-07-14 16:02:22'),(1308,1,23,NULL,0,0,'2016-07-14 16:02:22','2016-07-14 16:02:22'),(1309,1,24,NULL,0,0,'2016-07-14 16:02:22','2016-07-14 16:02:22'),(1310,1,25,NULL,0,0,'2016-07-14 16:02:22','2016-07-14 16:02:22'),(1311,1,26,NULL,0,0,'2016-07-14 16:02:22','2016-07-14 16:02:22'),(1312,1,27,NULL,0,0,'2016-07-14 16:02:22','2016-07-14 16:02:22'),(1313,1,28,NULL,0,0,'2016-07-14 16:02:22','2016-07-14 16:02:22'),(1314,1,29,NULL,0,0,'2016-07-14 16:02:22','2016-07-14 16:02:22'),(1315,1,30,NULL,0,0,'2016-07-14 16:02:22','2016-07-14 16:02:22'),(1316,1,31,NULL,0,0,'2016-07-14 16:02:22','2016-07-14 16:02:22'),(1317,1,32,NULL,0,0,'2016-07-14 16:02:22','2016-07-14 16:02:22'),(1318,1,33,NULL,0,0,'2016-07-14 16:02:22','2016-07-14 16:02:22'),(1319,1,34,NULL,0,0,'2016-07-14 16:02:22','2016-07-14 16:02:22'),(1320,1,35,NULL,0,0,'2016-07-14 16:02:22','2016-07-14 16:02:22'),(1321,1,36,NULL,0,0,'2016-07-14 16:02:22','2016-07-14 16:02:22'),(1322,1,37,NULL,0,0,'2016-07-14 16:02:22','2016-07-14 16:02:22'),(1323,1,38,NULL,0,0,'2016-07-14 16:02:22','2016-07-14 16:02:22'),(1324,1,39,NULL,0,0,'2016-07-14 16:02:22','2016-07-14 16:02:22'),(1325,1,40,NULL,0,0,'2016-07-14 16:02:22','2016-07-14 16:02:22'),(1326,1,41,NULL,0,0,'2016-07-14 16:02:22','2016-07-14 16:02:22'),(1327,1,42,NULL,0,0,'2016-07-14 16:02:22','2016-07-14 16:02:22'),(1328,1,43,NULL,0,0,'2016-07-14 16:02:22','2016-07-14 16:02:22'),(1329,1,44,NULL,0,0,'2016-07-14 16:02:22','2016-07-14 16:02:22'),(1330,1,46,NULL,0,0,'2016-07-14 16:02:22','2016-07-14 16:02:22'),(1331,1,47,NULL,0,0,'2016-07-14 16:02:22','2016-07-14 16:02:22'),(1332,1,48,NULL,0,0,'2016-07-14 16:02:22','2016-07-14 16:02:22'),(1333,1,49,NULL,0,0,'2016-07-14 16:02:22','2016-07-14 16:02:22'),(1334,1,50,NULL,0,0,'2016-07-14 16:02:22','2016-07-14 16:02:22'),(1335,1,51,NULL,0,0,'2016-07-14 16:02:22','2016-07-14 16:02:22'),(1336,1,52,NULL,0,0,'2016-07-14 16:02:22','2016-07-14 16:02:22'),(1337,1,53,NULL,0,0,'2016-07-14 16:02:22','2016-07-14 16:02:22'),(1338,1,54,NULL,0,0,'2016-07-14 16:02:22','2016-07-14 16:02:22'),(1339,1,55,NULL,0,0,'2016-07-14 16:02:22','2016-07-14 16:02:22'),(1340,1,56,NULL,0,0,'2016-07-14 16:02:22','2016-07-14 16:02:22'),(1341,1,57,NULL,0,0,'2016-07-14 16:02:22','2016-07-14 16:02:22'),(1342,1,58,NULL,0,0,'2016-07-14 16:02:22','2016-07-14 16:02:22'),(1343,1,59,NULL,0,0,'2016-07-14 16:02:22','2016-07-14 16:02:22'),(1344,1,60,NULL,0,0,'2016-07-14 16:02:22','2016-07-14 16:02:22'),(1345,1,61,NULL,0,0,'2016-07-14 16:02:22','2016-07-14 16:02:22'),(1346,1,62,NULL,0,0,'2016-07-14 16:02:22','2016-07-14 16:02:22'),(1347,1,63,NULL,0,0,'2016-07-14 16:02:22','2016-07-14 16:02:22'),(1348,1,64,NULL,0,0,'2016-07-14 16:02:22','2016-07-14 16:02:22'),(1349,1,65,NULL,0,0,'2016-07-14 16:02:22','2016-07-14 16:02:22'),(1350,1,66,NULL,0,0,'2016-07-14 16:02:22','2016-07-14 16:02:22'),(1351,1,67,NULL,0,0,'2016-07-14 16:02:22','2016-07-14 16:02:22'),(1352,1,68,NULL,0,0,'2016-07-14 16:02:22','2016-07-14 16:02:22'),(1353,1,69,NULL,0,0,'2016-07-14 16:02:22','2016-07-14 16:02:22'),(1354,1,70,NULL,0,0,'2016-07-14 16:02:22','2016-07-14 16:02:22'),(1355,1,71,NULL,0,0,'2016-07-14 16:02:22','2016-07-14 16:02:22'),(1356,1,72,NULL,0,0,'2016-07-14 16:02:22','2016-07-14 16:02:22'),(1357,1,73,NULL,0,0,'2016-07-14 16:02:22','2016-07-14 16:02:22'),(1358,1,74,NULL,0,0,'2016-07-14 16:02:22','2016-07-14 16:02:22'),(1359,1,75,NULL,0,0,'2016-07-14 16:02:22','2016-07-14 16:02:22'),(1360,1,76,NULL,0,0,'2016-07-14 16:02:22','2016-07-14 16:02:22'),(1361,1,77,NULL,0,0,'2016-07-14 16:02:22','2016-07-14 16:02:22'),(1362,1,78,NULL,0,0,'2016-07-14 16:02:22','2016-07-14 16:02:22'),(1363,1,79,NULL,0,0,'2016-07-14 16:02:22','2016-07-14 16:02:22'),(1364,1,80,NULL,0,0,'2016-07-14 16:02:22','2016-07-14 16:02:22'),(1365,1,83,NULL,0,0,'2016-07-14 16:02:22','2016-07-14 16:02:22'),(1366,1,84,NULL,0,0,'2016-07-14 16:02:22','2016-07-14 16:02:22'),(1367,1,85,NULL,0,0,'2016-07-14 16:02:22','2016-07-14 16:02:22'),(1368,1,86,NULL,0,0,'2016-07-14 16:02:22','2016-07-14 16:02:22'),(1369,1,87,NULL,0,0,'2016-07-14 16:02:22','2016-07-14 16:02:22'),(1370,1,88,NULL,0,0,'2016-07-14 16:02:22','2016-07-14 16:02:22'),(1371,1,89,NULL,0,0,'2016-07-14 16:02:22','2016-07-14 16:02:22'),(1372,1,90,NULL,0,0,'2016-07-14 16:02:22','2016-07-14 16:02:22'),(1373,1,91,NULL,0,0,'2016-07-14 16:02:22','2016-07-14 16:02:22'),(1374,1,92,NULL,0,0,'2016-07-14 16:02:22','2016-07-14 16:02:22'),(1375,1,93,NULL,0,0,'2016-07-14 16:02:22','2016-07-14 16:02:22'),(1376,1,94,NULL,0,0,'2016-07-14 16:02:22','2016-07-14 16:02:22'),(1377,1,95,NULL,0,0,'2016-07-14 16:02:22','2016-07-14 16:02:22'),(1378,1,96,NULL,0,0,'2016-07-14 16:02:22','2016-07-14 16:02:22'),(1379,1,97,NULL,0,0,'2016-07-14 16:02:22','2016-07-14 16:02:22'),(1380,1,98,NULL,0,0,'2016-07-14 16:02:22','2016-07-14 16:02:22'),(1381,1,99,NULL,0,0,'2016-07-14 16:02:22','2016-07-14 16:02:22'),(1382,1,100,NULL,0,0,'2016-07-14 16:02:22','2016-07-14 16:02:22'),(1383,1,101,NULL,0,0,'2016-07-14 16:02:22','2016-07-14 16:02:22'),(1384,1,102,NULL,0,0,'2016-07-14 16:02:22','2016-07-14 16:02:22'),(1385,1,103,NULL,0,0,'2016-07-14 16:02:22','2016-07-14 16:02:22'),(1386,1,104,NULL,0,0,'2016-07-14 16:02:22','2016-07-14 16:02:22'),(1387,1,105,NULL,0,0,'2016-07-14 16:02:22','2016-07-14 16:02:22'),(1388,1,106,NULL,0,0,'2016-07-14 16:02:22','2016-07-14 16:02:22'),(1389,1,107,NULL,0,0,'2016-07-14 16:02:22','2016-07-14 16:02:22'),(1390,1,108,NULL,0,0,'2016-07-14 16:02:22','2016-07-14 16:02:22'),(1391,1,109,NULL,0,0,'2016-07-14 16:02:22','2016-07-14 16:02:22'),(1392,1,110,NULL,0,0,'2016-07-14 16:02:22','2016-07-14 16:02:22'),(1393,1,111,NULL,0,0,'2016-07-14 16:02:22','2016-07-14 16:02:22'),(1394,1,112,NULL,0,0,'2016-07-14 16:02:22','2016-07-14 16:02:22'),(1395,1,113,NULL,0,0,'2016-07-14 16:02:22','2016-07-14 16:02:22'),(1396,1,114,NULL,0,0,'2016-07-14 16:02:22','2016-07-14 16:02:22'),(1397,1,115,NULL,0,0,'2016-07-14 16:02:22','2016-07-14 16:02:22'),(1398,1,116,NULL,0,0,'2016-07-14 16:02:22','2016-07-14 16:02:22'),(1399,1,117,NULL,0,0,'2016-07-14 16:02:22','2016-07-14 16:02:22'),(1400,1,118,NULL,0,0,'2016-07-14 16:02:22','2016-07-14 16:02:22'),(1401,1,119,NULL,0,0,'2016-07-14 16:02:22','2016-07-14 16:02:22'),(1402,1,120,NULL,0,0,'2016-07-14 16:02:22','2016-07-14 16:02:22'),(1403,1,121,NULL,0,0,'2016-07-14 16:02:22','2016-07-14 16:02:22'),(1404,1,122,NULL,0,0,'2016-07-14 16:02:22','2016-07-14 16:02:22'),(1405,1,123,NULL,0,0,'2016-07-14 16:02:22','2016-07-14 16:02:22'),(1406,1,124,NULL,0,0,'2016-07-14 16:02:22','2016-07-14 16:02:22'),(1407,1,125,NULL,0,0,'2016-07-14 16:02:22','2016-07-14 16:02:22'),(1408,1,126,NULL,0,0,'2016-07-14 16:02:22','2016-07-14 16:02:22'),(1409,1,127,NULL,0,0,'2016-07-14 16:02:22','2016-07-14 16:02:22'),(1410,1,127,NULL,0,0,'2016-07-14 16:02:22','2016-07-14 16:02:22'),(1411,1,137,NULL,0,0,'2016-07-14 16:02:22','2016-07-14 16:02:22'),(1412,1,138,NULL,0,0,'2016-07-14 16:02:22','2016-07-14 16:02:22'),(1413,1,139,NULL,0,0,'2016-07-14 16:02:22','2016-07-14 16:02:22'),(1414,1,140,NULL,0,0,'2016-07-14 16:02:22','2016-07-14 16:02:22'),(1415,1,141,NULL,0,0,'2016-07-14 16:02:22','2016-07-14 16:02:22'),(1416,1,142,NULL,0,0,'2016-07-14 16:02:22','2016-07-14 16:02:22'),(1417,1,143,NULL,0,0,'2016-07-14 16:02:22','2016-07-14 16:02:22'),(1418,1,144,NULL,0,0,'2016-07-14 16:02:22','2016-07-14 16:02:22'),(1419,1,145,NULL,0,0,'2016-07-14 16:02:22','2016-07-14 16:02:22'),(1420,1,146,NULL,0,0,'2016-07-14 16:02:22','2016-07-14 16:02:22'),(1421,4,3,NULL,-2,0,'2016-07-15 11:09:19','2016-08-24 15:40:34'),(1422,4,37,NULL,-2,0,'2016-07-15 11:09:19','2016-08-24 15:40:34'),(1423,4,109,NULL,-2,0,'2016-07-15 11:09:19','2016-08-24 15:40:34'),(1424,4,39,NULL,-2,0,'2016-07-15 11:09:19','2016-08-24 15:40:34'),(1425,4,116,NULL,-2,0,'2016-07-15 11:09:19','2016-08-24 15:40:34'),(1426,4,1,NULL,-2,0,'2016-07-15 11:09:19','2016-08-24 15:40:34'),(1427,4,6,NULL,-2,0,'2016-07-15 11:09:19','2016-08-24 15:40:34'),(1428,4,7,NULL,-2,0,'2016-07-15 11:09:19','2016-08-24 15:40:34'),(1429,4,65,NULL,-2,0,'2016-07-15 11:09:19','2016-08-24 15:40:34'),(1430,4,8,NULL,-2,0,'2016-07-15 11:09:19','2016-08-24 15:40:34'),(1431,4,69,NULL,-2,0,'2016-07-15 11:09:19','2016-08-24 15:40:34'),(1432,4,2,NULL,-2,0,'2016-07-15 11:09:19','2016-08-24 15:40:34'),(1433,4,26,NULL,-2,0,'2016-07-15 11:09:19','2016-08-24 15:40:34'),(1434,4,96,NULL,-2,0,'2016-07-15 11:09:19','2016-08-24 15:40:34'),(1435,4,4,NULL,-2,0,'2016-07-15 11:09:19','2016-08-24 15:40:34'),(1436,4,40,NULL,-2,0,'2016-07-15 11:09:19','2016-08-24 15:40:34'),(1437,4,120,NULL,-2,0,'2016-07-15 11:09:19','2016-08-24 15:40:34'),(1438,4,41,NULL,-2,0,'2016-07-15 11:09:19','2016-08-24 15:40:34'),(1439,4,42,NULL,-2,0,'2016-07-15 11:09:19','2016-08-24 15:40:34'),(1440,4,124,NULL,-2,0,'2016-07-15 11:09:19','2016-08-24 15:40:34'),(1445,4,3,NULL,-2,0,'2016-07-15 11:16:24','2016-08-24 15:40:34'),(1446,4,37,NULL,-2,0,'2016-07-15 11:16:24','2016-08-24 15:40:34'),(1447,4,109,NULL,-2,0,'2016-07-15 11:16:24','2016-08-24 15:40:34'),(1448,4,39,NULL,-2,0,'2016-07-15 11:16:24','2016-08-24 15:40:34'),(1449,4,116,NULL,-2,0,'2016-07-15 11:16:24','2016-08-24 15:40:34'),(1450,4,1,NULL,-2,0,'2016-07-15 11:16:24','2016-08-24 15:40:34'),(1451,4,6,NULL,-2,0,'2016-07-15 11:16:24','2016-08-24 15:40:34'),(1452,4,7,NULL,-2,0,'2016-07-15 11:16:24','2016-08-24 15:40:34'),(1453,4,65,NULL,-2,0,'2016-07-15 11:16:24','2016-08-24 15:40:34'),(1454,4,8,NULL,-2,0,'2016-07-15 11:16:24','2016-08-24 15:40:34'),(1455,4,69,NULL,-2,0,'2016-07-15 11:16:24','2016-08-24 15:40:34'),(1456,4,2,NULL,-2,0,'2016-07-15 11:16:24','2016-08-24 15:40:34'),(1457,4,26,NULL,-2,0,'2016-07-15 11:16:24','2016-08-24 15:40:34'),(1458,4,96,NULL,-2,0,'2016-07-15 11:16:24','2016-08-24 15:40:34'),(1459,4,28,NULL,-2,0,'2016-07-15 11:16:24','2016-08-24 15:40:34'),(1460,4,99,NULL,-2,0,'2016-07-15 11:16:24','2016-08-24 15:40:34'),(1461,4,4,NULL,-2,0,'2016-07-15 11:16:24','2016-08-24 15:40:34'),(1462,4,40,NULL,-2,0,'2016-07-15 11:16:24','2016-08-24 15:40:34'),(1463,4,120,NULL,-2,0,'2016-07-15 11:16:24','2016-08-24 15:40:34'),(1464,4,41,NULL,-2,0,'2016-07-15 11:16:24','2016-08-24 15:40:34'),(1465,4,42,NULL,-2,0,'2016-07-15 11:16:24','2016-08-24 15:40:34'),(1466,4,124,NULL,-2,0,'2016-07-15 11:16:24','2016-08-24 15:40:34'),(1598,4,3,NULL,-2,0,'2016-07-18 10:39:51','2016-08-24 15:40:34'),(1599,4,37,NULL,-2,0,'2016-07-18 10:39:51','2016-08-24 15:40:34'),(1600,4,109,NULL,-2,0,'2016-07-18 10:39:51','2016-08-24 15:40:34'),(1601,4,39,NULL,-2,0,'2016-07-18 10:39:51','2016-08-24 15:40:34'),(1602,4,116,NULL,-2,0,'2016-07-18 10:39:51','2016-08-24 15:40:34'),(1603,4,1,NULL,-2,0,'2016-07-18 10:39:51','2016-08-24 15:40:34'),(1604,4,6,NULL,-2,0,'2016-07-18 10:39:51','2016-08-24 15:40:34'),(1605,4,7,NULL,-2,0,'2016-07-18 10:39:51','2016-08-24 15:40:34'),(1606,4,65,NULL,-2,0,'2016-07-18 10:39:51','2016-08-24 15:40:34'),(1607,4,8,NULL,-2,0,'2016-07-18 10:39:51','2016-08-24 15:40:34'),(1608,4,69,NULL,-2,0,'2016-07-18 10:39:51','2016-08-24 15:40:34'),(1609,4,2,NULL,-2,0,'2016-07-18 10:39:51','2016-08-24 15:40:34'),(1610,4,26,NULL,-2,0,'2016-07-18 10:39:51','2016-08-24 15:40:34'),(1611,4,96,NULL,-2,0,'2016-07-18 10:39:51','2016-08-24 15:40:34'),(1612,4,28,NULL,-2,0,'2016-07-18 10:39:51','2016-08-24 15:40:34'),(1613,4,99,NULL,-2,0,'2016-07-18 10:39:51','2016-08-24 15:40:34'),(1614,4,4,NULL,-2,0,'2016-07-18 10:39:51','2016-08-24 15:40:34'),(1615,4,40,NULL,-2,0,'2016-07-18 10:39:51','2016-08-24 15:40:34'),(1616,4,120,NULL,-2,0,'2016-07-18 10:39:51','2016-08-24 15:40:34'),(1617,4,41,NULL,-2,0,'2016-07-18 10:39:51','2016-08-24 15:40:34'),(1618,4,42,NULL,-2,0,'2016-07-18 10:39:51','2016-08-24 15:40:34'),(1619,4,124,NULL,-2,0,'2016-07-18 10:39:51','2016-08-24 15:40:34'),(1620,123,1,NULL,-2,0,'2016-07-18 11:49:57','2016-08-24 15:41:45'),(1621,123,6,NULL,-2,0,'2016-07-18 11:49:57','2016-08-24 15:41:45'),(1622,123,7,NULL,-2,0,'2016-07-18 11:49:57','2016-08-24 15:41:45'),(1623,123,67,NULL,-2,0,'2016-07-18 11:49:57','2016-08-24 15:41:45'),(1624,123,8,NULL,-2,0,'2016-07-18 11:49:57','2016-08-24 15:41:45'),(1625,123,71,NULL,-2,0,'2016-07-18 11:49:57','2016-08-24 15:41:45'),(1626,123,11,NULL,-2,0,'2016-07-18 11:49:57','2016-08-24 15:41:45'),(1627,123,76,NULL,-2,0,'2016-07-18 11:49:57','2016-08-24 15:41:45'),(1628,123,12,NULL,-2,0,'2016-07-18 11:49:57','2016-08-24 15:41:45'),(1629,123,77,NULL,-2,0,'2016-07-18 11:49:57','2016-08-24 15:41:45'),(1698,1,145,NULL,0,0,'2016-07-19 09:44:40','2016-07-19 09:44:40'),(1699,1,146,NULL,0,0,'2016-07-19 09:44:40','2016-07-19 09:44:40'),(1702,1,81,NULL,0,0,'2016-07-19 10:50:36','2016-07-19 10:50:35'),(1703,1,82,NULL,0,0,'2016-07-19 10:50:36','2016-07-19 10:50:36'),(3034,4,3,NULL,-2,0,'2016-07-21 16:11:16','2016-08-24 15:40:34'),(3035,4,37,NULL,-2,0,'2016-07-21 16:11:16','2016-08-24 15:40:34'),(3036,4,109,NULL,-2,0,'2016-07-21 16:11:16','2016-08-24 15:40:34'),(3037,4,39,NULL,-2,0,'2016-07-21 16:11:16','2016-08-24 15:40:34'),(3038,4,116,NULL,-2,0,'2016-07-21 16:11:16','2016-08-24 15:40:34'),(3039,4,1,NULL,-2,0,'2016-07-21 16:11:16','2016-08-24 15:40:34'),(3040,4,6,NULL,-2,0,'2016-07-21 16:11:16','2016-08-24 15:40:34'),(3041,4,7,NULL,-2,0,'2016-07-21 16:11:16','2016-08-24 15:40:34'),(3042,4,65,NULL,-2,0,'2016-07-21 16:11:16','2016-08-24 15:40:34'),(3043,4,8,NULL,-2,0,'2016-07-21 16:11:16','2016-08-24 15:40:34'),(3044,4,69,NULL,-2,0,'2016-07-21 16:11:16','2016-08-24 15:40:34'),(3045,4,9,NULL,-2,0,'2016-07-21 16:11:16','2016-08-24 15:40:34'),(3046,4,73,NULL,-2,0,'2016-07-21 16:11:16','2016-08-24 15:40:34'),(3047,4,2,NULL,-2,0,'2016-07-21 16:11:16','2016-08-24 15:40:34'),(3048,4,26,NULL,-2,0,'2016-07-21 16:11:16','2016-08-24 15:40:34'),(3049,4,96,NULL,-2,0,'2016-07-21 16:11:16','2016-08-24 15:40:34'),(3050,4,28,NULL,-2,0,'2016-07-21 16:11:16','2016-08-24 15:40:34'),(3051,4,99,NULL,-2,0,'2016-07-21 16:11:16','2016-08-24 15:40:34'),(3052,4,4,NULL,-2,0,'2016-07-21 16:11:16','2016-08-24 15:40:34'),(3053,4,40,NULL,-2,0,'2016-07-21 16:11:16','2016-08-24 15:40:34'),(3054,4,120,NULL,-2,0,'2016-07-21 16:11:16','2016-08-24 15:40:34'),(3055,4,41,NULL,-2,0,'2016-07-21 16:11:16','2016-08-24 15:40:34'),(3056,4,42,NULL,-2,0,'2016-07-21 16:11:16','2016-08-24 15:40:34'),(3057,4,124,NULL,-2,0,'2016-07-21 16:11:16','2016-08-24 15:40:34'),(3757,123,1,NULL,-2,0,'2016-07-21 16:36:05','2016-08-24 15:41:45'),(3758,123,6,NULL,-2,0,'2016-07-21 16:36:05','2016-08-24 15:41:45'),(3759,123,7,NULL,-2,0,'2016-07-21 16:36:05','2016-08-24 15:41:45'),(3760,123,67,NULL,-2,0,'2016-07-21 16:36:05','2016-08-24 15:41:45'),(3761,123,8,NULL,-2,0,'2016-07-21 16:36:05','2016-08-24 15:41:45'),(3762,123,71,NULL,-2,0,'2016-07-21 16:36:05','2016-08-24 15:41:45'),(3763,123,11,NULL,-2,0,'2016-07-21 16:36:05','2016-08-24 15:41:45'),(3764,123,76,NULL,-2,0,'2016-07-21 16:36:05','2016-08-24 15:41:45'),(3765,123,12,NULL,-2,0,'2016-07-21 16:36:05','2016-08-24 15:41:45'),(3766,123,77,NULL,-2,0,'2016-07-21 16:36:05','2016-08-24 15:41:45'),(3767,123,5,NULL,-2,0,'2016-07-21 16:36:05','2016-08-24 15:41:45'),(3768,123,46,NULL,-2,0,'2016-07-21 16:36:05','2016-08-24 15:41:45'),(3769,123,127,NULL,-2,0,'2016-07-21 16:36:05','2016-08-24 15:41:45'),(3770,123,47,NULL,-2,0,'2016-07-21 16:36:05','2016-08-24 15:41:45'),(3771,123,138,NULL,-2,0,'2016-07-21 16:36:05','2016-08-24 15:41:45'),(3772,123,48,NULL,-2,0,'2016-07-21 16:36:05','2016-08-24 15:41:45'),(3773,123,140,NULL,-2,0,'2016-07-21 16:36:05','2016-08-24 15:41:45'),(3774,123,49,NULL,-2,0,'2016-07-21 16:36:05','2016-08-24 15:41:45'),(3775,123,142,NULL,-2,0,'2016-07-21 16:36:05','2016-08-24 15:41:45'),(3776,123,52,NULL,-2,0,'2016-07-21 16:36:05','2016-08-24 15:41:45'),(3777,123,144,NULL,-2,0,'2016-07-21 16:36:05','2016-08-24 15:41:45'),(3778,123,53,NULL,-2,0,'2016-07-21 16:36:05','2016-08-24 15:41:45'),(3779,123,146,NULL,-2,0,'2016-07-21 16:36:05','2016-08-24 15:41:45'),(4476,1,139,NULL,0,0,'2016-07-22 18:23:04','2016-07-22 18:23:03'),(4477,1,140,NULL,0,0,'2016-07-22 18:23:05','2016-07-22 18:23:05'),(4478,1,141,NULL,0,0,'2016-07-22 18:23:05','2016-07-22 18:23:05'),(4479,1,142,NULL,0,0,'2016-07-22 18:23:05','2016-07-22 18:23:05'),(4480,1,143,NULL,0,0,'2016-07-22 18:23:05','2016-07-22 18:23:05'),(4481,1,144,NULL,0,0,'2016-07-22 18:23:05','2016-07-22 18:23:05'),(4482,1,145,NULL,0,0,'2016-07-22 18:23:05','2016-07-22 18:23:05'),(4483,1,146,NULL,0,0,'2016-07-22 18:23:06','2016-07-22 18:23:06'),(4484,1,147,NULL,0,0,'2016-07-22 18:23:06','2016-07-22 18:23:06'),(4958,1,139,NULL,0,0,'2016-07-25 11:58:55','2016-07-25 11:58:54'),(4959,1,140,NULL,0,0,'2016-07-25 11:58:55','2016-07-25 11:58:55'),(4960,1,141,NULL,0,0,'2016-07-25 11:58:55','2016-07-25 11:58:55'),(4961,1,142,NULL,0,0,'2016-07-25 11:58:56','2016-07-25 11:58:56'),(4962,1,143,NULL,0,0,'2016-07-25 11:58:56','2016-07-25 11:58:56'),(4963,1,144,NULL,0,0,'2016-07-25 11:58:56','2016-07-25 11:58:56'),(4964,1,145,NULL,0,0,'2016-07-25 11:58:56','2016-07-25 11:58:56'),(4965,1,146,NULL,0,0,'2016-07-25 11:58:57','2016-07-25 11:58:57'),(4966,1,147,NULL,0,0,'2016-07-25 11:58:57','2016-07-25 11:58:57'),(6224,123,1,NULL,-2,0,'2016-07-25 13:55:48','2016-08-24 15:41:45'),(6225,123,6,NULL,-2,0,'2016-07-25 13:55:48','2016-08-24 15:41:45'),(6226,123,7,NULL,-2,0,'2016-07-25 13:55:48','2016-08-24 15:41:45'),(6227,123,67,NULL,-2,0,'2016-07-25 13:55:48','2016-08-24 15:41:45'),(6228,123,8,NULL,-2,0,'2016-07-25 13:55:48','2016-08-24 15:41:45'),(6229,123,71,NULL,-2,0,'2016-07-25 13:55:48','2016-08-24 15:41:45'),(6230,123,11,NULL,-2,0,'2016-07-25 13:55:48','2016-08-24 15:41:45'),(6231,123,76,NULL,-2,0,'2016-07-25 13:55:48','2016-08-24 15:41:45'),(6232,123,12,NULL,-2,0,'2016-07-25 13:55:48','2016-08-24 15:41:45'),(6233,123,77,NULL,-2,0,'2016-07-25 13:55:48','2016-08-24 15:41:45'),(6234,123,4,NULL,-2,0,'2016-07-25 13:55:48','2016-08-24 15:41:45'),(6235,123,40,NULL,-2,0,'2016-07-25 13:55:48','2016-08-24 15:41:45'),(6236,123,122,NULL,-2,0,'2016-07-25 13:55:48','2016-08-24 15:41:45'),(6237,123,42,NULL,-2,0,'2016-07-25 13:55:48','2016-08-24 15:41:45'),(6238,123,127,NULL,-2,0,'2016-07-25 13:55:48','2016-08-24 15:41:45'),(6239,123,5,NULL,-2,0,'2016-07-25 13:55:48','2016-08-24 15:41:45'),(6240,123,47,NULL,-2,0,'2016-07-25 13:55:48','2016-08-24 15:41:45'),(6241,123,138,NULL,-2,0,'2016-07-25 13:55:48','2016-08-24 15:41:45'),(6242,123,48,NULL,-2,0,'2016-07-25 13:55:48','2016-08-24 15:41:45'),(6243,123,140,NULL,-2,0,'2016-07-25 13:55:48','2016-08-24 15:41:45'),(6244,123,49,NULL,-2,0,'2016-07-25 13:55:48','2016-08-24 15:41:45'),(6245,123,142,NULL,-2,0,'2016-07-25 13:55:48','2016-08-24 15:41:45'),(6246,123,52,NULL,-2,0,'2016-07-25 13:55:48','2016-08-24 15:41:45'),(6247,123,144,NULL,-2,0,'2016-07-25 13:55:48','2016-08-24 15:41:45'),(6248,123,53,NULL,-2,0,'2016-07-25 13:55:48','2016-08-24 15:41:45'),(6249,123,146,NULL,-2,0,'2016-07-25 13:55:48','2016-08-24 15:41:45'),(6250,123,1,NULL,-2,0,'2016-07-25 13:57:06','2016-08-24 15:41:45'),(6251,123,6,NULL,-2,0,'2016-07-25 13:57:06','2016-08-24 15:41:45'),(6252,123,7,NULL,-2,0,'2016-07-25 13:57:06','2016-08-24 15:41:45'),(6253,123,67,NULL,-2,0,'2016-07-25 13:57:06','2016-08-24 15:41:45'),(6254,123,8,NULL,-2,0,'2016-07-25 13:57:06','2016-08-24 15:41:45'),(6255,123,71,NULL,-2,0,'2016-07-25 13:57:06','2016-08-24 15:41:45'),(6256,123,11,NULL,-2,0,'2016-07-25 13:57:06','2016-08-24 15:41:45'),(6257,123,76,NULL,-2,0,'2016-07-25 13:57:06','2016-08-24 15:41:45'),(6258,123,12,NULL,-2,0,'2016-07-25 13:57:06','2016-08-24 15:41:45'),(6259,123,77,NULL,-2,0,'2016-07-25 13:57:06','2016-08-24 15:41:45'),(6260,123,4,NULL,-2,0,'2016-07-25 13:57:06','2016-08-24 15:41:45'),(6261,123,40,NULL,-2,0,'2016-07-25 13:57:06','2016-08-24 15:41:45'),(6262,123,122,NULL,-2,0,'2016-07-25 13:57:06','2016-08-24 15:41:45'),(6263,123,42,NULL,-2,0,'2016-07-25 13:57:06','2016-08-24 15:41:45'),(6264,123,127,NULL,-2,0,'2016-07-25 13:57:06','2016-08-24 15:41:45'),(6265,123,5,NULL,-2,0,'2016-07-25 13:57:06','2016-08-24 15:41:45'),(6266,123,47,NULL,-2,0,'2016-07-25 13:57:06','2016-08-24 15:41:45'),(6267,123,138,NULL,-2,0,'2016-07-25 13:57:06','2016-08-24 15:41:45'),(6268,123,48,NULL,-2,0,'2016-07-25 13:57:06','2016-08-24 15:41:45'),(6269,123,140,NULL,-2,0,'2016-07-25 13:57:06','2016-08-24 15:41:45'),(6270,123,49,NULL,-2,0,'2016-07-25 13:57:06','2016-08-24 15:41:45'),(6271,123,142,NULL,-2,0,'2016-07-25 13:57:06','2016-08-24 15:41:45'),(6272,123,52,NULL,-2,0,'2016-07-25 13:57:06','2016-08-24 15:41:45'),(6273,123,144,NULL,-2,0,'2016-07-25 13:57:06','2016-08-24 15:41:45'),(6274,123,53,NULL,-2,0,'2016-07-25 13:57:06','2016-08-24 15:41:45'),(6275,123,146,NULL,-2,0,'2016-07-25 13:57:06','2016-08-24 15:41:45'),(6276,123,1,NULL,-2,0,'2016-07-25 14:00:11','2016-08-24 15:41:45'),(6277,123,6,NULL,-2,0,'2016-07-25 14:00:11','2016-08-24 15:41:45'),(6278,123,7,NULL,-2,0,'2016-07-25 14:00:11','2016-08-24 15:41:45'),(6279,123,67,NULL,-2,0,'2016-07-25 14:00:11','2016-08-24 15:41:45'),(6280,123,8,NULL,-2,0,'2016-07-25 14:00:11','2016-08-24 15:41:45'),(6281,123,71,NULL,-2,0,'2016-07-25 14:00:11','2016-08-24 15:41:45'),(6282,123,11,NULL,-2,0,'2016-07-25 14:00:11','2016-08-24 15:41:45'),(6283,123,76,NULL,-2,0,'2016-07-25 14:00:11','2016-08-24 15:41:45'),(6284,123,12,NULL,-2,0,'2016-07-25 14:00:11','2016-08-24 15:41:45'),(6285,123,77,NULL,-2,0,'2016-07-25 14:00:11','2016-08-24 15:41:45'),(6286,123,4,NULL,-2,0,'2016-07-25 14:00:11','2016-08-24 15:41:45'),(6287,123,40,NULL,-2,0,'2016-07-25 14:00:11','2016-08-24 15:41:45'),(6288,123,122,NULL,-2,0,'2016-07-25 14:00:11','2016-08-24 15:41:45'),(6289,123,42,NULL,-2,0,'2016-07-25 14:00:11','2016-08-24 15:41:45'),(6290,123,127,NULL,-2,0,'2016-07-25 14:00:11','2016-08-24 15:41:45'),(6291,123,5,NULL,-2,0,'2016-07-25 14:00:11','2016-08-24 15:41:45'),(6292,123,47,NULL,-2,0,'2016-07-25 14:00:11','2016-08-24 15:41:45'),(6293,123,138,NULL,-2,0,'2016-07-25 14:00:11','2016-08-24 15:41:45'),(6294,123,48,NULL,-2,0,'2016-07-25 14:00:11','2016-08-24 15:41:45'),(6295,123,140,NULL,-2,0,'2016-07-25 14:00:11','2016-08-24 15:41:45'),(6296,123,49,NULL,-2,0,'2016-07-25 14:00:11','2016-08-24 15:41:45'),(6297,123,142,NULL,-2,0,'2016-07-25 14:00:11','2016-08-24 15:41:45'),(6298,123,52,NULL,-2,0,'2016-07-25 14:00:11','2016-08-24 15:41:45'),(6299,123,144,NULL,-2,0,'2016-07-25 14:00:11','2016-08-24 15:41:45'),(6300,123,53,NULL,-2,0,'2016-07-25 14:00:11','2016-08-24 15:41:45'),(6301,123,146,NULL,-2,0,'2016-07-25 14:00:11','2016-08-24 15:41:45'),(6302,123,3,NULL,-2,0,'2016-07-25 14:07:27','2016-08-24 15:41:45'),(6303,123,37,NULL,-2,0,'2016-07-25 14:07:27','2016-08-24 15:41:45'),(6304,123,111,NULL,-2,0,'2016-07-25 14:07:27','2016-08-24 15:41:45'),(6305,123,1,NULL,-2,0,'2016-07-25 14:07:27','2016-08-24 15:41:45'),(6306,123,6,NULL,-2,0,'2016-07-25 14:07:27','2016-08-24 15:41:45'),(6307,123,7,NULL,-2,0,'2016-07-25 14:07:27','2016-08-24 15:41:45'),(6308,123,67,NULL,-2,0,'2016-07-25 14:07:27','2016-08-24 15:41:45'),(6309,123,8,NULL,-2,0,'2016-07-25 14:07:27','2016-08-24 15:41:45'),(6310,123,71,NULL,-2,0,'2016-07-25 14:07:27','2016-08-24 15:41:45'),(6311,123,11,NULL,-2,0,'2016-07-25 14:07:27','2016-08-24 15:41:45'),(6312,123,76,NULL,-2,0,'2016-07-25 14:07:27','2016-08-24 15:41:45'),(6313,123,12,NULL,-2,0,'2016-07-25 14:07:27','2016-08-24 15:41:45'),(6314,123,77,NULL,-2,0,'2016-07-25 14:07:27','2016-08-24 15:41:45'),(6315,123,4,NULL,-2,0,'2016-07-25 14:07:27','2016-08-24 15:41:45'),(6316,123,40,NULL,-2,0,'2016-07-25 14:07:27','2016-08-24 15:41:45'),(6317,123,122,NULL,-2,0,'2016-07-25 14:07:27','2016-08-24 15:41:45'),(6318,123,42,NULL,-2,0,'2016-07-25 14:07:27','2016-08-24 15:41:45'),(6319,123,127,NULL,-2,0,'2016-07-25 14:07:27','2016-08-24 15:41:45'),(6320,123,5,NULL,-2,0,'2016-07-25 14:07:27','2016-08-24 15:41:45'),(6321,123,47,NULL,-2,0,'2016-07-25 14:07:27','2016-08-24 15:41:45'),(6322,123,138,NULL,-2,0,'2016-07-25 14:07:27','2016-08-24 15:41:45'),(6323,123,48,NULL,-2,0,'2016-07-25 14:07:27','2016-08-24 15:41:45'),(6324,123,140,NULL,-2,0,'2016-07-25 14:07:27','2016-08-24 15:41:45'),(6325,123,49,NULL,-2,0,'2016-07-25 14:07:27','2016-08-24 15:41:45'),(6326,123,142,NULL,-2,0,'2016-07-25 14:07:27','2016-08-24 15:41:45'),(6327,123,52,NULL,-2,0,'2016-07-25 14:07:27','2016-08-24 15:41:45'),(6328,123,144,NULL,-2,0,'2016-07-25 14:07:27','2016-08-24 15:41:45'),(6329,123,53,NULL,-2,0,'2016-07-25 14:07:27','2016-08-24 15:41:45'),(6330,123,146,NULL,-2,0,'2016-07-25 14:07:27','2016-08-24 15:41:45'),(6331,123,3,NULL,-2,0,'2016-07-25 14:09:47','2016-08-24 15:41:45'),(6332,123,37,NULL,-2,0,'2016-07-25 14:09:47','2016-08-24 15:41:45'),(6333,123,111,NULL,-2,0,'2016-07-25 14:09:47','2016-08-24 15:41:45'),(6334,123,1,NULL,-2,0,'2016-07-25 14:09:47','2016-08-24 15:41:45'),(6335,123,6,NULL,-2,0,'2016-07-25 14:09:47','2016-08-24 15:41:45'),(6336,123,7,NULL,-2,0,'2016-07-25 14:09:47','2016-08-24 15:41:45'),(6337,123,67,NULL,-2,0,'2016-07-25 14:09:47','2016-08-24 15:41:45'),(6338,123,8,NULL,-2,0,'2016-07-25 14:09:47','2016-08-24 15:41:45'),(6339,123,71,NULL,-2,0,'2016-07-25 14:09:47','2016-08-24 15:41:45'),(6340,123,11,NULL,-2,0,'2016-07-25 14:09:47','2016-08-24 15:41:45'),(6341,123,76,NULL,-2,0,'2016-07-25 14:09:47','2016-08-24 15:41:45'),(6342,123,12,NULL,-2,0,'2016-07-25 14:09:47','2016-08-24 15:41:45'),(6343,123,77,NULL,-2,0,'2016-07-25 14:09:47','2016-08-24 15:41:45'),(6344,123,4,NULL,-2,0,'2016-07-25 14:09:47','2016-08-24 15:41:45'),(6345,123,40,NULL,-2,0,'2016-07-25 14:09:47','2016-08-24 15:41:45'),(6346,123,122,NULL,-2,0,'2016-07-25 14:09:47','2016-08-24 15:41:45'),(6347,123,42,NULL,-2,0,'2016-07-25 14:09:47','2016-08-24 15:41:45'),(6348,123,127,NULL,-2,0,'2016-07-25 14:09:47','2016-08-24 15:41:45'),(6349,123,5,NULL,-2,0,'2016-07-25 14:09:47','2016-08-24 15:41:45'),(6350,123,46,NULL,-2,0,'2016-07-25 14:09:47','2016-08-24 15:41:45'),(6351,123,136,NULL,-2,0,'2016-07-25 14:09:47','2016-08-24 15:41:45'),(6352,123,48,NULL,-2,0,'2016-07-25 14:09:47','2016-08-24 15:41:45'),(6353,123,140,NULL,-2,0,'2016-07-25 14:09:47','2016-08-24 15:41:45'),(6354,123,52,NULL,-2,0,'2016-07-25 14:09:47','2016-08-24 15:41:45'),(6355,123,144,NULL,-2,0,'2016-07-25 14:09:47','2016-08-24 15:41:45'),(6356,123,53,NULL,-2,0,'2016-07-25 14:09:47','2016-08-24 15:41:45'),(6357,123,146,NULL,-2,0,'2016-07-25 14:09:47','2016-08-24 15:41:45'),(8220,1,45,NULL,0,0,'2016-07-25 19:23:32','2016-07-25 19:23:31'),(9616,4,3,NULL,-2,0,'2016-08-24 14:35:49','2016-08-24 15:40:34'),(9617,4,37,NULL,-2,0,'2016-08-24 14:35:49','2016-08-24 15:40:34'),(9618,4,109,NULL,-2,0,'2016-08-24 14:35:49','2016-08-24 15:40:34'),(9619,4,39,NULL,-2,0,'2016-08-24 14:35:49','2016-08-24 15:40:34'),(9620,4,116,NULL,-2,0,'2016-08-24 14:35:49','2016-08-24 15:40:34'),(9621,4,1,NULL,-2,0,'2016-08-24 14:35:49','2016-08-24 15:40:34'),(9622,4,6,NULL,-2,0,'2016-08-24 14:35:49','2016-08-24 15:40:34'),(9623,4,7,NULL,-2,0,'2016-08-24 14:35:49','2016-08-24 15:40:34'),(9624,4,65,NULL,-2,0,'2016-08-24 14:35:49','2016-08-24 15:40:34'),(9625,4,8,NULL,-2,0,'2016-08-24 14:35:49','2016-08-24 15:40:34'),(9626,4,69,NULL,-2,0,'2016-08-24 14:35:49','2016-08-24 15:40:34'),(9627,4,9,NULL,-2,0,'2016-08-24 14:35:49','2016-08-24 15:40:34'),(9628,4,73,NULL,-2,0,'2016-08-24 14:35:49','2016-08-24 15:40:34'),(9629,4,2,NULL,-2,0,'2016-08-24 14:35:49','2016-08-24 15:40:34'),(9630,4,26,NULL,-2,0,'2016-08-24 14:35:49','2016-08-24 15:40:34'),(9631,4,96,NULL,-2,0,'2016-08-24 14:35:49','2016-08-24 15:40:34'),(9632,4,28,NULL,-2,0,'2016-08-24 14:35:49','2016-08-24 15:40:34'),(9633,4,99,NULL,-2,0,'2016-08-24 14:35:49','2016-08-24 15:40:34'),(9634,4,4,NULL,-2,0,'2016-08-24 14:35:49','2016-08-24 15:40:34'),(9635,4,40,NULL,-2,0,'2016-08-24 14:35:49','2016-08-24 15:40:34'),(9636,4,120,NULL,-2,0,'2016-08-24 14:35:49','2016-08-24 15:40:34'),(9637,4,41,NULL,-2,0,'2016-08-24 14:35:49','2016-08-24 15:40:34'),(9638,4,42,NULL,-2,0,'2016-08-24 14:35:49','2016-08-24 15:40:34'),(9639,4,124,NULL,-2,0,'2016-08-24 14:35:49','2016-08-24 15:40:34'),(9640,4,44,NULL,-2,0,'2016-08-24 14:35:49','2016-08-24 15:40:34'),(9641,4,128,NULL,-2,0,'2016-08-24 14:35:49','2016-08-24 15:40:34'),(9642,4,45,NULL,-2,0,'2016-08-24 14:35:49','2016-08-24 15:40:34'),(9643,4,132,NULL,-2,0,'2016-08-24 14:35:49','2016-08-24 15:40:34'),(9644,4,3,NULL,0,0,'2016-08-24 15:40:34','2016-08-24 15:40:34'),(9645,4,37,NULL,0,0,'2016-08-24 15:40:34','2016-08-24 15:40:34'),(9646,4,109,NULL,0,0,'2016-08-24 15:40:34','2016-08-24 15:40:34'),(9647,4,39,NULL,0,0,'2016-08-24 15:40:34','2016-08-24 15:40:34'),(9648,4,116,NULL,0,0,'2016-08-24 15:40:34','2016-08-24 15:40:34'),(9649,4,1,NULL,0,0,'2016-08-24 15:40:34','2016-08-24 15:40:34'),(9650,4,6,NULL,0,0,'2016-08-24 15:40:34','2016-08-24 15:40:34'),(9651,4,7,NULL,0,0,'2016-08-24 15:40:34','2016-08-24 15:40:34'),(9652,4,65,NULL,0,0,'2016-08-24 15:40:34','2016-08-24 15:40:34'),(9653,4,8,NULL,0,0,'2016-08-24 15:40:34','2016-08-24 15:40:34'),(9654,4,69,NULL,0,0,'2016-08-24 15:40:34','2016-08-24 15:40:34'),(9655,4,2,NULL,0,0,'2016-08-24 15:40:34','2016-08-24 15:40:34'),(9656,4,26,NULL,0,0,'2016-08-24 15:40:34','2016-08-24 15:40:34'),(9657,4,96,NULL,0,0,'2016-08-24 15:40:34','2016-08-24 15:40:34'),(9658,4,28,NULL,0,0,'2016-08-24 15:40:34','2016-08-24 15:40:34'),(9659,4,99,NULL,0,0,'2016-08-24 15:40:34','2016-08-24 15:40:34'),(9660,4,4,NULL,0,0,'2016-08-24 15:40:34','2016-08-24 15:40:34'),(9661,4,40,NULL,0,0,'2016-08-24 15:40:34','2016-08-24 15:40:34'),(9662,4,120,NULL,0,0,'2016-08-24 15:40:34','2016-08-24 15:40:34'),(9663,4,41,NULL,0,0,'2016-08-24 15:40:34','2016-08-24 15:40:34'),(9664,4,42,NULL,0,0,'2016-08-24 15:40:34','2016-08-24 15:40:34'),(9665,4,124,NULL,0,0,'2016-08-24 15:40:34','2016-08-24 15:40:34'),(9666,4,44,NULL,0,0,'2016-08-24 15:40:34','2016-08-24 15:40:34'),(9667,4,128,NULL,0,0,'2016-08-24 15:40:34','2016-08-24 15:40:34'),(9668,4,45,NULL,0,0,'2016-08-24 15:40:34','2016-08-24 15:40:34'),(9669,4,132,NULL,0,0,'2016-08-24 15:40:34','2016-08-24 15:40:34'),(9670,123,3,NULL,0,0,'2016-08-24 15:41:45','2016-08-24 15:41:45'),(9671,123,37,NULL,0,0,'2016-08-24 15:41:45','2016-08-24 15:41:45'),(9672,123,111,NULL,0,0,'2016-08-24 15:41:45','2016-08-24 15:41:45'),(9673,123,1,NULL,0,0,'2016-08-24 15:41:45','2016-08-24 15:41:45'),(9674,123,6,NULL,0,0,'2016-08-24 15:41:45','2016-08-24 15:41:45'),(9675,123,7,NULL,0,0,'2016-08-24 15:41:45','2016-08-24 15:41:45'),(9676,123,67,NULL,0,0,'2016-08-24 15:41:45','2016-08-24 15:41:45'),(9677,123,8,NULL,0,0,'2016-08-24 15:41:45','2016-08-24 15:41:45'),(9678,123,71,NULL,0,0,'2016-08-24 15:41:45','2016-08-24 15:41:45'),(9679,123,11,NULL,0,0,'2016-08-24 15:41:45','2016-08-24 15:41:45'),(9680,123,76,NULL,0,0,'2016-08-24 15:41:45','2016-08-24 15:41:45'),(9681,123,12,NULL,0,0,'2016-08-24 15:41:45','2016-08-24 15:41:45'),(9682,123,77,NULL,0,0,'2016-08-24 15:41:45','2016-08-24 15:41:45'),(9683,123,4,NULL,0,0,'2016-08-24 15:41:45','2016-08-24 15:41:45'),(9684,123,40,NULL,0,0,'2016-08-24 15:41:45','2016-08-24 15:41:45'),(9685,123,122,NULL,0,0,'2016-08-24 15:41:45','2016-08-24 15:41:45'),(9686,123,42,NULL,0,0,'2016-08-24 15:41:45','2016-08-24 15:41:45'),(9687,123,126,NULL,0,0,'2016-08-24 15:41:45','2016-08-24 15:41:45'),(9688,123,44,NULL,0,0,'2016-08-24 15:41:45','2016-08-24 15:41:45'),(9689,123,130,NULL,0,0,'2016-08-24 15:41:45','2016-08-24 15:41:45'),(9690,123,45,NULL,0,0,'2016-08-24 15:41:45','2016-08-24 15:41:45'),(9691,123,134,NULL,0,0,'2016-08-24 15:41:45','2016-08-24 15:41:45'),(9692,123,5,NULL,0,0,'2016-08-24 15:41:45','2016-08-24 15:41:45'),(9693,123,46,NULL,0,0,'2016-08-24 15:41:45','2016-08-24 15:41:45'),(9694,123,136,NULL,0,0,'2016-08-24 15:41:45','2016-08-24 15:41:45'),(9695,123,48,NULL,0,0,'2016-08-24 15:41:45','2016-08-24 15:41:45'),(9696,123,140,NULL,0,0,'2016-08-24 15:41:45','2016-08-24 15:41:45'),(9697,123,52,NULL,0,0,'2016-08-24 15:41:45','2016-08-24 15:41:45'),(9698,123,144,NULL,0,0,'2016-08-24 15:41:45','2016-08-24 15:41:45'),(9699,123,53,NULL,0,0,'2016-08-24 15:41:45','2016-08-24 15:41:45'),(9700,123,146,NULL,0,0,'2016-08-24 15:41:45','2016-08-24 15:41:45'),(10914,1,128,NULL,0,0,'2016-08-31 10:52:14','2016-08-31 10:52:13'),(10915,1,129,NULL,0,0,'2016-08-31 10:52:14','2016-08-31 10:52:14'),(10916,1,130,NULL,0,0,'2016-08-31 10:52:14','2016-08-31 10:52:14'),(10917,1,131,NULL,0,0,'2016-08-31 10:52:15','2016-08-31 10:52:15'),(10918,1,132,NULL,0,0,'2016-08-31 10:52:15','2016-08-31 10:52:15'),(10919,1,133,NULL,0,0,'2016-08-31 10:52:15','2016-08-31 10:52:15'),(10920,1,134,NULL,0,0,'2016-08-31 10:52:15','2016-08-31 10:52:15'),(10921,1,135,NULL,0,0,'2016-08-31 10:52:15','2016-08-31 10:52:15'),(10922,1,136,NULL,0,0,'2016-08-31 10:52:15','2016-08-31 10:52:15'),(10923,1,137,NULL,0,0,'2016-08-31 10:52:15','2016-08-31 10:52:15'),(11747,1,148,NULL,0,0,'2016-09-02 18:33:14','2016-09-02 18:33:13'),(11748,1,149,NULL,0,0,'2016-09-02 18:33:14','2016-09-02 18:33:14'),(11749,1,150,NULL,0,0,'2016-09-02 18:33:14','2016-09-02 18:33:14'),(11750,1,151,NULL,0,0,'2016-09-02 18:33:14','2016-09-02 18:33:14'),(11751,1,152,NULL,0,0,'2016-09-02 18:33:14','2016-09-02 18:33:14'),(11752,1,153,NULL,0,0,'2016-09-02 18:33:14','2016-09-02 18:33:14'),(11753,1,154,NULL,0,0,'2016-09-02 18:33:15','2016-09-02 18:33:15'),(12004,1,155,NULL,0,0,'2016-09-05 16:39:17','2016-09-05 16:39:16'),(12005,1,156,NULL,0,0,'2016-09-05 16:39:17','2016-09-05 16:39:17'),(12296,1,157,NULL,0,0,'2016-09-06 11:30:21','2016-09-06 11:30:21'),(12297,1,158,NULL,0,0,'2016-09-06 11:30:22','2016-09-06 11:30:22'),(12298,1,159,NULL,0,0,'2016-09-06 11:30:22','2016-09-06 11:30:22'),(12299,1,160,NULL,0,0,'2016-09-06 11:30:22','2016-09-06 11:30:22'),(12300,1,161,NULL,0,0,'2016-09-06 11:30:22','2016-09-06 11:30:22'),(12301,1,162,NULL,0,0,'2016-09-06 11:30:22','2016-09-06 11:30:22'),(12302,1,163,NULL,0,0,'2016-09-06 11:30:22','2016-09-06 11:30:22'),(12303,1,164,NULL,0,0,'2016-09-06 11:30:23','2016-09-06 11:30:23'),(12304,1,165,NULL,0,0,'2016-09-06 11:30:23','2016-09-06 11:30:23'),(12305,1,166,NULL,0,0,'2016-09-06 11:30:23','2016-09-06 11:30:23'),(12306,1,167,NULL,0,0,'2016-09-06 11:30:23','2016-09-06 11:30:23'),(12307,1,168,NULL,0,0,'2016-09-06 11:30:23','2016-09-06 11:30:23'),(12308,1,169,NULL,0,0,'2016-09-06 11:30:23','2016-09-06 11:30:23'),(12309,1,170,NULL,0,0,'2016-09-06 11:30:23','2016-09-06 11:30:23'),(12310,1,171,NULL,0,0,'2016-09-06 11:30:24','2016-09-06 11:30:24'),(12456,1,172,NULL,0,0,'2016-09-12 16:55:50','2016-09-12 16:55:50'),(12457,1,173,NULL,0,0,'2016-09-12 16:55:51','2016-09-12 16:55:51'),(12703,148,3,NULL,-2,0,'2016-09-13 17:16:52','2016-09-26 16:02:21'),(12704,148,37,NULL,-2,0,'2016-09-13 17:16:52','2016-09-26 16:02:21'),(12705,148,109,NULL,-2,0,'2016-09-13 17:16:52','2016-09-26 16:02:21'),(12706,148,110,NULL,-2,0,'2016-09-13 17:16:52','2016-09-26 16:02:21'),(12707,148,111,NULL,-2,0,'2016-09-13 17:16:52','2016-09-26 16:02:21'),(12708,148,112,NULL,-2,0,'2016-09-13 17:16:52','2016-09-26 16:02:21'),(12709,148,38,NULL,-2,0,'2016-09-13 17:16:52','2016-09-26 16:02:21'),(12710,148,113,NULL,-2,0,'2016-09-13 17:16:52','2016-09-26 16:02:21'),(12711,148,114,NULL,-2,0,'2016-09-13 17:16:52','2016-09-26 16:02:21'),(12712,148,115,NULL,-2,0,'2016-09-13 17:16:52','2016-09-26 16:02:21'),(12713,148,39,NULL,-2,0,'2016-09-13 17:16:52','2016-09-26 16:02:21'),(12714,148,116,NULL,-2,0,'2016-09-13 17:16:52','2016-09-26 16:02:21'),(12715,148,117,NULL,-2,0,'2016-09-13 17:16:52','2016-09-26 16:02:21'),(12716,148,118,NULL,-2,0,'2016-09-13 17:16:52','2016-09-26 16:02:21'),(12717,148,119,NULL,-2,0,'2016-09-13 17:16:52','2016-09-26 16:02:21'),(12718,148,2,NULL,-2,0,'2016-09-13 17:16:52','2016-09-26 16:02:21'),(12719,148,26,NULL,-2,0,'2016-09-13 17:16:52','2016-09-26 16:02:21'),(12720,148,95,NULL,-2,0,'2016-09-13 17:16:52','2016-09-26 16:02:21'),(12721,148,96,NULL,-2,0,'2016-09-13 17:16:52','2016-09-26 16:02:21'),(12722,148,27,NULL,-2,0,'2016-09-13 17:16:52','2016-09-26 16:02:21'),(12723,148,97,NULL,-2,0,'2016-09-13 17:16:52','2016-09-26 16:02:21'),(12724,148,98,NULL,-2,0,'2016-09-13 17:16:52','2016-09-26 16:02:21'),(12725,148,28,NULL,-2,0,'2016-09-13 17:16:52','2016-09-26 16:02:21'),(12726,148,99,NULL,-2,0,'2016-09-13 17:16:52','2016-09-26 16:02:21'),(12727,148,100,NULL,-2,0,'2016-09-13 17:16:52','2016-09-26 16:02:21'),(12728,148,29,NULL,-2,0,'2016-09-13 17:16:52','2016-09-26 16:02:21'),(12729,148,101,NULL,-2,0,'2016-09-13 17:16:52','2016-09-26 16:02:21'),(12730,148,102,NULL,-2,0,'2016-09-13 17:16:52','2016-09-26 16:02:21'),(12731,148,30,NULL,-2,0,'2016-09-13 17:16:52','2016-09-26 16:02:21'),(12732,148,103,NULL,-2,0,'2016-09-13 17:16:52','2016-09-26 16:02:21'),(12733,148,104,NULL,-2,0,'2016-09-13 17:16:52','2016-09-26 16:02:21'),(12734,148,31,NULL,-2,0,'2016-09-13 17:16:52','2016-09-26 16:02:21'),(12735,148,32,NULL,-2,0,'2016-09-13 17:16:52','2016-09-26 16:02:21'),(12736,148,33,NULL,-2,0,'2016-09-13 17:16:52','2016-09-26 16:02:21'),(12737,148,34,NULL,-2,0,'2016-09-13 17:16:52','2016-09-26 16:02:21'),(12738,148,4,NULL,-2,0,'2016-09-13 17:16:52','2016-09-26 16:02:21'),(12739,148,40,NULL,-2,0,'2016-09-13 17:16:52','2016-09-26 16:02:21'),(12740,148,120,NULL,-2,0,'2016-09-13 17:16:52','2016-09-26 16:02:21'),(12741,148,121,NULL,-2,0,'2016-09-13 17:16:52','2016-09-26 16:02:21'),(12742,148,122,NULL,-2,0,'2016-09-13 17:16:52','2016-09-26 16:02:21'),(12743,148,123,NULL,-2,0,'2016-09-13 17:16:52','2016-09-26 16:02:21'),(12744,148,41,NULL,-2,0,'2016-09-13 17:16:52','2016-09-26 16:02:21'),(12745,148,42,NULL,-2,0,'2016-09-13 17:16:52','2016-09-26 16:02:21'),(12746,148,124,NULL,-2,0,'2016-09-13 17:16:52','2016-09-26 16:02:21'),(12747,148,125,NULL,-2,0,'2016-09-13 17:16:52','2016-09-26 16:02:21'),(12748,148,126,NULL,-2,0,'2016-09-13 17:16:52','2016-09-26 16:02:21'),(12749,148,127,NULL,-2,0,'2016-09-13 17:16:52','2016-09-26 16:02:21'),(12750,148,44,NULL,-2,0,'2016-09-13 17:16:52','2016-09-26 16:02:21'),(12751,148,128,NULL,-2,0,'2016-09-13 17:16:52','2016-09-26 16:02:21'),(12752,148,129,NULL,-2,0,'2016-09-13 17:16:52','2016-09-26 16:02:21'),(12753,148,130,NULL,-2,0,'2016-09-13 17:16:52','2016-09-26 16:02:21'),(12754,148,131,NULL,-2,0,'2016-09-13 17:16:52','2016-09-26 16:02:21'),(12755,148,45,NULL,-2,0,'2016-09-13 17:16:52','2016-09-26 16:02:21'),(12756,148,132,NULL,-2,0,'2016-09-13 17:16:52','2016-09-26 16:02:21'),(12757,148,133,NULL,-2,0,'2016-09-13 17:16:52','2016-09-26 16:02:21'),(12758,148,134,NULL,-2,0,'2016-09-13 17:16:52','2016-09-26 16:02:21'),(12759,148,135,NULL,-2,0,'2016-09-13 17:16:52','2016-09-26 16:02:21'),(12760,148,5,NULL,-2,0,'2016-09-13 17:16:52','2016-09-26 16:02:21'),(12761,148,46,NULL,-2,0,'2016-09-13 17:16:52','2016-09-26 16:02:21'),(12762,148,136,NULL,-2,0,'2016-09-13 17:16:52','2016-09-26 16:02:21'),(12763,148,137,NULL,-2,0,'2016-09-13 17:16:52','2016-09-26 16:02:21'),(12764,148,47,NULL,-2,0,'2016-09-13 17:16:52','2016-09-26 16:02:21'),(12765,148,138,NULL,-2,0,'2016-09-13 17:16:52','2016-09-26 16:02:21'),(12766,148,139,NULL,-2,0,'2016-09-13 17:16:52','2016-09-26 16:02:21'),(12767,148,48,NULL,-2,0,'2016-09-13 17:16:52','2016-09-26 16:02:21'),(12768,148,140,NULL,-2,0,'2016-09-13 17:16:52','2016-09-26 16:02:21'),(12769,148,141,NULL,-2,0,'2016-09-13 17:16:52','2016-09-26 16:02:21'),(12770,148,49,NULL,-2,0,'2016-09-13 17:16:52','2016-09-26 16:02:21'),(12771,148,142,NULL,-2,0,'2016-09-13 17:16:52','2016-09-26 16:02:21'),(12772,148,143,NULL,-2,0,'2016-09-13 17:16:52','2016-09-26 16:02:21'),(12773,148,50,NULL,-2,0,'2016-09-13 17:16:52','2016-09-26 16:02:21'),(12774,148,51,NULL,-2,0,'2016-09-13 17:16:52','2016-09-26 16:02:21'),(12775,148,52,NULL,-2,0,'2016-09-13 17:16:52','2016-09-26 16:02:21'),(12776,148,144,NULL,-2,0,'2016-09-13 17:16:52','2016-09-26 16:02:21'),(12777,148,145,NULL,-2,0,'2016-09-13 17:16:52','2016-09-26 16:02:21'),(12778,148,53,NULL,-2,0,'2016-09-13 17:16:52','2016-09-26 16:02:21'),(12779,148,146,NULL,-2,0,'2016-09-13 17:16:52','2016-09-26 16:02:21'),(12780,148,147,NULL,-2,0,'2016-09-13 17:16:52','2016-09-26 16:02:21'),(12781,148,54,NULL,-2,0,'2016-09-13 17:16:52','2016-09-26 16:02:21'),(12782,148,55,NULL,-2,0,'2016-09-13 17:16:52','2016-09-26 16:02:21'),(12783,148,56,NULL,-2,0,'2016-09-13 17:16:52','2016-09-26 16:02:21'),(12784,148,57,NULL,-2,0,'2016-09-13 17:16:52','2016-09-26 16:02:21'),(12785,148,58,NULL,-2,0,'2016-09-13 17:16:52','2016-09-26 16:02:21'),(12786,148,63,NULL,-2,0,'2016-09-13 17:16:52','2016-09-26 16:02:21'),(12787,148,64,NULL,-2,0,'2016-09-13 17:16:52','2016-09-26 16:02:21'),(12788,148,151,NULL,-2,0,'2016-09-13 17:16:52','2016-09-26 16:02:21'),(12789,148,152,NULL,-2,0,'2016-09-13 17:16:52','2016-09-26 16:02:21'),(12790,148,1,NULL,-2,0,'2016-09-13 17:16:52','2016-09-26 16:02:21'),(12791,148,6,NULL,-2,0,'2016-09-13 17:16:52','2016-09-26 16:02:21'),(12792,148,7,NULL,-2,0,'2016-09-13 17:16:52','2016-09-26 16:02:21'),(12793,148,65,NULL,-2,0,'2016-09-13 17:16:52','2016-09-26 16:02:21'),(12794,148,66,NULL,-2,0,'2016-09-13 17:16:52','2016-09-26 16:02:21'),(12795,148,67,NULL,-2,0,'2016-09-13 17:16:52','2016-09-26 16:02:21'),(12796,148,68,NULL,-2,0,'2016-09-13 17:16:52','2016-09-26 16:02:21'),(12797,148,8,NULL,-2,0,'2016-09-13 17:16:52','2016-09-26 16:02:21'),(12798,148,69,NULL,-2,0,'2016-09-13 17:16:52','2016-09-26 16:02:21'),(12799,148,70,NULL,-2,0,'2016-09-13 17:16:52','2016-09-26 16:02:21'),(12800,148,71,NULL,-2,0,'2016-09-13 17:16:52','2016-09-26 16:02:21'),(12801,148,72,NULL,-2,0,'2016-09-13 17:16:52','2016-09-26 16:02:21'),(12802,148,9,NULL,-2,0,'2016-09-13 17:16:52','2016-09-26 16:02:21'),(12803,148,73,NULL,-2,0,'2016-09-13 17:16:52','2016-09-26 16:02:21'),(12804,148,74,NULL,-2,0,'2016-09-13 17:16:52','2016-09-26 16:02:21'),(12805,148,10,NULL,-2,0,'2016-09-13 17:16:52','2016-09-26 16:02:21'),(12806,148,75,NULL,-2,0,'2016-09-13 17:16:52','2016-09-26 16:02:21'),(12807,148,11,NULL,-2,0,'2016-09-13 17:16:52','2016-09-26 16:02:21'),(12808,148,76,NULL,-2,0,'2016-09-13 17:16:52','2016-09-26 16:02:21'),(12809,148,12,NULL,-2,0,'2016-09-13 17:16:52','2016-09-26 16:02:21'),(12810,148,77,NULL,-2,0,'2016-09-13 17:16:52','2016-09-26 16:02:21'),(12811,148,15,NULL,-2,0,'2016-09-13 17:16:52','2016-09-26 16:02:21'),(12812,148,81,NULL,-2,0,'2016-09-13 17:16:52','2016-09-26 16:02:21'),(12813,148,82,NULL,-2,0,'2016-09-13 17:16:52','2016-09-26 16:02:21'),(12814,148,83,NULL,-2,0,'2016-09-13 17:16:52','2016-09-26 16:02:21'),(12815,148,84,NULL,-2,0,'2016-09-13 17:16:52','2016-09-26 16:02:21'),(12816,148,16,NULL,-2,0,'2016-09-13 17:16:52','2016-09-26 16:02:21'),(12817,148,85,NULL,-2,0,'2016-09-13 17:16:52','2016-09-26 16:02:21'),(12818,148,86,NULL,-2,0,'2016-09-13 17:16:52','2016-09-26 16:02:21'),(12819,148,19,NULL,-2,0,'2016-09-13 17:16:52','2016-09-26 16:02:21'),(12820,148,20,NULL,-2,0,'2016-09-13 17:16:52','2016-09-26 16:02:21'),(12821,148,21,NULL,-2,0,'2016-09-13 17:16:52','2016-09-26 16:02:21'),(12822,148,22,NULL,-2,0,'2016-09-13 17:16:52','2016-09-26 16:02:21'),(12823,148,23,NULL,-2,0,'2016-09-13 17:16:52','2016-09-26 16:02:21'),(12824,148,24,NULL,-2,0,'2016-09-13 17:16:52','2016-09-26 16:02:21'),(12825,148,25,NULL,-2,0,'2016-09-13 17:16:52','2016-09-26 16:02:21'),(12826,148,148,NULL,-2,0,'2016-09-13 17:16:52','2016-09-26 16:02:21'),(12827,148,149,NULL,-2,0,'2016-09-13 17:16:52','2016-09-26 16:02:21'),(12828,148,150,NULL,-2,0,'2016-09-13 17:16:52','2016-09-26 16:02:21'),(12829,148,154,NULL,-2,0,'2016-09-13 17:16:52','2016-09-26 16:02:21'),(12830,148,155,NULL,-2,0,'2016-09-13 17:16:52','2016-09-26 16:02:21'),(12831,148,156,NULL,-2,0,'2016-09-13 17:16:52','2016-09-26 16:02:21'),(12832,148,153,NULL,-2,0,'2016-09-13 17:16:52','2016-09-26 16:02:21'),(12833,148,157,NULL,-2,0,'2016-09-13 17:16:52','2016-09-26 16:02:21'),(12834,148,160,NULL,-2,0,'2016-09-13 17:16:52','2016-09-26 16:02:21'),(12835,148,161,NULL,-2,0,'2016-09-13 17:16:52','2016-09-26 16:02:21'),(12836,148,162,NULL,-2,0,'2016-09-13 17:16:52','2016-09-26 16:02:21'),(12837,148,163,NULL,-2,0,'2016-09-13 17:16:52','2016-09-26 16:02:21'),(12838,148,158,NULL,-2,0,'2016-09-13 17:16:52','2016-09-26 16:02:21'),(12839,148,164,NULL,-2,0,'2016-09-13 17:16:52','2016-09-26 16:02:21'),(12840,148,165,NULL,-2,0,'2016-09-13 17:16:52','2016-09-26 16:02:21'),(12841,148,166,NULL,-2,0,'2016-09-13 17:16:52','2016-09-26 16:02:21'),(12842,148,167,NULL,-2,0,'2016-09-13 17:16:52','2016-09-26 16:02:21'),(12843,148,159,NULL,-2,0,'2016-09-13 17:16:52','2016-09-26 16:02:21'),(12844,148,168,NULL,-2,0,'2016-09-13 17:16:52','2016-09-26 16:02:21'),(12845,148,169,NULL,-2,0,'2016-09-13 17:16:52','2016-09-26 16:02:21'),(12846,148,170,NULL,-2,0,'2016-09-13 17:16:52','2016-09-26 16:02:21'),(12847,148,171,NULL,-2,0,'2016-09-13 17:16:52','2016-09-26 16:02:21'),(12848,148,172,NULL,-2,0,'2016-09-13 17:16:52','2016-09-26 16:02:21'),(12849,148,173,NULL,-2,0,'2016-09-13 17:16:52','2016-09-26 16:02:21'),(12850,148,174,NULL,-2,0,'2016-09-13 17:16:52','2016-09-26 16:02:21'),(12851,148,175,NULL,-2,0,'2016-09-13 17:16:52','2016-09-26 16:02:21'),(12852,149,3,NULL,-2,0,'2016-09-14 09:17:10','2016-09-21 15:41:10'),(12853,149,37,NULL,-2,0,'2016-09-14 09:17:10','2016-09-21 15:41:10'),(12854,149,109,NULL,-2,0,'2016-09-14 09:17:10','2016-09-21 15:41:10'),(12855,149,110,NULL,-2,0,'2016-09-14 09:17:10','2016-09-21 15:41:10'),(12856,149,111,NULL,-2,0,'2016-09-14 09:17:10','2016-09-21 15:41:10'),(12857,149,112,NULL,-2,0,'2016-09-14 09:17:10','2016-09-21 15:41:10'),(12858,149,38,NULL,-2,0,'2016-09-14 09:17:10','2016-09-21 15:41:10'),(12859,149,113,NULL,-2,0,'2016-09-14 09:17:10','2016-09-21 15:41:10'),(12860,149,114,NULL,-2,0,'2016-09-14 09:17:10','2016-09-21 15:41:10'),(12861,149,115,NULL,-2,0,'2016-09-14 09:17:10','2016-09-21 15:41:10'),(12862,149,39,NULL,-2,0,'2016-09-14 09:17:10','2016-09-21 15:41:10'),(12863,149,116,NULL,-2,0,'2016-09-14 09:17:10','2016-09-21 15:41:10'),(12864,149,117,NULL,-2,0,'2016-09-14 09:17:10','2016-09-21 15:41:10'),(12865,149,118,NULL,-2,0,'2016-09-14 09:17:10','2016-09-21 15:41:10'),(12866,149,119,NULL,-2,0,'2016-09-14 09:17:10','2016-09-21 15:41:10'),(12867,149,1,NULL,-2,0,'2016-09-14 09:17:10','2016-09-21 15:41:10'),(12868,149,6,NULL,-2,0,'2016-09-14 09:17:10','2016-09-21 15:41:10'),(12869,149,7,NULL,-2,0,'2016-09-14 09:17:10','2016-09-21 15:41:10'),(12870,149,65,NULL,-2,0,'2016-09-14 09:17:10','2016-09-21 15:41:10'),(12871,149,66,NULL,-2,0,'2016-09-14 09:17:10','2016-09-21 15:41:10'),(12872,149,67,NULL,-2,0,'2016-09-14 09:17:10','2016-09-21 15:41:10'),(12873,149,68,NULL,-2,0,'2016-09-14 09:17:10','2016-09-21 15:41:10'),(12874,149,8,NULL,-2,0,'2016-09-14 09:17:10','2016-09-21 15:41:10'),(12875,149,69,NULL,-2,0,'2016-09-14 09:17:10','2016-09-21 15:41:10'),(12876,149,70,NULL,-2,0,'2016-09-14 09:17:10','2016-09-21 15:41:10'),(12877,149,71,NULL,-2,0,'2016-09-14 09:17:10','2016-09-21 15:41:10'),(12878,149,72,NULL,-2,0,'2016-09-14 09:17:10','2016-09-21 15:41:10'),(12879,149,9,NULL,-2,0,'2016-09-14 09:17:10','2016-09-21 15:41:10'),(12880,149,73,NULL,-2,0,'2016-09-14 09:17:10','2016-09-21 15:41:10'),(12881,149,74,NULL,-2,0,'2016-09-14 09:17:10','2016-09-21 15:41:10'),(12882,149,10,NULL,-2,0,'2016-09-14 09:17:10','2016-09-21 15:41:10'),(12883,149,75,NULL,-2,0,'2016-09-14 09:17:10','2016-09-21 15:41:10'),(12884,149,11,NULL,-2,0,'2016-09-14 09:17:10','2016-09-21 15:41:10'),(12885,149,76,NULL,-2,0,'2016-09-14 09:17:10','2016-09-21 15:41:10'),(12886,149,12,NULL,-2,0,'2016-09-14 09:17:10','2016-09-21 15:41:10'),(12887,149,77,NULL,-2,0,'2016-09-14 09:17:10','2016-09-21 15:41:10'),(12888,149,15,NULL,-2,0,'2016-09-14 09:17:10','2016-09-21 15:41:10'),(12889,149,81,NULL,-2,0,'2016-09-14 09:17:10','2016-09-21 15:41:10'),(12890,149,82,NULL,-2,0,'2016-09-14 09:17:10','2016-09-21 15:41:10'),(12891,149,83,NULL,-2,0,'2016-09-14 09:17:10','2016-09-21 15:41:10'),(12892,149,84,NULL,-2,0,'2016-09-14 09:17:10','2016-09-21 15:41:10'),(12893,149,16,NULL,-2,0,'2016-09-14 09:17:10','2016-09-21 15:41:10'),(12894,149,85,NULL,-2,0,'2016-09-14 09:17:10','2016-09-21 15:41:10'),(12895,149,86,NULL,-2,0,'2016-09-14 09:17:10','2016-09-21 15:41:10'),(12896,149,19,NULL,-2,0,'2016-09-14 09:17:10','2016-09-21 15:41:10'),(12897,149,20,NULL,-2,0,'2016-09-14 09:17:10','2016-09-21 15:41:10'),(12898,149,21,NULL,-2,0,'2016-09-14 09:17:10','2016-09-21 15:41:10'),(12899,149,22,NULL,-2,0,'2016-09-14 09:17:10','2016-09-21 15:41:10'),(12900,149,23,NULL,-2,0,'2016-09-14 09:17:10','2016-09-21 15:41:10'),(12901,149,24,NULL,-2,0,'2016-09-14 09:17:10','2016-09-21 15:41:10'),(12902,149,25,NULL,-2,0,'2016-09-14 09:17:10','2016-09-21 15:41:10'),(12903,149,148,NULL,-2,0,'2016-09-14 09:17:10','2016-09-21 15:41:10'),(12904,149,149,NULL,-2,0,'2016-09-14 09:17:10','2016-09-21 15:41:10'),(12905,149,150,NULL,-2,0,'2016-09-14 09:17:10','2016-09-21 15:41:10'),(12906,149,154,NULL,-2,0,'2016-09-14 09:17:10','2016-09-21 15:41:10'),(12907,149,155,NULL,-2,0,'2016-09-14 09:17:10','2016-09-21 15:41:10'),(12908,149,156,NULL,-2,0,'2016-09-14 09:17:10','2016-09-21 15:41:10'),(12909,149,153,NULL,-2,0,'2016-09-14 09:17:10','2016-09-21 15:41:10'),(12910,149,157,NULL,-2,0,'2016-09-14 09:17:10','2016-09-21 15:41:10'),(12911,149,160,NULL,-2,0,'2016-09-14 09:17:10','2016-09-21 15:41:10'),(12912,149,161,NULL,-2,0,'2016-09-14 09:17:10','2016-09-21 15:41:10'),(12913,149,162,NULL,-2,0,'2016-09-14 09:17:10','2016-09-21 15:41:10'),(12914,149,163,NULL,-2,0,'2016-09-14 09:17:10','2016-09-21 15:41:10'),(12915,149,158,NULL,-2,0,'2016-09-14 09:17:10','2016-09-21 15:41:10'),(12916,149,164,NULL,-2,0,'2016-09-14 09:17:10','2016-09-21 15:41:10'),(12917,149,165,NULL,-2,0,'2016-09-14 09:17:10','2016-09-21 15:41:10'),(12918,149,166,NULL,-2,0,'2016-09-14 09:17:10','2016-09-21 15:41:10'),(12919,149,167,NULL,-2,0,'2016-09-14 09:17:10','2016-09-21 15:41:10'),(12920,149,159,NULL,-2,0,'2016-09-14 09:17:10','2016-09-21 15:41:10'),(12921,149,168,NULL,-2,0,'2016-09-14 09:17:10','2016-09-21 15:41:10'),(12922,149,169,NULL,-2,0,'2016-09-14 09:17:10','2016-09-21 15:41:10'),(12923,149,170,NULL,-2,0,'2016-09-14 09:17:10','2016-09-21 15:41:10'),(12924,149,171,NULL,-2,0,'2016-09-14 09:17:10','2016-09-21 15:41:10'),(12925,149,172,NULL,-2,0,'2016-09-14 09:17:10','2016-09-21 15:41:10'),(12926,149,173,NULL,-2,0,'2016-09-14 09:17:10','2016-09-21 15:41:10'),(12927,149,174,NULL,-2,0,'2016-09-14 09:17:10','2016-09-21 15:41:10'),(12928,149,175,NULL,-2,0,'2016-09-14 09:17:10','2016-09-21 15:41:10'),(12929,149,176,NULL,-2,0,'2016-09-14 09:17:10','2016-09-21 15:41:10'),(12930,149,2,NULL,-2,0,'2016-09-14 09:17:10','2016-09-21 15:41:10'),(12931,149,26,NULL,-2,0,'2016-09-14 09:17:10','2016-09-21 15:41:10'),(12932,149,95,NULL,-2,0,'2016-09-14 09:17:10','2016-09-21 15:41:10'),(12933,149,96,NULL,-2,0,'2016-09-14 09:17:10','2016-09-21 15:41:10'),(12934,149,27,NULL,-2,0,'2016-09-14 09:17:10','2016-09-21 15:41:10'),(12935,149,97,NULL,-2,0,'2016-09-14 09:17:10','2016-09-21 15:41:10'),(12936,149,98,NULL,-2,0,'2016-09-14 09:17:10','2016-09-21 15:41:10'),(12937,149,28,NULL,-2,0,'2016-09-14 09:17:10','2016-09-21 15:41:10'),(12938,149,99,NULL,-2,0,'2016-09-14 09:17:10','2016-09-21 15:41:10'),(12939,149,100,NULL,-2,0,'2016-09-14 09:17:10','2016-09-21 15:41:10'),(12940,149,29,NULL,-2,0,'2016-09-14 09:17:10','2016-09-21 15:41:10'),(12941,149,101,NULL,-2,0,'2016-09-14 09:17:10','2016-09-21 15:41:10'),(12942,149,102,NULL,-2,0,'2016-09-14 09:17:10','2016-09-21 15:41:10'),(12943,149,30,NULL,-2,0,'2016-09-14 09:17:10','2016-09-21 15:41:10'),(12944,149,103,NULL,-2,0,'2016-09-14 09:17:10','2016-09-21 15:41:10'),(12945,149,104,NULL,-2,0,'2016-09-14 09:17:10','2016-09-21 15:41:10'),(12946,149,31,NULL,-2,0,'2016-09-14 09:17:10','2016-09-21 15:41:10'),(12947,149,32,NULL,-2,0,'2016-09-14 09:17:10','2016-09-21 15:41:10'),(12948,149,33,NULL,-2,0,'2016-09-14 09:17:10','2016-09-21 15:41:10'),(12949,149,34,NULL,-2,0,'2016-09-14 09:17:10','2016-09-21 15:41:10'),(12950,149,4,NULL,-2,0,'2016-09-14 09:17:10','2016-09-21 15:41:10'),(12951,149,40,NULL,-2,0,'2016-09-14 09:17:10','2016-09-21 15:41:10'),(12952,149,120,NULL,-2,0,'2016-09-14 09:17:10','2016-09-21 15:41:10'),(12953,149,121,NULL,-2,0,'2016-09-14 09:17:10','2016-09-21 15:41:10'),(12954,149,122,NULL,-2,0,'2016-09-14 09:17:10','2016-09-21 15:41:10'),(12955,149,123,NULL,-2,0,'2016-09-14 09:17:10','2016-09-21 15:41:10'),(12956,149,41,NULL,-2,0,'2016-09-14 09:17:10','2016-09-21 15:41:10'),(12957,149,42,NULL,-2,0,'2016-09-14 09:17:10','2016-09-21 15:41:10'),(12958,149,124,NULL,-2,0,'2016-09-14 09:17:10','2016-09-21 15:41:10'),(12959,149,125,NULL,-2,0,'2016-09-14 09:17:10','2016-09-21 15:41:10'),(12960,149,126,NULL,-2,0,'2016-09-14 09:17:10','2016-09-21 15:41:10'),(12961,149,127,NULL,-2,0,'2016-09-14 09:17:10','2016-09-21 15:41:10'),(12962,149,44,NULL,-2,0,'2016-09-14 09:17:10','2016-09-21 15:41:10'),(12963,149,128,NULL,-2,0,'2016-09-14 09:17:10','2016-09-21 15:41:10'),(12964,149,129,NULL,-2,0,'2016-09-14 09:17:10','2016-09-21 15:41:10'),(12965,149,130,NULL,-2,0,'2016-09-14 09:17:10','2016-09-21 15:41:10'),(12966,149,131,NULL,-2,0,'2016-09-14 09:17:10','2016-09-21 15:41:10'),(12967,149,45,NULL,-2,0,'2016-09-14 09:17:10','2016-09-21 15:41:10'),(12968,149,132,NULL,-2,0,'2016-09-14 09:17:10','2016-09-21 15:41:10'),(12969,149,133,NULL,-2,0,'2016-09-14 09:17:10','2016-09-21 15:41:10'),(12970,149,134,NULL,-2,0,'2016-09-14 09:17:10','2016-09-21 15:41:10'),(12971,149,135,NULL,-2,0,'2016-09-14 09:17:10','2016-09-21 15:41:10'),(12972,149,5,NULL,-2,0,'2016-09-14 09:17:10','2016-09-21 15:41:10'),(12973,149,46,NULL,-2,0,'2016-09-14 09:17:10','2016-09-21 15:41:10'),(12974,149,136,NULL,-2,0,'2016-09-14 09:17:10','2016-09-21 15:41:10'),(12975,149,137,NULL,-2,0,'2016-09-14 09:17:10','2016-09-21 15:41:10'),(12976,149,47,NULL,-2,0,'2016-09-14 09:17:10','2016-09-21 15:41:10'),(12977,149,138,NULL,-2,0,'2016-09-14 09:17:10','2016-09-21 15:41:10'),(12978,149,139,NULL,-2,0,'2016-09-14 09:17:10','2016-09-21 15:41:10'),(12979,149,48,NULL,-2,0,'2016-09-14 09:17:10','2016-09-21 15:41:10'),(12980,149,140,NULL,-2,0,'2016-09-14 09:17:10','2016-09-21 15:41:10'),(12981,149,141,NULL,-2,0,'2016-09-14 09:17:10','2016-09-21 15:41:10'),(12982,149,49,NULL,-2,0,'2016-09-14 09:17:10','2016-09-21 15:41:10'),(12983,149,142,NULL,-2,0,'2016-09-14 09:17:10','2016-09-21 15:41:10'),(12984,149,143,NULL,-2,0,'2016-09-14 09:17:10','2016-09-21 15:41:10'),(12985,149,50,NULL,-2,0,'2016-09-14 09:17:10','2016-09-21 15:41:10'),(12986,149,51,NULL,-2,0,'2016-09-14 09:17:10','2016-09-21 15:41:10'),(12987,149,52,NULL,-2,0,'2016-09-14 09:17:10','2016-09-21 15:41:10'),(12988,149,144,NULL,-2,0,'2016-09-14 09:17:10','2016-09-21 15:41:10'),(12989,149,145,NULL,-2,0,'2016-09-14 09:17:10','2016-09-21 15:41:10'),(12990,149,53,NULL,-2,0,'2016-09-14 09:17:10','2016-09-21 15:41:10'),(12991,149,146,NULL,-2,0,'2016-09-14 09:17:10','2016-09-21 15:41:10'),(12992,149,147,NULL,-2,0,'2016-09-14 09:17:10','2016-09-21 15:41:10'),(12993,149,54,NULL,-2,0,'2016-09-14 09:17:10','2016-09-21 15:41:10'),(12994,149,55,NULL,-2,0,'2016-09-14 09:17:10','2016-09-21 15:41:10'),(12995,149,56,NULL,-2,0,'2016-09-14 09:17:10','2016-09-21 15:41:10'),(12996,149,57,NULL,-2,0,'2016-09-14 09:17:10','2016-09-21 15:41:10'),(12997,149,58,NULL,-2,0,'2016-09-14 09:17:10','2016-09-21 15:41:10'),(12998,149,63,NULL,-2,0,'2016-09-14 09:17:10','2016-09-21 15:41:10'),(12999,149,64,NULL,-2,0,'2016-09-14 09:17:10','2016-09-21 15:41:10'),(13000,149,151,NULL,-2,0,'2016-09-14 09:17:10','2016-09-21 15:41:10'),(13001,149,152,NULL,-2,0,'2016-09-14 09:17:10','2016-09-21 15:41:10'),(13002,150,1,NULL,-2,0,'2016-09-14 09:17:44','2016-09-26 16:13:35'),(13003,150,174,NULL,-2,0,'2016-09-14 09:17:44','2016-09-26 16:13:35'),(13004,150,176,NULL,-2,0,'2016-09-14 09:17:44','2016-09-26 16:13:35'),(13005,149,3,NULL,-2,0,'2016-09-14 09:41:15','2016-09-21 15:41:10'),(13006,149,37,NULL,-2,0,'2016-09-14 09:41:15','2016-09-21 15:41:10'),(13007,149,109,NULL,-2,0,'2016-09-14 09:41:15','2016-09-21 15:41:10'),(13008,149,110,NULL,-2,0,'2016-09-14 09:41:15','2016-09-21 15:41:10'),(13009,149,111,NULL,-2,0,'2016-09-14 09:41:15','2016-09-21 15:41:10'),(13010,149,112,NULL,-2,0,'2016-09-14 09:41:15','2016-09-21 15:41:10'),(13011,149,38,NULL,-2,0,'2016-09-14 09:41:15','2016-09-21 15:41:10'),(13012,149,113,NULL,-2,0,'2016-09-14 09:41:15','2016-09-21 15:41:10'),(13013,149,114,NULL,-2,0,'2016-09-14 09:41:15','2016-09-21 15:41:10'),(13014,149,115,NULL,-2,0,'2016-09-14 09:41:15','2016-09-21 15:41:10'),(13015,149,39,NULL,-2,0,'2016-09-14 09:41:15','2016-09-21 15:41:10'),(13016,149,116,NULL,-2,0,'2016-09-14 09:41:15','2016-09-21 15:41:10'),(13017,149,117,NULL,-2,0,'2016-09-14 09:41:15','2016-09-21 15:41:10'),(13018,149,118,NULL,-2,0,'2016-09-14 09:41:15','2016-09-21 15:41:10'),(13019,149,119,NULL,-2,0,'2016-09-14 09:41:15','2016-09-21 15:41:10'),(13020,149,1,NULL,-2,0,'2016-09-14 09:41:15','2016-09-21 15:41:10'),(13021,149,6,NULL,-2,0,'2016-09-14 09:41:15','2016-09-21 15:41:10'),(13022,149,7,NULL,-2,0,'2016-09-14 09:41:15','2016-09-21 15:41:10'),(13023,149,65,NULL,-2,0,'2016-09-14 09:41:15','2016-09-21 15:41:10'),(13024,149,66,NULL,-2,0,'2016-09-14 09:41:15','2016-09-21 15:41:10'),(13025,149,67,NULL,-2,0,'2016-09-14 09:41:15','2016-09-21 15:41:10'),(13026,149,68,NULL,-2,0,'2016-09-14 09:41:15','2016-09-21 15:41:10'),(13027,149,8,NULL,-2,0,'2016-09-14 09:41:15','2016-09-21 15:41:10'),(13028,149,69,NULL,-2,0,'2016-09-14 09:41:15','2016-09-21 15:41:10'),(13029,149,70,NULL,-2,0,'2016-09-14 09:41:15','2016-09-21 15:41:10'),(13030,149,71,NULL,-2,0,'2016-09-14 09:41:15','2016-09-21 15:41:10'),(13031,149,72,NULL,-2,0,'2016-09-14 09:41:15','2016-09-21 15:41:10'),(13032,149,9,NULL,-2,0,'2016-09-14 09:41:15','2016-09-21 15:41:10'),(13033,149,73,NULL,-2,0,'2016-09-14 09:41:15','2016-09-21 15:41:10'),(13034,149,74,NULL,-2,0,'2016-09-14 09:41:15','2016-09-21 15:41:10'),(13035,149,10,NULL,-2,0,'2016-09-14 09:41:15','2016-09-21 15:41:10'),(13036,149,75,NULL,-2,0,'2016-09-14 09:41:15','2016-09-21 15:41:10'),(13037,149,11,NULL,-2,0,'2016-09-14 09:41:15','2016-09-21 15:41:10'),(13038,149,76,NULL,-2,0,'2016-09-14 09:41:15','2016-09-21 15:41:10'),(13039,149,12,NULL,-2,0,'2016-09-14 09:41:15','2016-09-21 15:41:10'),(13040,149,77,NULL,-2,0,'2016-09-14 09:41:15','2016-09-21 15:41:10'),(13041,149,15,NULL,-2,0,'2016-09-14 09:41:15','2016-09-21 15:41:10'),(13042,149,81,NULL,-2,0,'2016-09-14 09:41:15','2016-09-21 15:41:10'),(13043,149,82,NULL,-2,0,'2016-09-14 09:41:15','2016-09-21 15:41:10'),(13044,149,83,NULL,-2,0,'2016-09-14 09:41:15','2016-09-21 15:41:10'),(13045,149,84,NULL,-2,0,'2016-09-14 09:41:15','2016-09-21 15:41:10'),(13046,149,16,NULL,-2,0,'2016-09-14 09:41:15','2016-09-21 15:41:10'),(13047,149,85,NULL,-2,0,'2016-09-14 09:41:15','2016-09-21 15:41:10'),(13048,149,86,NULL,-2,0,'2016-09-14 09:41:15','2016-09-21 15:41:10'),(13049,149,19,NULL,-2,0,'2016-09-14 09:41:15','2016-09-21 15:41:10'),(13050,149,20,NULL,-2,0,'2016-09-14 09:41:15','2016-09-21 15:41:10'),(13051,149,21,NULL,-2,0,'2016-09-14 09:41:15','2016-09-21 15:41:10'),(13052,149,22,NULL,-2,0,'2016-09-14 09:41:15','2016-09-21 15:41:10'),(13053,149,23,NULL,-2,0,'2016-09-14 09:41:15','2016-09-21 15:41:10'),(13054,149,24,NULL,-2,0,'2016-09-14 09:41:15','2016-09-21 15:41:10'),(13055,149,25,NULL,-2,0,'2016-09-14 09:41:15','2016-09-21 15:41:10'),(13056,149,148,NULL,-2,0,'2016-09-14 09:41:15','2016-09-21 15:41:10'),(13057,149,149,NULL,-2,0,'2016-09-14 09:41:15','2016-09-21 15:41:10'),(13058,149,150,NULL,-2,0,'2016-09-14 09:41:15','2016-09-21 15:41:10'),(13059,149,154,NULL,-2,0,'2016-09-14 09:41:15','2016-09-21 15:41:10'),(13060,149,155,NULL,-2,0,'2016-09-14 09:41:15','2016-09-21 15:41:10'),(13061,149,156,NULL,-2,0,'2016-09-14 09:41:15','2016-09-21 15:41:10'),(13062,149,153,NULL,-2,0,'2016-09-14 09:41:15','2016-09-21 15:41:10'),(13063,149,157,NULL,-2,0,'2016-09-14 09:41:15','2016-09-21 15:41:10'),(13064,149,160,NULL,-2,0,'2016-09-14 09:41:15','2016-09-21 15:41:10'),(13065,149,161,NULL,-2,0,'2016-09-14 09:41:15','2016-09-21 15:41:10'),(13066,149,162,NULL,-2,0,'2016-09-14 09:41:15','2016-09-21 15:41:10'),(13067,149,163,NULL,-2,0,'2016-09-14 09:41:15','2016-09-21 15:41:10'),(13068,149,158,NULL,-2,0,'2016-09-14 09:41:15','2016-09-21 15:41:10'),(13069,149,164,NULL,-2,0,'2016-09-14 09:41:15','2016-09-21 15:41:10'),(13070,149,165,NULL,-2,0,'2016-09-14 09:41:15','2016-09-21 15:41:10'),(13071,149,166,NULL,-2,0,'2016-09-14 09:41:15','2016-09-21 15:41:10'),(13072,149,167,NULL,-2,0,'2016-09-14 09:41:15','2016-09-21 15:41:10'),(13073,149,159,NULL,-2,0,'2016-09-14 09:41:15','2016-09-21 15:41:10'),(13074,149,168,NULL,-2,0,'2016-09-14 09:41:15','2016-09-21 15:41:10'),(13075,149,169,NULL,-2,0,'2016-09-14 09:41:15','2016-09-21 15:41:10'),(13076,149,170,NULL,-2,0,'2016-09-14 09:41:15','2016-09-21 15:41:10'),(13077,149,171,NULL,-2,0,'2016-09-14 09:41:15','2016-09-21 15:41:10'),(13078,149,172,NULL,-2,0,'2016-09-14 09:41:15','2016-09-21 15:41:10'),(13079,149,173,NULL,-2,0,'2016-09-14 09:41:15','2016-09-21 15:41:10'),(13080,149,174,NULL,-2,0,'2016-09-14 09:41:15','2016-09-21 15:41:10'),(13081,149,175,NULL,-2,0,'2016-09-14 09:41:15','2016-09-21 15:41:10'),(13082,149,176,NULL,-2,0,'2016-09-14 09:41:15','2016-09-21 15:41:10'),(13083,149,2,NULL,-2,0,'2016-09-14 09:41:15','2016-09-21 15:41:10'),(13084,149,26,NULL,-2,0,'2016-09-14 09:41:15','2016-09-21 15:41:10'),(13085,149,95,NULL,-2,0,'2016-09-14 09:41:15','2016-09-21 15:41:10'),(13086,149,96,NULL,-2,0,'2016-09-14 09:41:15','2016-09-21 15:41:10'),(13087,149,27,NULL,-2,0,'2016-09-14 09:41:15','2016-09-21 15:41:10'),(13088,149,97,NULL,-2,0,'2016-09-14 09:41:15','2016-09-21 15:41:10'),(13089,149,98,NULL,-2,0,'2016-09-14 09:41:15','2016-09-21 15:41:10'),(13090,149,28,NULL,-2,0,'2016-09-14 09:41:15','2016-09-21 15:41:10'),(13091,149,99,NULL,-2,0,'2016-09-14 09:41:15','2016-09-21 15:41:10'),(13092,149,100,NULL,-2,0,'2016-09-14 09:41:15','2016-09-21 15:41:10'),(13093,149,29,NULL,-2,0,'2016-09-14 09:41:15','2016-09-21 15:41:10'),(13094,149,101,NULL,-2,0,'2016-09-14 09:41:15','2016-09-21 15:41:10'),(13095,149,102,NULL,-2,0,'2016-09-14 09:41:15','2016-09-21 15:41:10'),(13096,149,30,NULL,-2,0,'2016-09-14 09:41:15','2016-09-21 15:41:10'),(13097,149,103,NULL,-2,0,'2016-09-14 09:41:15','2016-09-21 15:41:10'),(13098,149,104,NULL,-2,0,'2016-09-14 09:41:15','2016-09-21 15:41:10'),(13099,149,31,NULL,-2,0,'2016-09-14 09:41:15','2016-09-21 15:41:10'),(13100,149,32,NULL,-2,0,'2016-09-14 09:41:15','2016-09-21 15:41:10'),(13101,149,33,NULL,-2,0,'2016-09-14 09:41:15','2016-09-21 15:41:10'),(13102,149,34,NULL,-2,0,'2016-09-14 09:41:15','2016-09-21 15:41:10'),(13103,149,4,NULL,-2,0,'2016-09-14 09:41:15','2016-09-21 15:41:10'),(13104,149,40,NULL,-2,0,'2016-09-14 09:41:15','2016-09-21 15:41:10'),(13105,149,120,NULL,-2,0,'2016-09-14 09:41:15','2016-09-21 15:41:10'),(13106,149,121,NULL,-2,0,'2016-09-14 09:41:15','2016-09-21 15:41:10'),(13107,149,122,NULL,-2,0,'2016-09-14 09:41:15','2016-09-21 15:41:10'),(13108,149,123,NULL,-2,0,'2016-09-14 09:41:15','2016-09-21 15:41:10'),(13109,149,41,NULL,-2,0,'2016-09-14 09:41:15','2016-09-21 15:41:10'),(13110,149,42,NULL,-2,0,'2016-09-14 09:41:15','2016-09-21 15:41:10'),(13111,149,124,NULL,-2,0,'2016-09-14 09:41:15','2016-09-21 15:41:10'),(13112,149,125,NULL,-2,0,'2016-09-14 09:41:15','2016-09-21 15:41:10'),(13113,149,126,NULL,-2,0,'2016-09-14 09:41:15','2016-09-21 15:41:10'),(13114,149,127,NULL,-2,0,'2016-09-14 09:41:15','2016-09-21 15:41:10'),(13115,149,44,NULL,-2,0,'2016-09-14 09:41:15','2016-09-21 15:41:10'),(13116,149,128,NULL,-2,0,'2016-09-14 09:41:15','2016-09-21 15:41:10'),(13117,149,129,NULL,-2,0,'2016-09-14 09:41:15','2016-09-21 15:41:10'),(13118,149,130,NULL,-2,0,'2016-09-14 09:41:15','2016-09-21 15:41:10'),(13119,149,131,NULL,-2,0,'2016-09-14 09:41:15','2016-09-21 15:41:10'),(13120,149,45,NULL,-2,0,'2016-09-14 09:41:15','2016-09-21 15:41:10'),(13121,149,132,NULL,-2,0,'2016-09-14 09:41:15','2016-09-21 15:41:10'),(13122,149,133,NULL,-2,0,'2016-09-14 09:41:15','2016-09-21 15:41:10'),(13123,149,134,NULL,-2,0,'2016-09-14 09:41:15','2016-09-21 15:41:10'),(13124,149,135,NULL,-2,0,'2016-09-14 09:41:15','2016-09-21 15:41:10'),(13125,149,5,NULL,-2,0,'2016-09-14 09:41:15','2016-09-21 15:41:10'),(13126,149,46,NULL,-2,0,'2016-09-14 09:41:15','2016-09-21 15:41:10'),(13127,149,136,NULL,-2,0,'2016-09-14 09:41:15','2016-09-21 15:41:10'),(13128,149,137,NULL,-2,0,'2016-09-14 09:41:15','2016-09-21 15:41:10'),(13129,149,47,NULL,-2,0,'2016-09-14 09:41:15','2016-09-21 15:41:10'),(13130,149,138,NULL,-2,0,'2016-09-14 09:41:15','2016-09-21 15:41:10'),(13131,149,139,NULL,-2,0,'2016-09-14 09:41:15','2016-09-21 15:41:10'),(13132,149,48,NULL,-2,0,'2016-09-14 09:41:15','2016-09-21 15:41:10'),(13133,149,140,NULL,-2,0,'2016-09-14 09:41:15','2016-09-21 15:41:10'),(13134,149,141,NULL,-2,0,'2016-09-14 09:41:15','2016-09-21 15:41:10'),(13135,149,49,NULL,-2,0,'2016-09-14 09:41:15','2016-09-21 15:41:10'),(13136,149,142,NULL,-2,0,'2016-09-14 09:41:15','2016-09-21 15:41:10'),(13137,149,143,NULL,-2,0,'2016-09-14 09:41:15','2016-09-21 15:41:10'),(13138,149,50,NULL,-2,0,'2016-09-14 09:41:15','2016-09-21 15:41:10'),(13139,149,51,NULL,-2,0,'2016-09-14 09:41:15','2016-09-21 15:41:10'),(13140,149,52,NULL,-2,0,'2016-09-14 09:41:15','2016-09-21 15:41:10'),(13141,149,144,NULL,-2,0,'2016-09-14 09:41:15','2016-09-21 15:41:10'),(13142,149,145,NULL,-2,0,'2016-09-14 09:41:15','2016-09-21 15:41:10'),(13143,149,53,NULL,-2,0,'2016-09-14 09:41:15','2016-09-21 15:41:10'),(13144,149,146,NULL,-2,0,'2016-09-14 09:41:15','2016-09-21 15:41:10'),(13145,149,147,NULL,-2,0,'2016-09-14 09:41:15','2016-09-21 15:41:10'),(13146,149,54,NULL,-2,0,'2016-09-14 09:41:15','2016-09-21 15:41:10'),(13147,149,55,NULL,-2,0,'2016-09-14 09:41:15','2016-09-21 15:41:10'),(13148,149,56,NULL,-2,0,'2016-09-14 09:41:15','2016-09-21 15:41:10'),(13149,149,57,NULL,-2,0,'2016-09-14 09:41:15','2016-09-21 15:41:10'),(13150,149,58,NULL,-2,0,'2016-09-14 09:41:15','2016-09-21 15:41:10'),(13151,149,63,NULL,-2,0,'2016-09-14 09:41:15','2016-09-21 15:41:10'),(13152,149,64,NULL,-2,0,'2016-09-14 09:41:15','2016-09-21 15:41:10'),(13153,149,151,NULL,-2,0,'2016-09-14 09:41:15','2016-09-21 15:41:10'),(13154,149,152,NULL,-2,0,'2016-09-14 09:41:15','2016-09-21 15:41:10'),(13155,149,177,NULL,-2,0,'2016-09-14 09:41:15','2016-09-21 15:41:10'),(13156,149,3,NULL,-2,0,'2016-09-14 09:49:35','2016-09-21 15:41:10'),(13157,149,37,NULL,-2,0,'2016-09-14 09:49:35','2016-09-21 15:41:10'),(13158,149,109,NULL,-2,0,'2016-09-14 09:49:35','2016-09-21 15:41:10'),(13159,149,110,NULL,-2,0,'2016-09-14 09:49:35','2016-09-21 15:41:10'),(13160,149,111,NULL,-2,0,'2016-09-14 09:49:35','2016-09-21 15:41:10'),(13161,149,112,NULL,-2,0,'2016-09-14 09:49:35','2016-09-21 15:41:10'),(13162,149,38,NULL,-2,0,'2016-09-14 09:49:35','2016-09-21 15:41:10'),(13163,149,113,NULL,-2,0,'2016-09-14 09:49:35','2016-09-21 15:41:10'),(13164,149,114,NULL,-2,0,'2016-09-14 09:49:35','2016-09-21 15:41:10'),(13165,149,115,NULL,-2,0,'2016-09-14 09:49:35','2016-09-21 15:41:10'),(13166,149,39,NULL,-2,0,'2016-09-14 09:49:35','2016-09-21 15:41:10'),(13167,149,116,NULL,-2,0,'2016-09-14 09:49:35','2016-09-21 15:41:10'),(13168,149,117,NULL,-2,0,'2016-09-14 09:49:35','2016-09-21 15:41:10'),(13169,149,118,NULL,-2,0,'2016-09-14 09:49:35','2016-09-21 15:41:10'),(13170,149,119,NULL,-2,0,'2016-09-14 09:49:35','2016-09-21 15:41:10'),(13171,149,1,NULL,-2,0,'2016-09-14 09:49:35','2016-09-21 15:41:10'),(13172,149,6,NULL,-2,0,'2016-09-14 09:49:35','2016-09-21 15:41:10'),(13173,149,7,NULL,-2,0,'2016-09-14 09:49:35','2016-09-21 15:41:10'),(13174,149,65,NULL,-2,0,'2016-09-14 09:49:35','2016-09-21 15:41:10'),(13175,149,66,NULL,-2,0,'2016-09-14 09:49:35','2016-09-21 15:41:10'),(13176,149,67,NULL,-2,0,'2016-09-14 09:49:35','2016-09-21 15:41:10'),(13177,149,68,NULL,-2,0,'2016-09-14 09:49:35','2016-09-21 15:41:10'),(13178,149,8,NULL,-2,0,'2016-09-14 09:49:35','2016-09-21 15:41:10'),(13179,149,69,NULL,-2,0,'2016-09-14 09:49:35','2016-09-21 15:41:10'),(13180,149,70,NULL,-2,0,'2016-09-14 09:49:35','2016-09-21 15:41:10'),(13181,149,71,NULL,-2,0,'2016-09-14 09:49:35','2016-09-21 15:41:10'),(13182,149,72,NULL,-2,0,'2016-09-14 09:49:35','2016-09-21 15:41:10'),(13183,149,9,NULL,-2,0,'2016-09-14 09:49:35','2016-09-21 15:41:10'),(13184,149,73,NULL,-2,0,'2016-09-14 09:49:35','2016-09-21 15:41:10'),(13185,149,74,NULL,-2,0,'2016-09-14 09:49:35','2016-09-21 15:41:10'),(13186,149,10,NULL,-2,0,'2016-09-14 09:49:35','2016-09-21 15:41:10'),(13187,149,75,NULL,-2,0,'2016-09-14 09:49:35','2016-09-21 15:41:10'),(13188,149,11,NULL,-2,0,'2016-09-14 09:49:35','2016-09-21 15:41:10'),(13189,149,76,NULL,-2,0,'2016-09-14 09:49:35','2016-09-21 15:41:10'),(13190,149,12,NULL,-2,0,'2016-09-14 09:49:35','2016-09-21 15:41:10'),(13191,149,77,NULL,-2,0,'2016-09-14 09:49:35','2016-09-21 15:41:10'),(13192,149,15,NULL,-2,0,'2016-09-14 09:49:35','2016-09-21 15:41:10'),(13193,149,81,NULL,-2,0,'2016-09-14 09:49:35','2016-09-21 15:41:10'),(13194,149,82,NULL,-2,0,'2016-09-14 09:49:35','2016-09-21 15:41:10'),(13195,149,83,NULL,-2,0,'2016-09-14 09:49:35','2016-09-21 15:41:10'),(13196,149,84,NULL,-2,0,'2016-09-14 09:49:35','2016-09-21 15:41:10'),(13197,149,16,NULL,-2,0,'2016-09-14 09:49:35','2016-09-21 15:41:10'),(13198,149,85,NULL,-2,0,'2016-09-14 09:49:35','2016-09-21 15:41:10'),(13199,149,86,NULL,-2,0,'2016-09-14 09:49:35','2016-09-21 15:41:10'),(13200,149,19,NULL,-2,0,'2016-09-14 09:49:35','2016-09-21 15:41:10'),(13201,149,20,NULL,-2,0,'2016-09-14 09:49:35','2016-09-21 15:41:10'),(13202,149,21,NULL,-2,0,'2016-09-14 09:49:35','2016-09-21 15:41:10'),(13203,149,22,NULL,-2,0,'2016-09-14 09:49:35','2016-09-21 15:41:10'),(13204,149,23,NULL,-2,0,'2016-09-14 09:49:35','2016-09-21 15:41:10'),(13205,149,24,NULL,-2,0,'2016-09-14 09:49:35','2016-09-21 15:41:10'),(13206,149,25,NULL,-2,0,'2016-09-14 09:49:35','2016-09-21 15:41:10'),(13207,149,148,NULL,-2,0,'2016-09-14 09:49:35','2016-09-21 15:41:10'),(13208,149,149,NULL,-2,0,'2016-09-14 09:49:35','2016-09-21 15:41:10'),(13209,149,150,NULL,-2,0,'2016-09-14 09:49:35','2016-09-21 15:41:10'),(13210,149,154,NULL,-2,0,'2016-09-14 09:49:35','2016-09-21 15:41:10'),(13211,149,155,NULL,-2,0,'2016-09-14 09:49:35','2016-09-21 15:41:10'),(13212,149,156,NULL,-2,0,'2016-09-14 09:49:35','2016-09-21 15:41:10'),(13213,149,153,NULL,-2,0,'2016-09-14 09:49:35','2016-09-21 15:41:10'),(13214,149,157,NULL,-2,0,'2016-09-14 09:49:35','2016-09-21 15:41:10'),(13215,149,160,NULL,-2,0,'2016-09-14 09:49:35','2016-09-21 15:41:10'),(13216,149,161,NULL,-2,0,'2016-09-14 09:49:35','2016-09-21 15:41:10'),(13217,149,162,NULL,-2,0,'2016-09-14 09:49:35','2016-09-21 15:41:10'),(13218,149,163,NULL,-2,0,'2016-09-14 09:49:35','2016-09-21 15:41:10'),(13219,149,158,NULL,-2,0,'2016-09-14 09:49:35','2016-09-21 15:41:10'),(13220,149,164,NULL,-2,0,'2016-09-14 09:49:35','2016-09-21 15:41:10'),(13221,149,165,NULL,-2,0,'2016-09-14 09:49:35','2016-09-21 15:41:10'),(13222,149,166,NULL,-2,0,'2016-09-14 09:49:35','2016-09-21 15:41:10'),(13223,149,167,NULL,-2,0,'2016-09-14 09:49:35','2016-09-21 15:41:10'),(13224,149,159,NULL,-2,0,'2016-09-14 09:49:35','2016-09-21 15:41:10'),(13225,149,168,NULL,-2,0,'2016-09-14 09:49:35','2016-09-21 15:41:10'),(13226,149,169,NULL,-2,0,'2016-09-14 09:49:35','2016-09-21 15:41:10'),(13227,149,170,NULL,-2,0,'2016-09-14 09:49:35','2016-09-21 15:41:10'),(13228,149,171,NULL,-2,0,'2016-09-14 09:49:35','2016-09-21 15:41:10'),(13229,149,172,NULL,-2,0,'2016-09-14 09:49:35','2016-09-21 15:41:10'),(13230,149,173,NULL,-2,0,'2016-09-14 09:49:35','2016-09-21 15:41:10'),(13231,149,174,NULL,-2,0,'2016-09-14 09:49:35','2016-09-21 15:41:10'),(13232,149,175,NULL,-2,0,'2016-09-14 09:49:35','2016-09-21 15:41:10'),(13233,149,176,NULL,-2,0,'2016-09-14 09:49:35','2016-09-21 15:41:10'),(13234,149,2,NULL,-2,0,'2016-09-14 09:49:35','2016-09-21 15:41:10'),(13235,149,26,NULL,-2,0,'2016-09-14 09:49:35','2016-09-21 15:41:10'),(13236,149,95,NULL,-2,0,'2016-09-14 09:49:35','2016-09-21 15:41:10'),(13237,149,96,NULL,-2,0,'2016-09-14 09:49:35','2016-09-21 15:41:10'),(13238,149,27,NULL,-2,0,'2016-09-14 09:49:35','2016-09-21 15:41:10'),(13239,149,97,NULL,-2,0,'2016-09-14 09:49:35','2016-09-21 15:41:10'),(13240,149,98,NULL,-2,0,'2016-09-14 09:49:35','2016-09-21 15:41:10'),(13241,149,28,NULL,-2,0,'2016-09-14 09:49:35','2016-09-21 15:41:10'),(13242,149,99,NULL,-2,0,'2016-09-14 09:49:35','2016-09-21 15:41:10'),(13243,149,100,NULL,-2,0,'2016-09-14 09:49:35','2016-09-21 15:41:10'),(13244,149,29,NULL,-2,0,'2016-09-14 09:49:35','2016-09-21 15:41:10'),(13245,149,101,NULL,-2,0,'2016-09-14 09:49:35','2016-09-21 15:41:10'),(13246,149,102,NULL,-2,0,'2016-09-14 09:49:35','2016-09-21 15:41:10'),(13247,149,30,NULL,-2,0,'2016-09-14 09:49:35','2016-09-21 15:41:10'),(13248,149,103,NULL,-2,0,'2016-09-14 09:49:35','2016-09-21 15:41:10'),(13249,149,104,NULL,-2,0,'2016-09-14 09:49:35','2016-09-21 15:41:10'),(13250,149,31,NULL,-2,0,'2016-09-14 09:49:35','2016-09-21 15:41:10'),(13251,149,32,NULL,-2,0,'2016-09-14 09:49:35','2016-09-21 15:41:10'),(13252,149,33,NULL,-2,0,'2016-09-14 09:49:35','2016-09-21 15:41:10'),(13253,149,34,NULL,-2,0,'2016-09-14 09:49:35','2016-09-21 15:41:10'),(13254,149,4,NULL,-2,0,'2016-09-14 09:49:35','2016-09-21 15:41:10'),(13255,149,40,NULL,-2,0,'2016-09-14 09:49:35','2016-09-21 15:41:10'),(13256,149,120,NULL,-2,0,'2016-09-14 09:49:35','2016-09-21 15:41:10'),(13257,149,121,NULL,-2,0,'2016-09-14 09:49:35','2016-09-21 15:41:10'),(13258,149,122,NULL,-2,0,'2016-09-14 09:49:35','2016-09-21 15:41:10'),(13259,149,123,NULL,-2,0,'2016-09-14 09:49:35','2016-09-21 15:41:10'),(13260,149,41,NULL,-2,0,'2016-09-14 09:49:35','2016-09-21 15:41:10'),(13261,149,42,NULL,-2,0,'2016-09-14 09:49:35','2016-09-21 15:41:10'),(13262,149,124,NULL,-2,0,'2016-09-14 09:49:35','2016-09-21 15:41:10'),(13263,149,125,NULL,-2,0,'2016-09-14 09:49:35','2016-09-21 15:41:10'),(13264,149,126,NULL,-2,0,'2016-09-14 09:49:35','2016-09-21 15:41:10'),(13265,149,127,NULL,-2,0,'2016-09-14 09:49:35','2016-09-21 15:41:10'),(13266,149,44,NULL,-2,0,'2016-09-14 09:49:35','2016-09-21 15:41:10'),(13267,149,128,NULL,-2,0,'2016-09-14 09:49:35','2016-09-21 15:41:10'),(13268,149,129,NULL,-2,0,'2016-09-14 09:49:35','2016-09-21 15:41:10'),(13269,149,130,NULL,-2,0,'2016-09-14 09:49:35','2016-09-21 15:41:10'),(13270,149,131,NULL,-2,0,'2016-09-14 09:49:35','2016-09-21 15:41:10'),(13271,149,45,NULL,-2,0,'2016-09-14 09:49:35','2016-09-21 15:41:10'),(13272,149,132,NULL,-2,0,'2016-09-14 09:49:35','2016-09-21 15:41:10'),(13273,149,133,NULL,-2,0,'2016-09-14 09:49:35','2016-09-21 15:41:10'),(13274,149,134,NULL,-2,0,'2016-09-14 09:49:35','2016-09-21 15:41:10'),(13275,149,135,NULL,-2,0,'2016-09-14 09:49:35','2016-09-21 15:41:10'),(13276,149,5,NULL,-2,0,'2016-09-14 09:49:35','2016-09-21 15:41:10'),(13277,149,46,NULL,-2,0,'2016-09-14 09:49:35','2016-09-21 15:41:10'),(13278,149,136,NULL,-2,0,'2016-09-14 09:49:35','2016-09-21 15:41:10'),(13279,149,137,NULL,-2,0,'2016-09-14 09:49:35','2016-09-21 15:41:10'),(13280,149,47,NULL,-2,0,'2016-09-14 09:49:35','2016-09-21 15:41:10'),(13281,149,138,NULL,-2,0,'2016-09-14 09:49:35','2016-09-21 15:41:10'),(13282,149,139,NULL,-2,0,'2016-09-14 09:49:35','2016-09-21 15:41:10'),(13283,149,48,NULL,-2,0,'2016-09-14 09:49:35','2016-09-21 15:41:10'),(13284,149,140,NULL,-2,0,'2016-09-14 09:49:35','2016-09-21 15:41:10'),(13285,149,141,NULL,-2,0,'2016-09-14 09:49:35','2016-09-21 15:41:10'),(13286,149,49,NULL,-2,0,'2016-09-14 09:49:35','2016-09-21 15:41:10'),(13287,149,142,NULL,-2,0,'2016-09-14 09:49:35','2016-09-21 15:41:10'),(13288,149,143,NULL,-2,0,'2016-09-14 09:49:35','2016-09-21 15:41:10'),(13289,149,50,NULL,-2,0,'2016-09-14 09:49:35','2016-09-21 15:41:10'),(13290,149,51,NULL,-2,0,'2016-09-14 09:49:35','2016-09-21 15:41:10'),(13291,149,52,NULL,-2,0,'2016-09-14 09:49:35','2016-09-21 15:41:10'),(13292,149,144,NULL,-2,0,'2016-09-14 09:49:35','2016-09-21 15:41:10'),(13293,149,145,NULL,-2,0,'2016-09-14 09:49:35','2016-09-21 15:41:10'),(13294,149,53,NULL,-2,0,'2016-09-14 09:49:35','2016-09-21 15:41:10'),(13295,149,146,NULL,-2,0,'2016-09-14 09:49:35','2016-09-21 15:41:10'),(13296,149,147,NULL,-2,0,'2016-09-14 09:49:35','2016-09-21 15:41:10'),(13297,149,54,NULL,-2,0,'2016-09-14 09:49:35','2016-09-21 15:41:10'),(13298,149,55,NULL,-2,0,'2016-09-14 09:49:35','2016-09-21 15:41:10'),(13299,149,56,NULL,-2,0,'2016-09-14 09:49:35','2016-09-21 15:41:10'),(13300,149,57,NULL,-2,0,'2016-09-14 09:49:35','2016-09-21 15:41:10'),(13301,149,58,NULL,-2,0,'2016-09-14 09:49:35','2016-09-21 15:41:10'),(13302,149,63,NULL,-2,0,'2016-09-14 09:49:35','2016-09-21 15:41:10'),(13303,149,64,NULL,-2,0,'2016-09-14 09:49:35','2016-09-21 15:41:10'),(13304,149,151,NULL,-2,0,'2016-09-14 09:49:35','2016-09-21 15:41:10'),(13305,149,152,NULL,-2,0,'2016-09-14 09:49:35','2016-09-21 15:41:10'),(13306,149,177,NULL,-2,0,'2016-09-14 09:49:35','2016-09-21 15:41:10'),(13307,149,178,NULL,-2,0,'2016-09-14 09:49:35','2016-09-21 15:41:10'),(13308,1,174,NULL,0,0,'2016-09-14 09:55:55','2016-09-14 09:55:54'),(13309,1,175,NULL,0,0,'2016-09-14 09:55:56','2016-09-14 09:55:56'),(13310,1,176,NULL,0,0,'2016-09-14 09:55:56','2016-09-14 09:55:56'),(13311,1,177,NULL,0,0,'2016-09-14 09:55:56','2016-09-14 09:55:56'),(13312,1,179,NULL,0,0,'2016-09-14 10:41:24','2016-09-14 10:41:23'),(13313,1,180,NULL,0,0,'2016-09-14 10:41:25','2016-09-14 10:41:25'),(13314,1,181,NULL,0,0,'2016-09-14 10:41:25','2016-09-14 10:41:25'),(13315,1,182,NULL,0,0,'2016-09-14 10:41:25','2016-09-14 10:41:25'),(13316,1,183,NULL,0,0,'2016-09-14 10:41:25','2016-09-14 10:41:25'),(13317,1,184,NULL,0,0,'2016-09-14 10:41:25','2016-09-14 10:41:25'),(13318,1,185,NULL,0,0,'2016-09-14 10:41:25','2016-09-14 10:41:25'),(13319,1,186,NULL,0,0,'2016-09-14 10:41:26','2016-09-14 10:41:26'),(13320,1,187,NULL,0,0,'2016-09-14 10:41:26','2016-09-14 10:41:26'),(13321,1,188,NULL,0,0,'2016-09-14 10:41:27','2016-09-14 10:41:27'),(13322,1,189,NULL,0,0,'2016-09-14 10:41:27','2016-09-14 10:41:27'),(13323,148,3,NULL,-2,0,'2016-09-14 11:45:28','2016-09-26 16:02:21'),(13324,148,37,NULL,-2,0,'2016-09-14 11:45:28','2016-09-26 16:02:21'),(13325,148,109,NULL,-2,0,'2016-09-14 11:45:28','2016-09-26 16:02:21'),(13326,148,110,NULL,-2,0,'2016-09-14 11:45:28','2016-09-26 16:02:21'),(13327,148,111,NULL,-2,0,'2016-09-14 11:45:28','2016-09-26 16:02:21'),(13328,148,112,NULL,-2,0,'2016-09-14 11:45:28','2016-09-26 16:02:21'),(13329,148,38,NULL,-2,0,'2016-09-14 11:45:28','2016-09-26 16:02:21'),(13330,148,113,NULL,-2,0,'2016-09-14 11:45:28','2016-09-26 16:02:21'),(13331,148,114,NULL,-2,0,'2016-09-14 11:45:28','2016-09-26 16:02:21'),(13332,148,115,NULL,-2,0,'2016-09-14 11:45:28','2016-09-26 16:02:21'),(13333,148,39,NULL,-2,0,'2016-09-14 11:45:28','2016-09-26 16:02:21'),(13334,148,116,NULL,-2,0,'2016-09-14 11:45:28','2016-09-26 16:02:21'),(13335,148,117,NULL,-2,0,'2016-09-14 11:45:28','2016-09-26 16:02:21'),(13336,148,118,NULL,-2,0,'2016-09-14 11:45:28','2016-09-26 16:02:21'),(13337,148,119,NULL,-2,0,'2016-09-14 11:45:28','2016-09-26 16:02:21'),(13338,148,2,NULL,-2,0,'2016-09-14 11:45:28','2016-09-26 16:02:21'),(13339,148,26,NULL,-2,0,'2016-09-14 11:45:28','2016-09-26 16:02:21'),(13340,148,95,NULL,-2,0,'2016-09-14 11:45:28','2016-09-26 16:02:21'),(13341,148,96,NULL,-2,0,'2016-09-14 11:45:28','2016-09-26 16:02:21'),(13342,148,27,NULL,-2,0,'2016-09-14 11:45:28','2016-09-26 16:02:21'),(13343,148,97,NULL,-2,0,'2016-09-14 11:45:28','2016-09-26 16:02:21'),(13344,148,98,NULL,-2,0,'2016-09-14 11:45:28','2016-09-26 16:02:21'),(13345,148,28,NULL,-2,0,'2016-09-14 11:45:28','2016-09-26 16:02:21'),(13346,148,99,NULL,-2,0,'2016-09-14 11:45:28','2016-09-26 16:02:21'),(13347,148,100,NULL,-2,0,'2016-09-14 11:45:28','2016-09-26 16:02:21'),(13348,148,29,NULL,-2,0,'2016-09-14 11:45:28','2016-09-26 16:02:21'),(13349,148,101,NULL,-2,0,'2016-09-14 11:45:28','2016-09-26 16:02:21'),(13350,148,102,NULL,-2,0,'2016-09-14 11:45:28','2016-09-26 16:02:21'),(13351,148,30,NULL,-2,0,'2016-09-14 11:45:28','2016-09-26 16:02:21'),(13352,148,103,NULL,-2,0,'2016-09-14 11:45:28','2016-09-26 16:02:21'),(13353,148,104,NULL,-2,0,'2016-09-14 11:45:28','2016-09-26 16:02:21'),(13354,148,31,NULL,-2,0,'2016-09-14 11:45:28','2016-09-26 16:02:21'),(13355,148,32,NULL,-2,0,'2016-09-14 11:45:28','2016-09-26 16:02:21'),(13356,148,33,NULL,-2,0,'2016-09-14 11:45:28','2016-09-26 16:02:21'),(13357,148,34,NULL,-2,0,'2016-09-14 11:45:28','2016-09-26 16:02:21'),(13358,148,4,NULL,-2,0,'2016-09-14 11:45:28','2016-09-26 16:02:21'),(13359,148,40,NULL,-2,0,'2016-09-14 11:45:28','2016-09-26 16:02:21'),(13360,148,120,NULL,-2,0,'2016-09-14 11:45:28','2016-09-26 16:02:21'),(13361,148,121,NULL,-2,0,'2016-09-14 11:45:28','2016-09-26 16:02:21'),(13362,148,122,NULL,-2,0,'2016-09-14 11:45:28','2016-09-26 16:02:21'),(13363,148,123,NULL,-2,0,'2016-09-14 11:45:28','2016-09-26 16:02:21'),(13364,148,41,NULL,-2,0,'2016-09-14 11:45:28','2016-09-26 16:02:21'),(13365,148,42,NULL,-2,0,'2016-09-14 11:45:28','2016-09-26 16:02:21'),(13366,148,124,NULL,-2,0,'2016-09-14 11:45:28','2016-09-26 16:02:21'),(13367,148,125,NULL,-2,0,'2016-09-14 11:45:28','2016-09-26 16:02:21'),(13368,148,126,NULL,-2,0,'2016-09-14 11:45:28','2016-09-26 16:02:21'),(13369,148,127,NULL,-2,0,'2016-09-14 11:45:28','2016-09-26 16:02:21'),(13370,148,44,NULL,-2,0,'2016-09-14 11:45:28','2016-09-26 16:02:21'),(13371,148,128,NULL,-2,0,'2016-09-14 11:45:28','2016-09-26 16:02:21'),(13372,148,129,NULL,-2,0,'2016-09-14 11:45:28','2016-09-26 16:02:21'),(13373,148,130,NULL,-2,0,'2016-09-14 11:45:28','2016-09-26 16:02:21'),(13374,148,131,NULL,-2,0,'2016-09-14 11:45:28','2016-09-26 16:02:21'),(13375,148,45,NULL,-2,0,'2016-09-14 11:45:28','2016-09-26 16:02:21'),(13376,148,132,NULL,-2,0,'2016-09-14 11:45:28','2016-09-26 16:02:21'),(13377,148,133,NULL,-2,0,'2016-09-14 11:45:28','2016-09-26 16:02:21'),(13378,148,134,NULL,-2,0,'2016-09-14 11:45:28','2016-09-26 16:02:21'),(13379,148,135,NULL,-2,0,'2016-09-14 11:45:28','2016-09-26 16:02:21'),(13380,148,5,NULL,-2,0,'2016-09-14 11:45:28','2016-09-26 16:02:21'),(13381,148,46,NULL,-2,0,'2016-09-14 11:45:28','2016-09-26 16:02:21'),(13382,148,136,NULL,-2,0,'2016-09-14 11:45:28','2016-09-26 16:02:21'),(13383,148,137,NULL,-2,0,'2016-09-14 11:45:28','2016-09-26 16:02:21'),(13384,148,47,NULL,-2,0,'2016-09-14 11:45:28','2016-09-26 16:02:21'),(13385,148,138,NULL,-2,0,'2016-09-14 11:45:28','2016-09-26 16:02:21'),(13386,148,139,NULL,-2,0,'2016-09-14 11:45:28','2016-09-26 16:02:21'),(13387,148,48,NULL,-2,0,'2016-09-14 11:45:28','2016-09-26 16:02:21'),(13388,148,140,NULL,-2,0,'2016-09-14 11:45:28','2016-09-26 16:02:21'),(13389,148,141,NULL,-2,0,'2016-09-14 11:45:28','2016-09-26 16:02:21'),(13390,148,49,NULL,-2,0,'2016-09-14 11:45:28','2016-09-26 16:02:21'),(13391,148,142,NULL,-2,0,'2016-09-14 11:45:28','2016-09-26 16:02:21'),(13392,148,143,NULL,-2,0,'2016-09-14 11:45:28','2016-09-26 16:02:21'),(13393,148,50,NULL,-2,0,'2016-09-14 11:45:28','2016-09-26 16:02:21'),(13394,148,51,NULL,-2,0,'2016-09-14 11:45:28','2016-09-26 16:02:21'),(13395,148,52,NULL,-2,0,'2016-09-14 11:45:28','2016-09-26 16:02:21'),(13396,148,144,NULL,-2,0,'2016-09-14 11:45:28','2016-09-26 16:02:21'),(13397,148,145,NULL,-2,0,'2016-09-14 11:45:28','2016-09-26 16:02:21'),(13398,148,53,NULL,-2,0,'2016-09-14 11:45:28','2016-09-26 16:02:21'),(13399,148,146,NULL,-2,0,'2016-09-14 11:45:28','2016-09-26 16:02:21'),(13400,148,147,NULL,-2,0,'2016-09-14 11:45:28','2016-09-26 16:02:21'),(13401,148,54,NULL,-2,0,'2016-09-14 11:45:28','2016-09-26 16:02:21'),(13402,148,55,NULL,-2,0,'2016-09-14 11:45:28','2016-09-26 16:02:21'),(13403,148,56,NULL,-2,0,'2016-09-14 11:45:28','2016-09-26 16:02:21'),(13404,148,57,NULL,-2,0,'2016-09-14 11:45:28','2016-09-26 16:02:21'),(13405,148,58,NULL,-2,0,'2016-09-14 11:45:28','2016-09-26 16:02:21'),(13406,148,63,NULL,-2,0,'2016-09-14 11:45:28','2016-09-26 16:02:21'),(13407,148,64,NULL,-2,0,'2016-09-14 11:45:28','2016-09-26 16:02:21'),(13408,148,151,NULL,-2,0,'2016-09-14 11:45:28','2016-09-26 16:02:21'),(13409,148,152,NULL,-2,0,'2016-09-14 11:45:28','2016-09-26 16:02:21'),(13410,148,1,NULL,-2,0,'2016-09-14 11:45:28','2016-09-26 16:02:21'),(13411,148,6,NULL,-2,0,'2016-09-14 11:45:28','2016-09-26 16:02:21'),(13412,148,7,NULL,-2,0,'2016-09-14 11:45:28','2016-09-26 16:02:21'),(13413,148,65,NULL,-2,0,'2016-09-14 11:45:28','2016-09-26 16:02:21'),(13414,148,66,NULL,-2,0,'2016-09-14 11:45:28','2016-09-26 16:02:21'),(13415,148,67,NULL,-2,0,'2016-09-14 11:45:28','2016-09-26 16:02:21'),(13416,148,68,NULL,-2,0,'2016-09-14 11:45:28','2016-09-26 16:02:21'),(13417,148,8,NULL,-2,0,'2016-09-14 11:45:28','2016-09-26 16:02:21'),(13418,148,69,NULL,-2,0,'2016-09-14 11:45:28','2016-09-26 16:02:21'),(13419,148,70,NULL,-2,0,'2016-09-14 11:45:28','2016-09-26 16:02:21'),(13420,148,71,NULL,-2,0,'2016-09-14 11:45:28','2016-09-26 16:02:21'),(13421,148,72,NULL,-2,0,'2016-09-14 11:45:28','2016-09-26 16:02:21'),(13422,148,9,NULL,-2,0,'2016-09-14 11:45:28','2016-09-26 16:02:21'),(13423,148,73,NULL,-2,0,'2016-09-14 11:45:28','2016-09-26 16:02:21'),(13424,148,74,NULL,-2,0,'2016-09-14 11:45:28','2016-09-26 16:02:21'),(13425,148,10,NULL,-2,0,'2016-09-14 11:45:28','2016-09-26 16:02:21'),(13426,148,75,NULL,-2,0,'2016-09-14 11:45:28','2016-09-26 16:02:21'),(13427,148,11,NULL,-2,0,'2016-09-14 11:45:28','2016-09-26 16:02:21'),(13428,148,76,NULL,-2,0,'2016-09-14 11:45:28','2016-09-26 16:02:21'),(13429,148,12,NULL,-2,0,'2016-09-14 11:45:28','2016-09-26 16:02:21'),(13430,148,77,NULL,-2,0,'2016-09-14 11:45:28','2016-09-26 16:02:21'),(13431,148,15,NULL,-2,0,'2016-09-14 11:45:28','2016-09-26 16:02:21'),(13432,148,81,NULL,-2,0,'2016-09-14 11:45:28','2016-09-26 16:02:21'),(13433,148,82,NULL,-2,0,'2016-09-14 11:45:28','2016-09-26 16:02:21'),(13434,148,83,NULL,-2,0,'2016-09-14 11:45:28','2016-09-26 16:02:21'),(13435,148,84,NULL,-2,0,'2016-09-14 11:45:28','2016-09-26 16:02:21'),(13436,148,16,NULL,-2,0,'2016-09-14 11:45:28','2016-09-26 16:02:21'),(13437,148,85,NULL,-2,0,'2016-09-14 11:45:28','2016-09-26 16:02:21'),(13438,148,86,NULL,-2,0,'2016-09-14 11:45:28','2016-09-26 16:02:21'),(13439,148,19,NULL,-2,0,'2016-09-14 11:45:28','2016-09-26 16:02:21'),(13440,148,20,NULL,-2,0,'2016-09-14 11:45:28','2016-09-26 16:02:21'),(13441,148,21,NULL,-2,0,'2016-09-14 11:45:28','2016-09-26 16:02:21'),(13442,148,22,NULL,-2,0,'2016-09-14 11:45:28','2016-09-26 16:02:21'),(13443,148,23,NULL,-2,0,'2016-09-14 11:45:28','2016-09-26 16:02:21'),(13444,148,24,NULL,-2,0,'2016-09-14 11:45:28','2016-09-26 16:02:21'),(13445,148,25,NULL,-2,0,'2016-09-14 11:45:28','2016-09-26 16:02:21'),(13446,148,148,NULL,-2,0,'2016-09-14 11:45:28','2016-09-26 16:02:21'),(13447,148,184,NULL,-2,0,'2016-09-14 11:45:28','2016-09-26 16:02:21'),(13448,148,185,NULL,-2,0,'2016-09-14 11:45:28','2016-09-26 16:02:21'),(13449,148,186,NULL,-2,0,'2016-09-14 11:45:28','2016-09-26 16:02:21'),(13450,148,187,NULL,-2,0,'2016-09-14 11:45:28','2016-09-26 16:02:21'),(13451,148,149,NULL,-2,0,'2016-09-14 11:45:28','2016-09-26 16:02:21'),(13452,148,188,NULL,-2,0,'2016-09-14 11:45:28','2016-09-26 16:02:21'),(13453,148,189,NULL,-2,0,'2016-09-14 11:45:28','2016-09-26 16:02:21'),(13454,148,150,NULL,-2,0,'2016-09-14 11:45:28','2016-09-26 16:02:21'),(13455,148,180,NULL,-2,0,'2016-09-14 11:45:28','2016-09-26 16:02:21'),(13456,148,181,NULL,-2,0,'2016-09-14 11:45:28','2016-09-26 16:02:21'),(13457,148,182,NULL,-2,0,'2016-09-14 11:45:28','2016-09-26 16:02:21'),(13458,148,183,NULL,-2,0,'2016-09-14 11:45:28','2016-09-26 16:02:21'),(13459,148,153,NULL,-2,0,'2016-09-14 11:45:28','2016-09-26 16:02:21'),(13460,148,157,NULL,-2,0,'2016-09-14 11:45:28','2016-09-26 16:02:21'),(13461,148,160,NULL,-2,0,'2016-09-14 11:45:28','2016-09-26 16:02:21'),(13462,148,161,NULL,-2,0,'2016-09-14 11:45:28','2016-09-26 16:02:21'),(13463,148,162,NULL,-2,0,'2016-09-14 11:45:28','2016-09-26 16:02:21'),(13464,148,163,NULL,-2,0,'2016-09-14 11:45:28','2016-09-26 16:02:21'),(13465,148,158,NULL,-2,0,'2016-09-14 11:45:28','2016-09-26 16:02:21'),(13466,148,164,NULL,-2,0,'2016-09-14 11:45:28','2016-09-26 16:02:21'),(13467,148,165,NULL,-2,0,'2016-09-14 11:45:28','2016-09-26 16:02:21'),(13468,148,166,NULL,-2,0,'2016-09-14 11:45:28','2016-09-26 16:02:21'),(13469,148,167,NULL,-2,0,'2016-09-14 11:45:28','2016-09-26 16:02:21'),(13470,148,159,NULL,-2,0,'2016-09-14 11:45:28','2016-09-26 16:02:21'),(13471,148,168,NULL,-2,0,'2016-09-14 11:45:28','2016-09-26 16:02:21'),(13472,148,169,NULL,-2,0,'2016-09-14 11:45:28','2016-09-26 16:02:21'),(13473,148,170,NULL,-2,0,'2016-09-14 11:45:28','2016-09-26 16:02:21'),(13474,148,171,NULL,-2,0,'2016-09-14 11:45:28','2016-09-26 16:02:21'),(13475,148,172,NULL,-2,0,'2016-09-14 11:45:28','2016-09-26 16:02:21'),(13476,148,173,NULL,-2,0,'2016-09-14 11:45:28','2016-09-26 16:02:21'),(13477,148,174,NULL,-2,0,'2016-09-14 11:45:28','2016-09-26 16:02:21'),(13478,148,175,NULL,-2,0,'2016-09-14 11:45:28','2016-09-26 16:02:21'),(13479,150,1,NULL,-2,0,'2016-09-18 17:28:42','2016-09-26 16:13:35'),(13480,150,174,NULL,-2,0,'2016-09-18 17:28:42','2016-09-26 16:13:35'),(13481,150,176,NULL,-2,0,'2016-09-18 17:28:42','2016-09-26 16:13:35'),(13482,150,179,NULL,-2,0,'2016-09-18 17:28:42','2016-09-26 16:13:35'),(13483,148,3,NULL,-2,0,'2016-09-18 17:29:02','2016-09-26 16:02:21'),(13484,148,37,NULL,-2,0,'2016-09-18 17:29:02','2016-09-26 16:02:21'),(13485,148,109,NULL,-2,0,'2016-09-18 17:29:02','2016-09-26 16:02:21'),(13486,148,110,NULL,-2,0,'2016-09-18 17:29:02','2016-09-26 16:02:21'),(13487,148,111,NULL,-2,0,'2016-09-18 17:29:02','2016-09-26 16:02:21'),(13488,148,112,NULL,-2,0,'2016-09-18 17:29:02','2016-09-26 16:02:21'),(13489,148,38,NULL,-2,0,'2016-09-18 17:29:02','2016-09-26 16:02:21'),(13490,148,113,NULL,-2,0,'2016-09-18 17:29:02','2016-09-26 16:02:21'),(13491,148,114,NULL,-2,0,'2016-09-18 17:29:02','2016-09-26 16:02:21'),(13492,148,115,NULL,-2,0,'2016-09-18 17:29:02','2016-09-26 16:02:21'),(13493,148,39,NULL,-2,0,'2016-09-18 17:29:02','2016-09-26 16:02:21'),(13494,148,116,NULL,-2,0,'2016-09-18 17:29:02','2016-09-26 16:02:21'),(13495,148,117,NULL,-2,0,'2016-09-18 17:29:02','2016-09-26 16:02:21'),(13496,148,118,NULL,-2,0,'2016-09-18 17:29:02','2016-09-26 16:02:21'),(13497,148,119,NULL,-2,0,'2016-09-18 17:29:02','2016-09-26 16:02:21'),(13498,148,1,NULL,-2,0,'2016-09-18 17:29:02','2016-09-26 16:02:21'),(13499,148,6,NULL,-2,0,'2016-09-18 17:29:02','2016-09-26 16:02:21'),(13500,148,7,NULL,-2,0,'2016-09-18 17:29:02','2016-09-26 16:02:21'),(13501,148,65,NULL,-2,0,'2016-09-18 17:29:02','2016-09-26 16:02:21'),(13502,148,8,NULL,-2,0,'2016-09-18 17:29:02','2016-09-26 16:02:21'),(13503,148,69,NULL,-2,0,'2016-09-18 17:29:02','2016-09-26 16:02:21'),(13504,148,70,NULL,-2,0,'2016-09-18 17:29:02','2016-09-26 16:02:21'),(13505,148,71,NULL,-2,0,'2016-09-18 17:29:02','2016-09-26 16:02:21'),(13506,148,72,NULL,-2,0,'2016-09-18 17:29:02','2016-09-26 16:02:21'),(13507,148,9,NULL,-2,0,'2016-09-18 17:29:02','2016-09-26 16:02:21'),(13508,148,73,NULL,-2,0,'2016-09-18 17:29:02','2016-09-26 16:02:21'),(13509,148,74,NULL,-2,0,'2016-09-18 17:29:02','2016-09-26 16:02:21'),(13510,148,10,NULL,-2,0,'2016-09-18 17:29:02','2016-09-26 16:02:21'),(13511,148,75,NULL,-2,0,'2016-09-18 17:29:02','2016-09-26 16:02:21'),(13512,148,11,NULL,-2,0,'2016-09-18 17:29:02','2016-09-26 16:02:21'),(13513,148,76,NULL,-2,0,'2016-09-18 17:29:02','2016-09-26 16:02:21'),(13514,148,12,NULL,-2,0,'2016-09-18 17:29:02','2016-09-26 16:02:21'),(13515,148,77,NULL,-2,0,'2016-09-18 17:29:02','2016-09-26 16:02:21'),(13516,148,15,NULL,-2,0,'2016-09-18 17:29:02','2016-09-26 16:02:21'),(13517,148,81,NULL,-2,0,'2016-09-18 17:29:02','2016-09-26 16:02:21'),(13518,148,82,NULL,-2,0,'2016-09-18 17:29:02','2016-09-26 16:02:21'),(13519,148,83,NULL,-2,0,'2016-09-18 17:29:02','2016-09-26 16:02:21'),(13520,148,84,NULL,-2,0,'2016-09-18 17:29:02','2016-09-26 16:02:21'),(13521,148,16,NULL,-2,0,'2016-09-18 17:29:02','2016-09-26 16:02:21'),(13522,148,85,NULL,-2,0,'2016-09-18 17:29:02','2016-09-26 16:02:21'),(13523,148,86,NULL,-2,0,'2016-09-18 17:29:02','2016-09-26 16:02:21'),(13524,148,19,NULL,-2,0,'2016-09-18 17:29:02','2016-09-26 16:02:21'),(13525,148,20,NULL,-2,0,'2016-09-18 17:29:02','2016-09-26 16:02:21'),(13526,148,21,NULL,-2,0,'2016-09-18 17:29:02','2016-09-26 16:02:21'),(13527,148,22,NULL,-2,0,'2016-09-18 17:29:02','2016-09-26 16:02:21'),(13528,148,23,NULL,-2,0,'2016-09-18 17:29:02','2016-09-26 16:02:21'),(13529,148,24,NULL,-2,0,'2016-09-18 17:29:02','2016-09-26 16:02:21'),(13530,148,25,NULL,-2,0,'2016-09-18 17:29:02','2016-09-26 16:02:21'),(13531,148,148,NULL,-2,0,'2016-09-18 17:29:02','2016-09-26 16:02:21'),(13532,148,184,NULL,-2,0,'2016-09-18 17:29:02','2016-09-26 16:02:21'),(13533,148,185,NULL,-2,0,'2016-09-18 17:29:02','2016-09-26 16:02:21'),(13534,148,186,NULL,-2,0,'2016-09-18 17:29:02','2016-09-26 16:02:21'),(13535,148,187,NULL,-2,0,'2016-09-18 17:29:02','2016-09-26 16:02:21'),(13536,148,149,NULL,-2,0,'2016-09-18 17:29:02','2016-09-26 16:02:21'),(13537,148,188,NULL,-2,0,'2016-09-18 17:29:02','2016-09-26 16:02:21'),(13538,148,189,NULL,-2,0,'2016-09-18 17:29:02','2016-09-26 16:02:21'),(13539,148,150,NULL,-2,0,'2016-09-18 17:29:02','2016-09-26 16:02:21'),(13540,148,180,NULL,-2,0,'2016-09-18 17:29:02','2016-09-26 16:02:21'),(13541,148,181,NULL,-2,0,'2016-09-18 17:29:02','2016-09-26 16:02:21'),(13542,148,182,NULL,-2,0,'2016-09-18 17:29:02','2016-09-26 16:02:21'),(13543,148,183,NULL,-2,0,'2016-09-18 17:29:02','2016-09-26 16:02:21'),(13544,148,153,NULL,-2,0,'2016-09-18 17:29:02','2016-09-26 16:02:21'),(13545,148,157,NULL,-2,0,'2016-09-18 17:29:02','2016-09-26 16:02:21'),(13546,148,160,NULL,-2,0,'2016-09-18 17:29:02','2016-09-26 16:02:21'),(13547,148,161,NULL,-2,0,'2016-09-18 17:29:02','2016-09-26 16:02:21'),(13548,148,162,NULL,-2,0,'2016-09-18 17:29:02','2016-09-26 16:02:21'),(13549,148,163,NULL,-2,0,'2016-09-18 17:29:02','2016-09-26 16:02:21'),(13550,148,158,NULL,-2,0,'2016-09-18 17:29:02','2016-09-26 16:02:21'),(13551,148,164,NULL,-2,0,'2016-09-18 17:29:02','2016-09-26 16:02:21'),(13552,148,165,NULL,-2,0,'2016-09-18 17:29:02','2016-09-26 16:02:21'),(13553,148,166,NULL,-2,0,'2016-09-18 17:29:02','2016-09-26 16:02:21'),(13554,148,167,NULL,-2,0,'2016-09-18 17:29:02','2016-09-26 16:02:21'),(13555,148,159,NULL,-2,0,'2016-09-18 17:29:02','2016-09-26 16:02:21'),(13556,148,168,NULL,-2,0,'2016-09-18 17:29:02','2016-09-26 16:02:21'),(13557,148,169,NULL,-2,0,'2016-09-18 17:29:02','2016-09-26 16:02:21'),(13558,148,170,NULL,-2,0,'2016-09-18 17:29:02','2016-09-26 16:02:21'),(13559,148,171,NULL,-2,0,'2016-09-18 17:29:02','2016-09-26 16:02:21'),(13560,148,172,NULL,-2,0,'2016-09-18 17:29:02','2016-09-26 16:02:21'),(13561,148,173,NULL,-2,0,'2016-09-18 17:29:02','2016-09-26 16:02:21'),(13562,148,174,NULL,-2,0,'2016-09-18 17:29:02','2016-09-26 16:02:21'),(13563,148,175,NULL,-2,0,'2016-09-18 17:29:02','2016-09-26 16:02:21'),(13564,148,2,NULL,-2,0,'2016-09-18 17:29:02','2016-09-26 16:02:21'),(13565,148,26,NULL,-2,0,'2016-09-18 17:29:02','2016-09-26 16:02:21'),(13566,148,95,NULL,-2,0,'2016-09-18 17:29:02','2016-09-26 16:02:21'),(13567,148,96,NULL,-2,0,'2016-09-18 17:29:02','2016-09-26 16:02:21'),(13568,148,27,NULL,-2,0,'2016-09-18 17:29:02','2016-09-26 16:02:21'),(13569,148,97,NULL,-2,0,'2016-09-18 17:29:02','2016-09-26 16:02:21'),(13570,148,98,NULL,-2,0,'2016-09-18 17:29:02','2016-09-26 16:02:21'),(13571,148,28,NULL,-2,0,'2016-09-18 17:29:02','2016-09-26 16:02:21'),(13572,148,99,NULL,-2,0,'2016-09-18 17:29:02','2016-09-26 16:02:21'),(13573,148,100,NULL,-2,0,'2016-09-18 17:29:02','2016-09-26 16:02:21'),(13574,148,29,NULL,-2,0,'2016-09-18 17:29:02','2016-09-26 16:02:21'),(13575,148,101,NULL,-2,0,'2016-09-18 17:29:02','2016-09-26 16:02:21'),(13576,148,102,NULL,-2,0,'2016-09-18 17:29:02','2016-09-26 16:02:21'),(13577,148,30,NULL,-2,0,'2016-09-18 17:29:02','2016-09-26 16:02:21'),(13578,148,103,NULL,-2,0,'2016-09-18 17:29:02','2016-09-26 16:02:21'),(13579,148,104,NULL,-2,0,'2016-09-18 17:29:02','2016-09-26 16:02:21'),(13580,148,31,NULL,-2,0,'2016-09-18 17:29:02','2016-09-26 16:02:21'),(13581,148,32,NULL,-2,0,'2016-09-18 17:29:02','2016-09-26 16:02:21'),(13582,148,33,NULL,-2,0,'2016-09-18 17:29:02','2016-09-26 16:02:21'),(13583,148,34,NULL,-2,0,'2016-09-18 17:29:02','2016-09-26 16:02:21'),(13584,148,4,NULL,-2,0,'2016-09-18 17:29:02','2016-09-26 16:02:21'),(13585,148,40,NULL,-2,0,'2016-09-18 17:29:02','2016-09-26 16:02:21'),(13586,148,120,NULL,-2,0,'2016-09-18 17:29:02','2016-09-26 16:02:21'),(13587,148,121,NULL,-2,0,'2016-09-18 17:29:02','2016-09-26 16:02:21'),(13588,148,122,NULL,-2,0,'2016-09-18 17:29:02','2016-09-26 16:02:21'),(13589,148,123,NULL,-2,0,'2016-09-18 17:29:02','2016-09-26 16:02:21'),(13590,148,41,NULL,-2,0,'2016-09-18 17:29:02','2016-09-26 16:02:21'),(13591,148,42,NULL,-2,0,'2016-09-18 17:29:02','2016-09-26 16:02:21'),(13592,148,124,NULL,-2,0,'2016-09-18 17:29:02','2016-09-26 16:02:21'),(13593,148,125,NULL,-2,0,'2016-09-18 17:29:02','2016-09-26 16:02:21'),(13594,148,126,NULL,-2,0,'2016-09-18 17:29:02','2016-09-26 16:02:21'),(13595,148,127,NULL,-2,0,'2016-09-18 17:29:02','2016-09-26 16:02:21'),(13596,148,44,NULL,-2,0,'2016-09-18 17:29:02','2016-09-26 16:02:21'),(13597,148,128,NULL,-2,0,'2016-09-18 17:29:02','2016-09-26 16:02:21'),(13598,148,129,NULL,-2,0,'2016-09-18 17:29:02','2016-09-26 16:02:21'),(13599,148,130,NULL,-2,0,'2016-09-18 17:29:02','2016-09-26 16:02:21'),(13600,148,131,NULL,-2,0,'2016-09-18 17:29:02','2016-09-26 16:02:21'),(13601,148,45,NULL,-2,0,'2016-09-18 17:29:02','2016-09-26 16:02:21'),(13602,148,132,NULL,-2,0,'2016-09-18 17:29:02','2016-09-26 16:02:21'),(13603,148,133,NULL,-2,0,'2016-09-18 17:29:02','2016-09-26 16:02:21'),(13604,148,134,NULL,-2,0,'2016-09-18 17:29:02','2016-09-26 16:02:21'),(13605,148,135,NULL,-2,0,'2016-09-18 17:29:02','2016-09-26 16:02:21'),(13606,148,5,NULL,-2,0,'2016-09-18 17:29:02','2016-09-26 16:02:21'),(13607,148,46,NULL,-2,0,'2016-09-18 17:29:02','2016-09-26 16:02:21'),(13608,148,136,NULL,-2,0,'2016-09-18 17:29:02','2016-09-26 16:02:21'),(13609,148,137,NULL,-2,0,'2016-09-18 17:29:02','2016-09-26 16:02:21'),(13610,148,47,NULL,-2,0,'2016-09-18 17:29:02','2016-09-26 16:02:21'),(13611,148,138,NULL,-2,0,'2016-09-18 17:29:02','2016-09-26 16:02:21'),(13612,148,139,NULL,-2,0,'2016-09-18 17:29:02','2016-09-26 16:02:21'),(13613,148,48,NULL,-2,0,'2016-09-18 17:29:02','2016-09-26 16:02:21'),(13614,148,140,NULL,-2,0,'2016-09-18 17:29:02','2016-09-26 16:02:21'),(13615,148,141,NULL,-2,0,'2016-09-18 17:29:02','2016-09-26 16:02:21'),(13616,148,49,NULL,-2,0,'2016-09-18 17:29:02','2016-09-26 16:02:21'),(13617,148,142,NULL,-2,0,'2016-09-18 17:29:02','2016-09-26 16:02:21'),(13618,148,143,NULL,-2,0,'2016-09-18 17:29:02','2016-09-26 16:02:21'),(13619,148,50,NULL,-2,0,'2016-09-18 17:29:02','2016-09-26 16:02:21'),(13620,148,51,NULL,-2,0,'2016-09-18 17:29:02','2016-09-26 16:02:21'),(13621,148,52,NULL,-2,0,'2016-09-18 17:29:02','2016-09-26 16:02:21'),(13622,148,144,NULL,-2,0,'2016-09-18 17:29:02','2016-09-26 16:02:21'),(13623,148,145,NULL,-2,0,'2016-09-18 17:29:02','2016-09-26 16:02:21'),(13624,148,53,NULL,-2,0,'2016-09-18 17:29:02','2016-09-26 16:02:21'),(13625,148,146,NULL,-2,0,'2016-09-18 17:29:02','2016-09-26 16:02:21'),(13626,148,147,NULL,-2,0,'2016-09-18 17:29:02','2016-09-26 16:02:21'),(13627,148,54,NULL,-2,0,'2016-09-18 17:29:02','2016-09-26 16:02:21'),(13628,148,55,NULL,-2,0,'2016-09-18 17:29:02','2016-09-26 16:02:21'),(13629,148,56,NULL,-2,0,'2016-09-18 17:29:02','2016-09-26 16:02:21'),(13630,148,57,NULL,-2,0,'2016-09-18 17:29:02','2016-09-26 16:02:21'),(13631,148,58,NULL,-2,0,'2016-09-18 17:29:02','2016-09-26 16:02:21'),(13632,148,63,NULL,-2,0,'2016-09-18 17:29:02','2016-09-26 16:02:21'),(13633,148,64,NULL,-2,0,'2016-09-18 17:29:02','2016-09-26 16:02:21'),(13634,148,151,NULL,-2,0,'2016-09-18 17:29:02','2016-09-26 16:02:21'),(13635,148,152,NULL,-2,0,'2016-09-18 17:29:02','2016-09-26 16:02:21'),(13636,150,174,NULL,-2,0,'2016-09-18 17:31:46','2016-09-26 16:13:35'),(13637,150,176,NULL,-2,0,'2016-09-18 17:31:46','2016-09-26 16:13:35'),(13638,149,3,NULL,-2,0,'2016-09-18 17:32:02','2016-09-21 15:41:10'),(13639,149,37,NULL,-2,0,'2016-09-18 17:32:02','2016-09-21 15:41:10'),(13640,149,109,NULL,-2,0,'2016-09-18 17:32:02','2016-09-21 15:41:10'),(13641,149,110,NULL,-2,0,'2016-09-18 17:32:02','2016-09-21 15:41:10'),(13642,149,111,NULL,-2,0,'2016-09-18 17:32:02','2016-09-21 15:41:10'),(13643,149,112,NULL,-2,0,'2016-09-18 17:32:02','2016-09-21 15:41:10'),(13644,149,38,NULL,-2,0,'2016-09-18 17:32:02','2016-09-21 15:41:10'),(13645,149,113,NULL,-2,0,'2016-09-18 17:32:02','2016-09-21 15:41:10'),(13646,149,114,NULL,-2,0,'2016-09-18 17:32:02','2016-09-21 15:41:10'),(13647,149,115,NULL,-2,0,'2016-09-18 17:32:02','2016-09-21 15:41:10'),(13648,149,39,NULL,-2,0,'2016-09-18 17:32:02','2016-09-21 15:41:10'),(13649,149,116,NULL,-2,0,'2016-09-18 17:32:02','2016-09-21 15:41:10'),(13650,149,117,NULL,-2,0,'2016-09-18 17:32:02','2016-09-21 15:41:10'),(13651,149,118,NULL,-2,0,'2016-09-18 17:32:02','2016-09-21 15:41:10'),(13652,149,119,NULL,-2,0,'2016-09-18 17:32:02','2016-09-21 15:41:10'),(13653,149,1,NULL,-2,0,'2016-09-18 17:32:02','2016-09-21 15:41:10'),(13654,149,6,NULL,-2,0,'2016-09-18 17:32:02','2016-09-21 15:41:10'),(13655,149,7,NULL,-2,0,'2016-09-18 17:32:02','2016-09-21 15:41:10'),(13656,149,65,NULL,-2,0,'2016-09-18 17:32:02','2016-09-21 15:41:10'),(13657,149,66,NULL,-2,0,'2016-09-18 17:32:02','2016-09-21 15:41:10'),(13658,149,67,NULL,-2,0,'2016-09-18 17:32:02','2016-09-21 15:41:10'),(13659,149,68,NULL,-2,0,'2016-09-18 17:32:02','2016-09-21 15:41:10'),(13660,149,8,NULL,-2,0,'2016-09-18 17:32:02','2016-09-21 15:41:10'),(13661,149,69,NULL,-2,0,'2016-09-18 17:32:02','2016-09-21 15:41:10'),(13662,149,70,NULL,-2,0,'2016-09-18 17:32:02','2016-09-21 15:41:10'),(13663,149,71,NULL,-2,0,'2016-09-18 17:32:02','2016-09-21 15:41:10'),(13664,149,72,NULL,-2,0,'2016-09-18 17:32:02','2016-09-21 15:41:10'),(13665,149,9,NULL,-2,0,'2016-09-18 17:32:02','2016-09-21 15:41:10'),(13666,149,73,NULL,-2,0,'2016-09-18 17:32:02','2016-09-21 15:41:10'),(13667,149,74,NULL,-2,0,'2016-09-18 17:32:02','2016-09-21 15:41:10'),(13668,149,10,NULL,-2,0,'2016-09-18 17:32:02','2016-09-21 15:41:10'),(13669,149,75,NULL,-2,0,'2016-09-18 17:32:02','2016-09-21 15:41:10'),(13670,149,11,NULL,-2,0,'2016-09-18 17:32:02','2016-09-21 15:41:10'),(13671,149,76,NULL,-2,0,'2016-09-18 17:32:02','2016-09-21 15:41:10'),(13672,149,12,NULL,-2,0,'2016-09-18 17:32:02','2016-09-21 15:41:10'),(13673,149,77,NULL,-2,0,'2016-09-18 17:32:02','2016-09-21 15:41:10'),(13674,149,15,NULL,-2,0,'2016-09-18 17:32:02','2016-09-21 15:41:10'),(13675,149,81,NULL,-2,0,'2016-09-18 17:32:02','2016-09-21 15:41:10'),(13676,149,82,NULL,-2,0,'2016-09-18 17:32:02','2016-09-21 15:41:10'),(13677,149,83,NULL,-2,0,'2016-09-18 17:32:02','2016-09-21 15:41:10'),(13678,149,84,NULL,-2,0,'2016-09-18 17:32:02','2016-09-21 15:41:10'),(13679,149,16,NULL,-2,0,'2016-09-18 17:32:02','2016-09-21 15:41:10'),(13680,149,85,NULL,-2,0,'2016-09-18 17:32:02','2016-09-21 15:41:10'),(13681,149,86,NULL,-2,0,'2016-09-18 17:32:02','2016-09-21 15:41:10'),(13682,149,19,NULL,-2,0,'2016-09-18 17:32:02','2016-09-21 15:41:10'),(13683,149,20,NULL,-2,0,'2016-09-18 17:32:02','2016-09-21 15:41:10'),(13684,149,21,NULL,-2,0,'2016-09-18 17:32:02','2016-09-21 15:41:10'),(13685,149,22,NULL,-2,0,'2016-09-18 17:32:02','2016-09-21 15:41:10'),(13686,149,23,NULL,-2,0,'2016-09-18 17:32:02','2016-09-21 15:41:10'),(13687,149,24,NULL,-2,0,'2016-09-18 17:32:02','2016-09-21 15:41:10'),(13688,149,25,NULL,-2,0,'2016-09-18 17:32:02','2016-09-21 15:41:10'),(13689,149,148,NULL,-2,0,'2016-09-18 17:32:02','2016-09-21 15:41:10'),(13690,149,184,NULL,-2,0,'2016-09-18 17:32:02','2016-09-21 15:41:10'),(13691,149,185,NULL,-2,0,'2016-09-18 17:32:02','2016-09-21 15:41:10'),(13692,149,186,NULL,-2,0,'2016-09-18 17:32:02','2016-09-21 15:41:10'),(13693,149,187,NULL,-2,0,'2016-09-18 17:32:02','2016-09-21 15:41:10'),(13694,149,149,NULL,-2,0,'2016-09-18 17:32:02','2016-09-21 15:41:10'),(13695,149,188,NULL,-2,0,'2016-09-18 17:32:02','2016-09-21 15:41:10'),(13696,149,189,NULL,-2,0,'2016-09-18 17:32:02','2016-09-21 15:41:10'),(13697,149,150,NULL,-2,0,'2016-09-18 17:32:02','2016-09-21 15:41:10'),(13698,149,180,NULL,-2,0,'2016-09-18 17:32:02','2016-09-21 15:41:10'),(13699,149,181,NULL,-2,0,'2016-09-18 17:32:02','2016-09-21 15:41:10'),(13700,149,182,NULL,-2,0,'2016-09-18 17:32:02','2016-09-21 15:41:10'),(13701,149,183,NULL,-2,0,'2016-09-18 17:32:02','2016-09-21 15:41:10'),(13702,149,153,NULL,-2,0,'2016-09-18 17:32:02','2016-09-21 15:41:10'),(13703,149,157,NULL,-2,0,'2016-09-18 17:32:02','2016-09-21 15:41:10'),(13704,149,160,NULL,-2,0,'2016-09-18 17:32:02','2016-09-21 15:41:10'),(13705,149,161,NULL,-2,0,'2016-09-18 17:32:02','2016-09-21 15:41:10'),(13706,149,162,NULL,-2,0,'2016-09-18 17:32:02','2016-09-21 15:41:10'),(13707,149,163,NULL,-2,0,'2016-09-18 17:32:02','2016-09-21 15:41:10'),(13708,149,158,NULL,-2,0,'2016-09-18 17:32:02','2016-09-21 15:41:10'),(13709,149,164,NULL,-2,0,'2016-09-18 17:32:02','2016-09-21 15:41:10'),(13710,149,165,NULL,-2,0,'2016-09-18 17:32:02','2016-09-21 15:41:10'),(13711,149,166,NULL,-2,0,'2016-09-18 17:32:02','2016-09-21 15:41:10'),(13712,149,167,NULL,-2,0,'2016-09-18 17:32:02','2016-09-21 15:41:10'),(13713,149,159,NULL,-2,0,'2016-09-18 17:32:02','2016-09-21 15:41:10'),(13714,149,168,NULL,-2,0,'2016-09-18 17:32:02','2016-09-21 15:41:10'),(13715,149,169,NULL,-2,0,'2016-09-18 17:32:02','2016-09-21 15:41:10'),(13716,149,170,NULL,-2,0,'2016-09-18 17:32:02','2016-09-21 15:41:10'),(13717,149,171,NULL,-2,0,'2016-09-18 17:32:02','2016-09-21 15:41:10'),(13718,149,172,NULL,-2,0,'2016-09-18 17:32:02','2016-09-21 15:41:10'),(13719,149,173,NULL,-2,0,'2016-09-18 17:32:02','2016-09-21 15:41:10'),(13720,149,174,NULL,-2,0,'2016-09-18 17:32:02','2016-09-21 15:41:10'),(13721,149,175,NULL,-2,0,'2016-09-18 17:32:02','2016-09-21 15:41:10'),(13722,149,176,NULL,-2,0,'2016-09-18 17:32:02','2016-09-21 15:41:10'),(13723,149,179,NULL,-2,0,'2016-09-18 17:32:02','2016-09-21 15:41:10'),(13724,149,2,NULL,-2,0,'2016-09-18 17:32:02','2016-09-21 15:41:10'),(13725,149,26,NULL,-2,0,'2016-09-18 17:32:02','2016-09-21 15:41:10'),(13726,149,95,NULL,-2,0,'2016-09-18 17:32:02','2016-09-21 15:41:10'),(13727,149,96,NULL,-2,0,'2016-09-18 17:32:02','2016-09-21 15:41:10'),(13728,149,27,NULL,-2,0,'2016-09-18 17:32:02','2016-09-21 15:41:10'),(13729,149,97,NULL,-2,0,'2016-09-18 17:32:02','2016-09-21 15:41:10'),(13730,149,98,NULL,-2,0,'2016-09-18 17:32:02','2016-09-21 15:41:10'),(13731,149,28,NULL,-2,0,'2016-09-18 17:32:02','2016-09-21 15:41:10'),(13732,149,99,NULL,-2,0,'2016-09-18 17:32:02','2016-09-21 15:41:10'),(13733,149,100,NULL,-2,0,'2016-09-18 17:32:02','2016-09-21 15:41:10'),(13734,149,29,NULL,-2,0,'2016-09-18 17:32:02','2016-09-21 15:41:10'),(13735,149,101,NULL,-2,0,'2016-09-18 17:32:02','2016-09-21 15:41:10'),(13736,149,102,NULL,-2,0,'2016-09-18 17:32:02','2016-09-21 15:41:10'),(13737,149,30,NULL,-2,0,'2016-09-18 17:32:02','2016-09-21 15:41:10'),(13738,149,103,NULL,-2,0,'2016-09-18 17:32:02','2016-09-21 15:41:10'),(13739,149,104,NULL,-2,0,'2016-09-18 17:32:02','2016-09-21 15:41:10'),(13740,149,31,NULL,-2,0,'2016-09-18 17:32:02','2016-09-21 15:41:10'),(13741,149,32,NULL,-2,0,'2016-09-18 17:32:02','2016-09-21 15:41:10'),(13742,149,33,NULL,-2,0,'2016-09-18 17:32:02','2016-09-21 15:41:10'),(13743,149,34,NULL,-2,0,'2016-09-18 17:32:02','2016-09-21 15:41:10'),(13744,149,4,NULL,-2,0,'2016-09-18 17:32:02','2016-09-21 15:41:10'),(13745,149,40,NULL,-2,0,'2016-09-18 17:32:02','2016-09-21 15:41:10'),(13746,149,120,NULL,-2,0,'2016-09-18 17:32:02','2016-09-21 15:41:10'),(13747,149,121,NULL,-2,0,'2016-09-18 17:32:02','2016-09-21 15:41:10'),(13748,149,122,NULL,-2,0,'2016-09-18 17:32:02','2016-09-21 15:41:10'),(13749,149,123,NULL,-2,0,'2016-09-18 17:32:02','2016-09-21 15:41:10'),(13750,149,41,NULL,-2,0,'2016-09-18 17:32:02','2016-09-21 15:41:10'),(13751,149,42,NULL,-2,0,'2016-09-18 17:32:02','2016-09-21 15:41:10'),(13752,149,124,NULL,-2,0,'2016-09-18 17:32:02','2016-09-21 15:41:10'),(13753,149,125,NULL,-2,0,'2016-09-18 17:32:02','2016-09-21 15:41:10'),(13754,149,126,NULL,-2,0,'2016-09-18 17:32:02','2016-09-21 15:41:10'),(13755,149,127,NULL,-2,0,'2016-09-18 17:32:02','2016-09-21 15:41:10'),(13756,149,44,NULL,-2,0,'2016-09-18 17:32:02','2016-09-21 15:41:10'),(13757,149,128,NULL,-2,0,'2016-09-18 17:32:02','2016-09-21 15:41:10'),(13758,149,129,NULL,-2,0,'2016-09-18 17:32:02','2016-09-21 15:41:10'),(13759,149,130,NULL,-2,0,'2016-09-18 17:32:02','2016-09-21 15:41:10'),(13760,149,131,NULL,-2,0,'2016-09-18 17:32:02','2016-09-21 15:41:10'),(13761,149,45,NULL,-2,0,'2016-09-18 17:32:02','2016-09-21 15:41:10'),(13762,149,132,NULL,-2,0,'2016-09-18 17:32:02','2016-09-21 15:41:10'),(13763,149,133,NULL,-2,0,'2016-09-18 17:32:02','2016-09-21 15:41:10'),(13764,149,134,NULL,-2,0,'2016-09-18 17:32:02','2016-09-21 15:41:10'),(13765,149,135,NULL,-2,0,'2016-09-18 17:32:02','2016-09-21 15:41:10'),(13766,149,5,NULL,-2,0,'2016-09-18 17:32:02','2016-09-21 15:41:10'),(13767,149,46,NULL,-2,0,'2016-09-18 17:32:02','2016-09-21 15:41:10'),(13768,149,136,NULL,-2,0,'2016-09-18 17:32:02','2016-09-21 15:41:10'),(13769,149,137,NULL,-2,0,'2016-09-18 17:32:02','2016-09-21 15:41:10'),(13770,149,47,NULL,-2,0,'2016-09-18 17:32:02','2016-09-21 15:41:10'),(13771,149,138,NULL,-2,0,'2016-09-18 17:32:02','2016-09-21 15:41:10'),(13772,149,139,NULL,-2,0,'2016-09-18 17:32:02','2016-09-21 15:41:10'),(13773,149,48,NULL,-2,0,'2016-09-18 17:32:02','2016-09-21 15:41:10'),(13774,149,140,NULL,-2,0,'2016-09-18 17:32:02','2016-09-21 15:41:10'),(13775,149,141,NULL,-2,0,'2016-09-18 17:32:02','2016-09-21 15:41:10'),(13776,149,49,NULL,-2,0,'2016-09-18 17:32:02','2016-09-21 15:41:10'),(13777,149,142,NULL,-2,0,'2016-09-18 17:32:02','2016-09-21 15:41:10'),(13778,149,143,NULL,-2,0,'2016-09-18 17:32:02','2016-09-21 15:41:10'),(13779,149,50,NULL,-2,0,'2016-09-18 17:32:02','2016-09-21 15:41:10'),(13780,149,51,NULL,-2,0,'2016-09-18 17:32:02','2016-09-21 15:41:10'),(13781,149,52,NULL,-2,0,'2016-09-18 17:32:02','2016-09-21 15:41:10'),(13782,149,144,NULL,-2,0,'2016-09-18 17:32:02','2016-09-21 15:41:10'),(13783,149,145,NULL,-2,0,'2016-09-18 17:32:02','2016-09-21 15:41:10'),(13784,149,53,NULL,-2,0,'2016-09-18 17:32:02','2016-09-21 15:41:10'),(13785,149,146,NULL,-2,0,'2016-09-18 17:32:02','2016-09-21 15:41:10'),(13786,149,147,NULL,-2,0,'2016-09-18 17:32:02','2016-09-21 15:41:10'),(13787,149,54,NULL,-2,0,'2016-09-18 17:32:02','2016-09-21 15:41:10'),(13788,149,55,NULL,-2,0,'2016-09-18 17:32:02','2016-09-21 15:41:10'),(13789,149,56,NULL,-2,0,'2016-09-18 17:32:02','2016-09-21 15:41:10'),(13790,149,57,NULL,-2,0,'2016-09-18 17:32:02','2016-09-21 15:41:10'),(13791,149,58,NULL,-2,0,'2016-09-18 17:32:02','2016-09-21 15:41:10'),(13792,149,63,NULL,-2,0,'2016-09-18 17:32:02','2016-09-21 15:41:10'),(13793,149,64,NULL,-2,0,'2016-09-18 17:32:02','2016-09-21 15:41:10'),(13794,149,151,NULL,-2,0,'2016-09-18 17:32:02','2016-09-21 15:41:10'),(13795,149,152,NULL,-2,0,'2016-09-18 17:32:02','2016-09-21 15:41:10'),(13796,149,177,NULL,-2,0,'2016-09-18 17:32:02','2016-09-21 15:41:10'),(13797,149,178,NULL,-2,0,'2016-09-18 17:32:02','2016-09-21 15:41:10'),(13798,150,1,NULL,-2,0,'2016-09-18 17:46:22','2016-09-26 16:13:35'),(13799,150,174,NULL,-2,0,'2016-09-18 17:46:22','2016-09-26 16:13:35'),(13800,150,176,NULL,-2,0,'2016-09-18 17:46:22','2016-09-26 16:13:35'),(13801,150,179,NULL,-2,0,'2016-09-18 17:46:22','2016-09-26 16:13:35'),(13802,126,3,NULL,0,0,'2016-09-19 18:05:34','2016-09-19 18:05:34'),(13803,126,37,NULL,0,0,'2016-09-19 18:05:34','2016-09-19 18:05:34'),(13804,126,110,NULL,0,0,'2016-09-19 18:05:34','2016-09-19 18:05:34'),(13805,126,39,NULL,0,0,'2016-09-19 18:05:34','2016-09-19 18:05:34'),(13806,126,116,NULL,0,0,'2016-09-19 18:05:34','2016-09-19 18:05:34'),(13807,126,117,NULL,0,0,'2016-09-19 18:05:34','2016-09-19 18:05:34'),(13808,126,1,NULL,0,0,'2016-09-19 18:05:34','2016-09-19 18:05:34'),(13809,126,6,NULL,0,0,'2016-09-19 18:05:34','2016-09-19 18:05:34'),(13810,126,7,NULL,0,0,'2016-09-19 18:05:34','2016-09-19 18:05:34'),(13811,126,65,NULL,0,0,'2016-09-19 18:05:34','2016-09-19 18:05:34'),(13812,126,66,NULL,0,0,'2016-09-19 18:05:34','2016-09-19 18:05:34'),(13813,126,4,NULL,0,0,'2016-09-19 18:05:34','2016-09-19 18:05:34'),(13814,126,40,NULL,0,0,'2016-09-19 18:05:34','2016-09-19 18:05:34'),(13815,126,121,NULL,0,0,'2016-09-19 18:05:34','2016-09-19 18:05:34'),(13816,126,41,NULL,0,0,'2016-09-19 18:05:34','2016-09-19 18:05:34'),(13817,126,42,NULL,0,0,'2016-09-19 18:05:34','2016-09-19 18:05:34'),(13818,126,125,NULL,0,0,'2016-09-19 18:05:34','2016-09-19 18:05:34'),(13819,1,190,NULL,0,0,'2016-09-19 18:59:35','2016-09-19 18:59:34'),(13820,1,191,NULL,0,0,'2016-09-19 18:59:36','2016-09-19 18:59:36'),(13821,1,192,NULL,0,0,'2016-09-19 18:59:36','2016-09-19 18:59:36'),(13822,1,193,NULL,0,0,'2016-09-19 18:59:36','2016-09-19 18:59:36'),(13823,1,194,NULL,0,0,'2016-09-19 18:59:36','2016-09-19 18:59:36'),(13824,1,195,NULL,0,0,'2016-09-19 18:59:36','2016-09-19 18:59:36'),(13825,1,196,NULL,0,0,'2016-09-19 18:59:36','2016-09-19 18:59:36'),(13826,1,197,NULL,0,0,'2016-09-19 18:59:36','2016-09-19 18:59:36'),(13827,1,198,NULL,0,0,'2016-09-19 18:59:37','2016-09-19 18:59:37'),(13828,149,3,NULL,-2,0,'2016-09-20 18:33:01','2016-09-21 15:41:10'),(13829,149,37,NULL,-2,0,'2016-09-20 18:33:01','2016-09-21 15:41:10'),(13830,149,109,NULL,-2,0,'2016-09-20 18:33:01','2016-09-21 15:41:10'),(13831,149,110,NULL,-2,0,'2016-09-20 18:33:01','2016-09-21 15:41:10'),(13832,149,111,NULL,-2,0,'2016-09-20 18:33:01','2016-09-21 15:41:10'),(13833,149,112,NULL,-2,0,'2016-09-20 18:33:01','2016-09-21 15:41:10'),(13834,149,38,NULL,-2,0,'2016-09-20 18:33:01','2016-09-21 15:41:10'),(13835,149,113,NULL,-2,0,'2016-09-20 18:33:01','2016-09-21 15:41:10'),(13836,149,114,NULL,-2,0,'2016-09-20 18:33:01','2016-09-21 15:41:10'),(13837,149,115,NULL,-2,0,'2016-09-20 18:33:01','2016-09-21 15:41:10'),(13838,149,39,NULL,-2,0,'2016-09-20 18:33:01','2016-09-21 15:41:10'),(13839,149,116,NULL,-2,0,'2016-09-20 18:33:01','2016-09-21 15:41:10'),(13840,149,117,NULL,-2,0,'2016-09-20 18:33:01','2016-09-21 15:41:10'),(13841,149,118,NULL,-2,0,'2016-09-20 18:33:01','2016-09-21 15:41:10'),(13842,149,119,NULL,-2,0,'2016-09-20 18:33:01','2016-09-21 15:41:10'),(13843,149,1,NULL,-2,0,'2016-09-20 18:33:01','2016-09-21 15:41:10'),(13844,149,6,NULL,-2,0,'2016-09-20 18:33:01','2016-09-21 15:41:10'),(13845,149,7,NULL,-2,0,'2016-09-20 18:33:01','2016-09-21 15:41:10'),(13846,149,65,NULL,-2,0,'2016-09-20 18:33:01','2016-09-21 15:41:10'),(13847,149,66,NULL,-2,0,'2016-09-20 18:33:01','2016-09-21 15:41:10'),(13848,149,67,NULL,-2,0,'2016-09-20 18:33:01','2016-09-21 15:41:10'),(13849,149,68,NULL,-2,0,'2016-09-20 18:33:01','2016-09-21 15:41:10'),(13850,149,8,NULL,-2,0,'2016-09-20 18:33:01','2016-09-21 15:41:10'),(13851,149,69,NULL,-2,0,'2016-09-20 18:33:01','2016-09-21 15:41:10'),(13852,149,70,NULL,-2,0,'2016-09-20 18:33:01','2016-09-21 15:41:10'),(13853,149,71,NULL,-2,0,'2016-09-20 18:33:01','2016-09-21 15:41:10'),(13854,149,72,NULL,-2,0,'2016-09-20 18:33:01','2016-09-21 15:41:10'),(13855,149,9,NULL,-2,0,'2016-09-20 18:33:01','2016-09-21 15:41:10'),(13856,149,73,NULL,-2,0,'2016-09-20 18:33:01','2016-09-21 15:41:10'),(13857,149,74,NULL,-2,0,'2016-09-20 18:33:01','2016-09-21 15:41:10'),(13858,149,10,NULL,-2,0,'2016-09-20 18:33:01','2016-09-21 15:41:10'),(13859,149,75,NULL,-2,0,'2016-09-20 18:33:01','2016-09-21 15:41:10'),(13860,149,11,NULL,-2,0,'2016-09-20 18:33:01','2016-09-21 15:41:10'),(13861,149,76,NULL,-2,0,'2016-09-20 18:33:01','2016-09-21 15:41:10'),(13862,149,12,NULL,-2,0,'2016-09-20 18:33:01','2016-09-21 15:41:10'),(13863,149,77,NULL,-2,0,'2016-09-20 18:33:01','2016-09-21 15:41:10'),(13864,149,15,NULL,-2,0,'2016-09-20 18:33:01','2016-09-21 15:41:10'),(13865,149,81,NULL,-2,0,'2016-09-20 18:33:01','2016-09-21 15:41:10'),(13866,149,82,NULL,-2,0,'2016-09-20 18:33:01','2016-09-21 15:41:10'),(13867,149,83,NULL,-2,0,'2016-09-20 18:33:01','2016-09-21 15:41:10'),(13868,149,84,NULL,-2,0,'2016-09-20 18:33:01','2016-09-21 15:41:10'),(13869,149,16,NULL,-2,0,'2016-09-20 18:33:01','2016-09-21 15:41:10'),(13870,149,85,NULL,-2,0,'2016-09-20 18:33:01','2016-09-21 15:41:10'),(13871,149,86,NULL,-2,0,'2016-09-20 18:33:01','2016-09-21 15:41:10'),(13872,149,19,NULL,-2,0,'2016-09-20 18:33:01','2016-09-21 15:41:10'),(13873,149,20,NULL,-2,0,'2016-09-20 18:33:01','2016-09-21 15:41:10'),(13874,149,21,NULL,-2,0,'2016-09-20 18:33:01','2016-09-21 15:41:10'),(13875,149,22,NULL,-2,0,'2016-09-20 18:33:01','2016-09-21 15:41:10'),(13876,149,23,NULL,-2,0,'2016-09-20 18:33:01','2016-09-21 15:41:10'),(13877,149,24,NULL,-2,0,'2016-09-20 18:33:01','2016-09-21 15:41:10'),(13878,149,25,NULL,-2,0,'2016-09-20 18:33:01','2016-09-21 15:41:10'),(13879,149,148,NULL,-2,0,'2016-09-20 18:33:01','2016-09-21 15:41:10'),(13880,149,184,NULL,-2,0,'2016-09-20 18:33:01','2016-09-21 15:41:10'),(13881,149,185,NULL,-2,0,'2016-09-20 18:33:01','2016-09-21 15:41:10'),(13882,149,186,NULL,-2,0,'2016-09-20 18:33:01','2016-09-21 15:41:10'),(13883,149,187,NULL,-2,0,'2016-09-20 18:33:01','2016-09-21 15:41:10'),(13884,149,149,NULL,-2,0,'2016-09-20 18:33:01','2016-09-21 15:41:10'),(13885,149,188,NULL,-2,0,'2016-09-20 18:33:01','2016-09-21 15:41:10'),(13886,149,189,NULL,-2,0,'2016-09-20 18:33:01','2016-09-21 15:41:10'),(13887,149,150,NULL,-2,0,'2016-09-20 18:33:01','2016-09-21 15:41:10'),(13888,149,180,NULL,-2,0,'2016-09-20 18:33:01','2016-09-21 15:41:10'),(13889,149,181,NULL,-2,0,'2016-09-20 18:33:01','2016-09-21 15:41:10'),(13890,149,182,NULL,-2,0,'2016-09-20 18:33:01','2016-09-21 15:41:10'),(13891,149,183,NULL,-2,0,'2016-09-20 18:33:01','2016-09-21 15:41:10'),(13892,149,153,NULL,-2,0,'2016-09-20 18:33:01','2016-09-21 15:41:10'),(13893,149,157,NULL,-2,0,'2016-09-20 18:33:01','2016-09-21 15:41:10'),(13894,149,160,NULL,-2,0,'2016-09-20 18:33:01','2016-09-21 15:41:10'),(13895,149,161,NULL,-2,0,'2016-09-20 18:33:01','2016-09-21 15:41:10'),(13896,149,162,NULL,-2,0,'2016-09-20 18:33:01','2016-09-21 15:41:10'),(13897,149,163,NULL,-2,0,'2016-09-20 18:33:01','2016-09-21 15:41:10'),(13898,149,158,NULL,-2,0,'2016-09-20 18:33:01','2016-09-21 15:41:10'),(13899,149,164,NULL,-2,0,'2016-09-20 18:33:01','2016-09-21 15:41:10'),(13900,149,165,NULL,-2,0,'2016-09-20 18:33:01','2016-09-21 15:41:10'),(13901,149,166,NULL,-2,0,'2016-09-20 18:33:01','2016-09-21 15:41:10'),(13902,149,167,NULL,-2,0,'2016-09-20 18:33:01','2016-09-21 15:41:10'),(13903,149,159,NULL,-2,0,'2016-09-20 18:33:01','2016-09-21 15:41:10'),(13904,149,168,NULL,-2,0,'2016-09-20 18:33:01','2016-09-21 15:41:10'),(13905,149,169,NULL,-2,0,'2016-09-20 18:33:01','2016-09-21 15:41:10'),(13906,149,170,NULL,-2,0,'2016-09-20 18:33:01','2016-09-21 15:41:10'),(13907,149,171,NULL,-2,0,'2016-09-20 18:33:01','2016-09-21 15:41:10'),(13908,149,172,NULL,-2,0,'2016-09-20 18:33:01','2016-09-21 15:41:10'),(13909,149,173,NULL,-2,0,'2016-09-20 18:33:01','2016-09-21 15:41:10'),(13910,149,179,NULL,-2,0,'2016-09-20 18:33:01','2016-09-21 15:41:10'),(13911,149,191,NULL,-2,0,'2016-09-20 18:33:01','2016-09-21 15:41:10'),(13912,149,194,NULL,-2,0,'2016-09-20 18:33:01','2016-09-21 15:41:10'),(13913,149,195,NULL,-2,0,'2016-09-20 18:33:01','2016-09-21 15:41:10'),(13914,149,192,NULL,-2,0,'2016-09-20 18:33:01','2016-09-21 15:41:10'),(13915,149,196,NULL,-2,0,'2016-09-20 18:33:01','2016-09-21 15:41:10'),(13916,149,197,NULL,-2,0,'2016-09-20 18:33:01','2016-09-21 15:41:10'),(13917,149,193,NULL,-2,0,'2016-09-20 18:33:01','2016-09-21 15:41:10'),(13918,149,198,NULL,-2,0,'2016-09-20 18:33:01','2016-09-21 15:41:10'),(13919,149,199,NULL,-2,0,'2016-09-20 18:33:01','2016-09-21 15:41:10'),(13920,149,2,NULL,-2,0,'2016-09-20 18:33:01','2016-09-21 15:41:10'),(13921,149,26,NULL,-2,0,'2016-09-20 18:33:01','2016-09-21 15:41:10'),(13922,149,95,NULL,-2,0,'2016-09-20 18:33:01','2016-09-21 15:41:10'),(13923,149,96,NULL,-2,0,'2016-09-20 18:33:01','2016-09-21 15:41:10'),(13924,149,27,NULL,-2,0,'2016-09-20 18:33:01','2016-09-21 15:41:10'),(13925,149,97,NULL,-2,0,'2016-09-20 18:33:01','2016-09-21 15:41:10'),(13926,149,98,NULL,-2,0,'2016-09-20 18:33:01','2016-09-21 15:41:10'),(13927,149,28,NULL,-2,0,'2016-09-20 18:33:01','2016-09-21 15:41:10'),(13928,149,99,NULL,-2,0,'2016-09-20 18:33:01','2016-09-21 15:41:10'),(13929,149,100,NULL,-2,0,'2016-09-20 18:33:01','2016-09-21 15:41:10'),(13930,149,29,NULL,-2,0,'2016-09-20 18:33:01','2016-09-21 15:41:10'),(13931,149,101,NULL,-2,0,'2016-09-20 18:33:01','2016-09-21 15:41:10'),(13932,149,102,NULL,-2,0,'2016-09-20 18:33:01','2016-09-21 15:41:10'),(13933,149,30,NULL,-2,0,'2016-09-20 18:33:01','2016-09-21 15:41:10'),(13934,149,103,NULL,-2,0,'2016-09-20 18:33:01','2016-09-21 15:41:10'),(13935,149,104,NULL,-2,0,'2016-09-20 18:33:01','2016-09-21 15:41:10'),(13936,149,31,NULL,-2,0,'2016-09-20 18:33:01','2016-09-21 15:41:10'),(13937,149,32,NULL,-2,0,'2016-09-20 18:33:01','2016-09-21 15:41:10'),(13938,149,33,NULL,-2,0,'2016-09-20 18:33:01','2016-09-21 15:41:10'),(13939,149,34,NULL,-2,0,'2016-09-20 18:33:01','2016-09-21 15:41:10'),(13940,149,4,NULL,-2,0,'2016-09-20 18:33:01','2016-09-21 15:41:10'),(13941,149,40,NULL,-2,0,'2016-09-20 18:33:01','2016-09-21 15:41:10'),(13942,149,120,NULL,-2,0,'2016-09-20 18:33:01','2016-09-21 15:41:10'),(13943,149,121,NULL,-2,0,'2016-09-20 18:33:01','2016-09-21 15:41:10'),(13944,149,122,NULL,-2,0,'2016-09-20 18:33:01','2016-09-21 15:41:10'),(13945,149,123,NULL,-2,0,'2016-09-20 18:33:01','2016-09-21 15:41:10'),(13946,149,41,NULL,-2,0,'2016-09-20 18:33:01','2016-09-21 15:41:10'),(13947,149,42,NULL,-2,0,'2016-09-20 18:33:01','2016-09-21 15:41:10'),(13948,149,124,NULL,-2,0,'2016-09-20 18:33:01','2016-09-21 15:41:10'),(13949,149,125,NULL,-2,0,'2016-09-20 18:33:01','2016-09-21 15:41:10'),(13950,149,126,NULL,-2,0,'2016-09-20 18:33:01','2016-09-21 15:41:10'),(13951,149,127,NULL,-2,0,'2016-09-20 18:33:01','2016-09-21 15:41:10'),(13952,149,44,NULL,-2,0,'2016-09-20 18:33:01','2016-09-21 15:41:10'),(13953,149,128,NULL,-2,0,'2016-09-20 18:33:01','2016-09-21 15:41:10'),(13954,149,129,NULL,-2,0,'2016-09-20 18:33:01','2016-09-21 15:41:10'),(13955,149,130,NULL,-2,0,'2016-09-20 18:33:01','2016-09-21 15:41:10'),(13956,149,131,NULL,-2,0,'2016-09-20 18:33:01','2016-09-21 15:41:10'),(13957,149,45,NULL,-2,0,'2016-09-20 18:33:01','2016-09-21 15:41:10'),(13958,149,132,NULL,-2,0,'2016-09-20 18:33:01','2016-09-21 15:41:10'),(13959,149,133,NULL,-2,0,'2016-09-20 18:33:01','2016-09-21 15:41:10'),(13960,149,134,NULL,-2,0,'2016-09-20 18:33:01','2016-09-21 15:41:10'),(13961,149,135,NULL,-2,0,'2016-09-20 18:33:01','2016-09-21 15:41:10'),(13962,149,5,NULL,-2,0,'2016-09-20 18:33:01','2016-09-21 15:41:10'),(13963,149,46,NULL,-2,0,'2016-09-20 18:33:01','2016-09-21 15:41:10'),(13964,149,136,NULL,-2,0,'2016-09-20 18:33:01','2016-09-21 15:41:10'),(13965,149,137,NULL,-2,0,'2016-09-20 18:33:01','2016-09-21 15:41:10'),(13966,149,47,NULL,-2,0,'2016-09-20 18:33:01','2016-09-21 15:41:10'),(13967,149,138,NULL,-2,0,'2016-09-20 18:33:01','2016-09-21 15:41:10'),(13968,149,139,NULL,-2,0,'2016-09-20 18:33:01','2016-09-21 15:41:10'),(13969,149,48,NULL,-2,0,'2016-09-20 18:33:01','2016-09-21 15:41:10'),(13970,149,140,NULL,-2,0,'2016-09-20 18:33:01','2016-09-21 15:41:10'),(13971,149,141,NULL,-2,0,'2016-09-20 18:33:01','2016-09-21 15:41:10'),(13972,149,49,NULL,-2,0,'2016-09-20 18:33:01','2016-09-21 15:41:10'),(13973,149,142,NULL,-2,0,'2016-09-20 18:33:01','2016-09-21 15:41:10'),(13974,149,143,NULL,-2,0,'2016-09-20 18:33:01','2016-09-21 15:41:10'),(13975,149,50,NULL,-2,0,'2016-09-20 18:33:01','2016-09-21 15:41:10'),(13976,149,51,NULL,-2,0,'2016-09-20 18:33:01','2016-09-21 15:41:10'),(13977,149,52,NULL,-2,0,'2016-09-20 18:33:01','2016-09-21 15:41:10'),(13978,149,144,NULL,-2,0,'2016-09-20 18:33:01','2016-09-21 15:41:10'),(13979,149,145,NULL,-2,0,'2016-09-20 18:33:01','2016-09-21 15:41:10'),(13980,149,53,NULL,-2,0,'2016-09-20 18:33:01','2016-09-21 15:41:10'),(13981,149,146,NULL,-2,0,'2016-09-20 18:33:01','2016-09-21 15:41:10'),(13982,149,147,NULL,-2,0,'2016-09-20 18:33:01','2016-09-21 15:41:10'),(13983,149,54,NULL,-2,0,'2016-09-20 18:33:01','2016-09-21 15:41:10'),(13984,149,55,NULL,-2,0,'2016-09-20 18:33:01','2016-09-21 15:41:10'),(13985,149,56,NULL,-2,0,'2016-09-20 18:33:01','2016-09-21 15:41:10'),(13986,149,57,NULL,-2,0,'2016-09-20 18:33:01','2016-09-21 15:41:10'),(13987,149,58,NULL,-2,0,'2016-09-20 18:33:01','2016-09-21 15:41:10'),(13988,149,63,NULL,-2,0,'2016-09-20 18:33:01','2016-09-21 15:41:10'),(13989,149,64,NULL,-2,0,'2016-09-20 18:33:01','2016-09-21 15:41:10'),(13990,149,151,NULL,-2,0,'2016-09-20 18:33:01','2016-09-21 15:41:10'),(13991,149,152,NULL,-2,0,'2016-09-20 18:33:01','2016-09-21 15:41:10'),(13992,149,177,NULL,-2,0,'2016-09-20 18:33:01','2016-09-21 15:41:10'),(13993,149,178,NULL,-2,0,'2016-09-20 18:33:01','2016-09-21 15:41:10'),(13994,150,1,NULL,-2,0,'2016-09-20 18:35:20','2016-09-26 16:13:35'),(13995,150,174,NULL,-2,0,'2016-09-20 18:35:20','2016-09-26 16:13:35'),(13996,150,175,NULL,-2,0,'2016-09-20 18:35:20','2016-09-26 16:13:35'),(13997,150,179,NULL,-2,0,'2016-09-20 18:35:20','2016-09-26 16:13:35'),(13998,3,3,NULL,0,0,'2016-09-21 09:33:51','2016-09-21 09:33:51'),(13999,3,37,NULL,0,0,'2016-09-21 09:33:51','2016-09-21 09:33:51'),(14000,3,109,NULL,0,0,'2016-09-21 09:33:51','2016-09-21 09:33:51'),(14001,3,110,NULL,0,0,'2016-09-21 09:33:51','2016-09-21 09:33:51'),(14002,3,111,NULL,0,0,'2016-09-21 09:33:51','2016-09-21 09:33:51'),(14003,3,112,NULL,0,0,'2016-09-21 09:33:51','2016-09-21 09:33:51'),(14004,3,38,NULL,0,0,'2016-09-21 09:33:51','2016-09-21 09:33:51'),(14005,3,113,NULL,0,0,'2016-09-21 09:33:51','2016-09-21 09:33:51'),(14006,3,114,NULL,0,0,'2016-09-21 09:33:51','2016-09-21 09:33:51'),(14007,3,115,NULL,0,0,'2016-09-21 09:33:51','2016-09-21 09:33:51'),(14008,3,39,NULL,0,0,'2016-09-21 09:33:51','2016-09-21 09:33:51'),(14009,3,116,NULL,0,0,'2016-09-21 09:33:51','2016-09-21 09:33:51'),(14010,3,117,NULL,0,0,'2016-09-21 09:33:51','2016-09-21 09:33:51'),(14011,3,118,NULL,0,0,'2016-09-21 09:33:51','2016-09-21 09:33:51'),(14012,3,119,NULL,0,0,'2016-09-21 09:33:51','2016-09-21 09:33:51'),(14013,3,1,NULL,0,0,'2016-09-21 09:33:51','2016-09-21 09:33:51'),(14014,3,6,NULL,0,0,'2016-09-21 09:33:51','2016-09-21 09:33:51'),(14015,3,7,NULL,0,0,'2016-09-21 09:33:51','2016-09-21 09:33:51'),(14016,3,65,NULL,0,0,'2016-09-21 09:33:51','2016-09-21 09:33:51'),(14017,3,66,NULL,0,0,'2016-09-21 09:33:51','2016-09-21 09:33:51'),(14018,3,67,NULL,0,0,'2016-09-21 09:33:51','2016-09-21 09:33:51'),(14019,3,68,NULL,0,0,'2016-09-21 09:33:51','2016-09-21 09:33:51'),(14020,3,8,NULL,0,0,'2016-09-21 09:33:51','2016-09-21 09:33:51'),(14021,3,69,NULL,0,0,'2016-09-21 09:33:51','2016-09-21 09:33:51'),(14022,3,70,NULL,0,0,'2016-09-21 09:33:51','2016-09-21 09:33:51'),(14023,3,71,NULL,0,0,'2016-09-21 09:33:51','2016-09-21 09:33:51'),(14024,3,72,NULL,0,0,'2016-09-21 09:33:51','2016-09-21 09:33:51'),(14025,3,9,NULL,0,0,'2016-09-21 09:33:51','2016-09-21 09:33:51'),(14026,3,73,NULL,0,0,'2016-09-21 09:33:51','2016-09-21 09:33:51'),(14027,3,74,NULL,0,0,'2016-09-21 09:33:51','2016-09-21 09:33:51'),(14028,3,10,NULL,0,0,'2016-09-21 09:33:51','2016-09-21 09:33:51'),(14029,3,75,NULL,0,0,'2016-09-21 09:33:51','2016-09-21 09:33:51'),(14030,3,11,NULL,0,0,'2016-09-21 09:33:51','2016-09-21 09:33:51'),(14031,3,76,NULL,0,0,'2016-09-21 09:33:51','2016-09-21 09:33:51'),(14032,3,12,NULL,0,0,'2016-09-21 09:33:51','2016-09-21 09:33:51'),(14033,3,77,NULL,0,0,'2016-09-21 09:33:51','2016-09-21 09:33:51'),(14034,3,15,NULL,0,0,'2016-09-21 09:33:51','2016-09-21 09:33:51'),(14035,3,81,NULL,0,0,'2016-09-21 09:33:51','2016-09-21 09:33:51'),(14036,3,82,NULL,0,0,'2016-09-21 09:33:51','2016-09-21 09:33:51'),(14037,3,83,NULL,0,0,'2016-09-21 09:33:51','2016-09-21 09:33:51'),(14038,3,84,NULL,0,0,'2016-09-21 09:33:51','2016-09-21 09:33:51'),(14039,3,16,NULL,0,0,'2016-09-21 09:33:51','2016-09-21 09:33:51'),(14040,3,85,NULL,0,0,'2016-09-21 09:33:51','2016-09-21 09:33:51'),(14041,3,86,NULL,0,0,'2016-09-21 09:33:51','2016-09-21 09:33:51'),(14042,3,19,NULL,0,0,'2016-09-21 09:33:51','2016-09-21 09:33:51'),(14043,3,20,NULL,0,0,'2016-09-21 09:33:51','2016-09-21 09:33:51'),(14044,3,21,NULL,0,0,'2016-09-21 09:33:51','2016-09-21 09:33:51'),(14045,3,22,NULL,0,0,'2016-09-21 09:33:51','2016-09-21 09:33:51'),(14046,3,23,NULL,0,0,'2016-09-21 09:33:51','2016-09-21 09:33:51'),(14047,3,24,NULL,0,0,'2016-09-21 09:33:51','2016-09-21 09:33:51'),(14048,3,25,NULL,0,0,'2016-09-21 09:33:51','2016-09-21 09:33:51'),(14049,3,148,NULL,0,0,'2016-09-21 09:33:51','2016-09-21 09:33:51'),(14050,3,184,NULL,0,0,'2016-09-21 09:33:51','2016-09-21 09:33:51'),(14051,3,185,NULL,0,0,'2016-09-21 09:33:51','2016-09-21 09:33:51'),(14052,3,186,NULL,0,0,'2016-09-21 09:33:51','2016-09-21 09:33:51'),(14053,3,187,NULL,0,0,'2016-09-21 09:33:51','2016-09-21 09:33:51'),(14054,3,149,NULL,0,0,'2016-09-21 09:33:51','2016-09-21 09:33:51'),(14055,3,188,NULL,0,0,'2016-09-21 09:33:51','2016-09-21 09:33:51'),(14056,3,189,NULL,0,0,'2016-09-21 09:33:51','2016-09-21 09:33:51'),(14057,3,150,NULL,0,0,'2016-09-21 09:33:51','2016-09-21 09:33:51'),(14058,3,180,NULL,0,0,'2016-09-21 09:33:51','2016-09-21 09:33:51'),(14059,3,181,NULL,0,0,'2016-09-21 09:33:51','2016-09-21 09:33:51'),(14060,3,182,NULL,0,0,'2016-09-21 09:33:51','2016-09-21 09:33:51'),(14061,3,183,NULL,0,0,'2016-09-21 09:33:51','2016-09-21 09:33:51'),(14062,3,153,NULL,0,0,'2016-09-21 09:33:51','2016-09-21 09:33:51'),(14063,3,157,NULL,0,0,'2016-09-21 09:33:51','2016-09-21 09:33:51'),(14064,3,160,NULL,0,0,'2016-09-21 09:33:51','2016-09-21 09:33:51'),(14065,3,161,NULL,0,0,'2016-09-21 09:33:51','2016-09-21 09:33:51'),(14066,3,162,NULL,0,0,'2016-09-21 09:33:51','2016-09-21 09:33:51'),(14067,3,163,NULL,0,0,'2016-09-21 09:33:51','2016-09-21 09:33:51'),(14068,3,158,NULL,0,0,'2016-09-21 09:33:51','2016-09-21 09:33:51'),(14069,3,164,NULL,0,0,'2016-09-21 09:33:51','2016-09-21 09:33:51'),(14070,3,165,NULL,0,0,'2016-09-21 09:33:51','2016-09-21 09:33:51'),(14071,3,166,NULL,0,0,'2016-09-21 09:33:51','2016-09-21 09:33:51'),(14072,3,167,NULL,0,0,'2016-09-21 09:33:51','2016-09-21 09:33:51'),(14073,3,159,NULL,0,0,'2016-09-21 09:33:51','2016-09-21 09:33:51'),(14074,3,168,NULL,0,0,'2016-09-21 09:33:51','2016-09-21 09:33:51'),(14075,3,169,NULL,0,0,'2016-09-21 09:33:51','2016-09-21 09:33:51'),(14076,3,170,NULL,0,0,'2016-09-21 09:33:51','2016-09-21 09:33:51'),(14077,3,171,NULL,0,0,'2016-09-21 09:33:51','2016-09-21 09:33:51'),(14078,3,172,NULL,0,0,'2016-09-21 09:33:51','2016-09-21 09:33:51'),(14079,3,173,NULL,0,0,'2016-09-21 09:33:51','2016-09-21 09:33:51'),(14080,3,174,NULL,0,0,'2016-09-21 09:33:51','2016-09-21 09:33:51'),(14081,3,175,NULL,0,0,'2016-09-21 09:33:51','2016-09-21 09:33:51'),(14082,3,176,NULL,0,0,'2016-09-21 09:33:51','2016-09-21 09:33:51'),(14083,3,179,NULL,0,0,'2016-09-21 09:33:51','2016-09-21 09:33:51'),(14084,3,191,NULL,0,0,'2016-09-21 09:33:51','2016-09-21 09:33:51'),(14085,3,194,NULL,0,0,'2016-09-21 09:33:51','2016-09-21 09:33:51'),(14086,3,195,NULL,0,0,'2016-09-21 09:33:51','2016-09-21 09:33:51'),(14087,3,192,NULL,0,0,'2016-09-21 09:33:51','2016-09-21 09:33:51'),(14088,3,196,NULL,0,0,'2016-09-21 09:33:51','2016-09-21 09:33:51'),(14089,3,197,NULL,0,0,'2016-09-21 09:33:51','2016-09-21 09:33:51'),(14090,3,193,NULL,0,0,'2016-09-21 09:33:51','2016-09-21 09:33:51'),(14091,3,198,NULL,0,0,'2016-09-21 09:33:51','2016-09-21 09:33:51'),(14092,3,199,NULL,0,0,'2016-09-21 09:33:51','2016-09-21 09:33:51'),(14093,3,2,NULL,0,0,'2016-09-21 09:33:51','2016-09-21 09:33:51'),(14094,3,26,NULL,0,0,'2016-09-21 09:33:51','2016-09-21 09:33:51'),(14095,3,95,NULL,0,0,'2016-09-21 09:33:51','2016-09-21 09:33:51'),(14096,3,96,NULL,0,0,'2016-09-21 09:33:51','2016-09-21 09:33:51'),(14097,3,27,NULL,0,0,'2016-09-21 09:33:51','2016-09-21 09:33:51'),(14098,3,97,NULL,0,0,'2016-09-21 09:33:51','2016-09-21 09:33:51'),(14099,3,98,NULL,0,0,'2016-09-21 09:33:51','2016-09-21 09:33:51'),(14100,3,28,NULL,0,0,'2016-09-21 09:33:51','2016-09-21 09:33:51'),(14101,3,99,NULL,0,0,'2016-09-21 09:33:51','2016-09-21 09:33:51'),(14102,3,100,NULL,0,0,'2016-09-21 09:33:51','2016-09-21 09:33:51'),(14103,3,29,NULL,0,0,'2016-09-21 09:33:51','2016-09-21 09:33:51'),(14104,3,101,NULL,0,0,'2016-09-21 09:33:51','2016-09-21 09:33:51'),(14105,3,102,NULL,0,0,'2016-09-21 09:33:51','2016-09-21 09:33:51'),(14106,3,30,NULL,0,0,'2016-09-21 09:33:51','2016-09-21 09:33:51'),(14107,3,103,NULL,0,0,'2016-09-21 09:33:51','2016-09-21 09:33:51'),(14108,3,104,NULL,0,0,'2016-09-21 09:33:51','2016-09-21 09:33:51'),(14109,3,31,NULL,0,0,'2016-09-21 09:33:51','2016-09-21 09:33:51'),(14110,3,32,NULL,0,0,'2016-09-21 09:33:51','2016-09-21 09:33:51'),(14111,3,33,NULL,0,0,'2016-09-21 09:33:51','2016-09-21 09:33:51'),(14112,3,34,NULL,0,0,'2016-09-21 09:33:51','2016-09-21 09:33:51'),(14113,3,4,NULL,0,0,'2016-09-21 09:33:51','2016-09-21 09:33:51'),(14114,3,40,NULL,0,0,'2016-09-21 09:33:51','2016-09-21 09:33:51'),(14115,3,120,NULL,0,0,'2016-09-21 09:33:51','2016-09-21 09:33:51'),(14116,3,121,NULL,0,0,'2016-09-21 09:33:51','2016-09-21 09:33:51'),(14117,3,122,NULL,0,0,'2016-09-21 09:33:51','2016-09-21 09:33:51'),(14118,3,123,NULL,0,0,'2016-09-21 09:33:51','2016-09-21 09:33:51'),(14119,3,41,NULL,0,0,'2016-09-21 09:33:51','2016-09-21 09:33:51'),(14120,3,42,NULL,0,0,'2016-09-21 09:33:51','2016-09-21 09:33:51'),(14121,3,124,NULL,0,0,'2016-09-21 09:33:51','2016-09-21 09:33:51'),(14122,3,125,NULL,0,0,'2016-09-21 09:33:51','2016-09-21 09:33:51'),(14123,3,126,NULL,0,0,'2016-09-21 09:33:51','2016-09-21 09:33:51'),(14124,3,127,NULL,0,0,'2016-09-21 09:33:51','2016-09-21 09:33:51'),(14125,3,44,NULL,0,0,'2016-09-21 09:33:51','2016-09-21 09:33:51'),(14126,3,128,NULL,0,0,'2016-09-21 09:33:51','2016-09-21 09:33:51'),(14127,3,129,NULL,0,0,'2016-09-21 09:33:51','2016-09-21 09:33:51'),(14128,3,130,NULL,0,0,'2016-09-21 09:33:51','2016-09-21 09:33:51'),(14129,3,131,NULL,0,0,'2016-09-21 09:33:51','2016-09-21 09:33:51'),(14130,3,45,NULL,0,0,'2016-09-21 09:33:51','2016-09-21 09:33:51'),(14131,3,132,NULL,0,0,'2016-09-21 09:33:51','2016-09-21 09:33:51'),(14132,3,133,NULL,0,0,'2016-09-21 09:33:51','2016-09-21 09:33:51'),(14133,3,134,NULL,0,0,'2016-09-21 09:33:51','2016-09-21 09:33:51'),(14134,3,135,NULL,0,0,'2016-09-21 09:33:51','2016-09-21 09:33:51'),(14135,3,5,NULL,0,0,'2016-09-21 09:33:51','2016-09-21 09:33:51'),(14136,3,46,NULL,0,0,'2016-09-21 09:33:51','2016-09-21 09:33:51'),(14137,3,136,NULL,0,0,'2016-09-21 09:33:51','2016-09-21 09:33:51'),(14138,3,137,NULL,0,0,'2016-09-21 09:33:51','2016-09-21 09:33:51'),(14139,3,47,NULL,0,0,'2016-09-21 09:33:51','2016-09-21 09:33:51'),(14140,3,138,NULL,0,0,'2016-09-21 09:33:51','2016-09-21 09:33:51'),(14141,3,139,NULL,0,0,'2016-09-21 09:33:51','2016-09-21 09:33:51'),(14142,3,48,NULL,0,0,'2016-09-21 09:33:51','2016-09-21 09:33:51'),(14143,3,140,NULL,0,0,'2016-09-21 09:33:51','2016-09-21 09:33:51'),(14144,3,141,NULL,0,0,'2016-09-21 09:33:51','2016-09-21 09:33:51'),(14145,3,49,NULL,0,0,'2016-09-21 09:33:51','2016-09-21 09:33:51'),(14146,3,142,NULL,0,0,'2016-09-21 09:33:51','2016-09-21 09:33:51'),(14147,3,143,NULL,0,0,'2016-09-21 09:33:51','2016-09-21 09:33:51'),(14148,3,50,NULL,0,0,'2016-09-21 09:33:51','2016-09-21 09:33:51'),(14149,3,51,NULL,0,0,'2016-09-21 09:33:51','2016-09-21 09:33:51'),(14150,3,52,NULL,0,0,'2016-09-21 09:33:51','2016-09-21 09:33:51'),(14151,3,144,NULL,0,0,'2016-09-21 09:33:51','2016-09-21 09:33:51'),(14152,3,145,NULL,0,0,'2016-09-21 09:33:51','2016-09-21 09:33:51'),(14153,3,53,NULL,0,0,'2016-09-21 09:33:51','2016-09-21 09:33:51'),(14154,3,146,NULL,0,0,'2016-09-21 09:33:51','2016-09-21 09:33:51'),(14155,3,147,NULL,0,0,'2016-09-21 09:33:51','2016-09-21 09:33:51'),(14156,3,54,NULL,0,0,'2016-09-21 09:33:51','2016-09-21 09:33:51'),(14157,3,55,NULL,0,0,'2016-09-21 09:33:51','2016-09-21 09:33:51'),(14158,3,56,NULL,0,0,'2016-09-21 09:33:51','2016-09-21 09:33:51'),(14159,3,57,NULL,0,0,'2016-09-21 09:33:51','2016-09-21 09:33:51'),(14160,3,58,NULL,0,0,'2016-09-21 09:33:51','2016-09-21 09:33:51'),(14161,3,63,NULL,0,0,'2016-09-21 09:33:51','2016-09-21 09:33:51'),(14162,3,64,NULL,0,0,'2016-09-21 09:33:51','2016-09-21 09:33:51'),(14163,3,151,NULL,0,0,'2016-09-21 09:33:51','2016-09-21 09:33:51'),(14164,3,152,NULL,0,0,'2016-09-21 09:33:51','2016-09-21 09:33:51'),(14165,3,177,NULL,0,0,'2016-09-21 09:33:51','2016-09-21 09:33:51'),(14166,3,178,NULL,0,0,'2016-09-21 09:33:51','2016-09-21 09:33:51'),(14167,149,3,NULL,-2,0,'2016-09-21 09:45:50','2016-09-21 15:41:10'),(14168,149,37,NULL,-2,0,'2016-09-21 09:45:50','2016-09-21 15:41:10'),(14169,149,109,NULL,-2,0,'2016-09-21 09:45:50','2016-09-21 15:41:10'),(14170,149,110,NULL,-2,0,'2016-09-21 09:45:50','2016-09-21 15:41:10'),(14171,149,111,NULL,-2,0,'2016-09-21 09:45:50','2016-09-21 15:41:10'),(14172,149,112,NULL,-2,0,'2016-09-21 09:45:50','2016-09-21 15:41:10'),(14173,149,38,NULL,-2,0,'2016-09-21 09:45:50','2016-09-21 15:41:10'),(14174,149,113,NULL,-2,0,'2016-09-21 09:45:50','2016-09-21 15:41:10'),(14175,149,114,NULL,-2,0,'2016-09-21 09:45:50','2016-09-21 15:41:10'),(14176,149,115,NULL,-2,0,'2016-09-21 09:45:50','2016-09-21 15:41:10'),(14177,149,39,NULL,-2,0,'2016-09-21 09:45:50','2016-09-21 15:41:10'),(14178,149,116,NULL,-2,0,'2016-09-21 09:45:50','2016-09-21 15:41:10'),(14179,149,117,NULL,-2,0,'2016-09-21 09:45:50','2016-09-21 15:41:10'),(14180,149,118,NULL,-2,0,'2016-09-21 09:45:50','2016-09-21 15:41:10'),(14181,149,119,NULL,-2,0,'2016-09-21 09:45:50','2016-09-21 15:41:10'),(14182,149,1,NULL,-2,0,'2016-09-21 09:45:50','2016-09-21 15:41:10'),(14183,149,6,NULL,-2,0,'2016-09-21 09:45:50','2016-09-21 15:41:10'),(14184,149,7,NULL,-2,0,'2016-09-21 09:45:50','2016-09-21 15:41:10'),(14185,149,65,NULL,-2,0,'2016-09-21 09:45:50','2016-09-21 15:41:10'),(14186,149,66,NULL,-2,0,'2016-09-21 09:45:50','2016-09-21 15:41:10'),(14187,149,67,NULL,-2,0,'2016-09-21 09:45:50','2016-09-21 15:41:10'),(14188,149,68,NULL,-2,0,'2016-09-21 09:45:50','2016-09-21 15:41:10'),(14189,149,8,NULL,-2,0,'2016-09-21 09:45:50','2016-09-21 15:41:10'),(14190,149,69,NULL,-2,0,'2016-09-21 09:45:50','2016-09-21 15:41:10'),(14191,149,70,NULL,-2,0,'2016-09-21 09:45:50','2016-09-21 15:41:10'),(14192,149,71,NULL,-2,0,'2016-09-21 09:45:50','2016-09-21 15:41:10'),(14193,149,72,NULL,-2,0,'2016-09-21 09:45:50','2016-09-21 15:41:10'),(14194,149,9,NULL,-2,0,'2016-09-21 09:45:50','2016-09-21 15:41:10'),(14195,149,73,NULL,-2,0,'2016-09-21 09:45:50','2016-09-21 15:41:10'),(14196,149,74,NULL,-2,0,'2016-09-21 09:45:50','2016-09-21 15:41:10'),(14197,149,10,NULL,-2,0,'2016-09-21 09:45:50','2016-09-21 15:41:10'),(14198,149,75,NULL,-2,0,'2016-09-21 09:45:50','2016-09-21 15:41:10'),(14199,149,11,NULL,-2,0,'2016-09-21 09:45:50','2016-09-21 15:41:10'),(14200,149,76,NULL,-2,0,'2016-09-21 09:45:50','2016-09-21 15:41:10'),(14201,149,12,NULL,-2,0,'2016-09-21 09:45:50','2016-09-21 15:41:10'),(14202,149,77,NULL,-2,0,'2016-09-21 09:45:50','2016-09-21 15:41:10'),(14203,149,15,NULL,-2,0,'2016-09-21 09:45:50','2016-09-21 15:41:10'),(14204,149,81,NULL,-2,0,'2016-09-21 09:45:50','2016-09-21 15:41:10'),(14205,149,82,NULL,-2,0,'2016-09-21 09:45:50','2016-09-21 15:41:10'),(14206,149,83,NULL,-2,0,'2016-09-21 09:45:50','2016-09-21 15:41:10'),(14207,149,84,NULL,-2,0,'2016-09-21 09:45:50','2016-09-21 15:41:10'),(14208,149,16,NULL,-2,0,'2016-09-21 09:45:50','2016-09-21 15:41:10'),(14209,149,85,NULL,-2,0,'2016-09-21 09:45:50','2016-09-21 15:41:10'),(14210,149,86,NULL,-2,0,'2016-09-21 09:45:50','2016-09-21 15:41:10'),(14211,149,19,NULL,-2,0,'2016-09-21 09:45:50','2016-09-21 15:41:10'),(14212,149,20,NULL,-2,0,'2016-09-21 09:45:50','2016-09-21 15:41:10'),(14213,149,21,NULL,-2,0,'2016-09-21 09:45:50','2016-09-21 15:41:10'),(14214,149,22,NULL,-2,0,'2016-09-21 09:45:50','2016-09-21 15:41:10'),(14215,149,23,NULL,-2,0,'2016-09-21 09:45:50','2016-09-21 15:41:10'),(14216,149,24,NULL,-2,0,'2016-09-21 09:45:50','2016-09-21 15:41:10'),(14217,149,25,NULL,-2,0,'2016-09-21 09:45:50','2016-09-21 15:41:10'),(14218,149,148,NULL,-2,0,'2016-09-21 09:45:50','2016-09-21 15:41:10'),(14219,149,184,NULL,-2,0,'2016-09-21 09:45:50','2016-09-21 15:41:10'),(14220,149,185,NULL,-2,0,'2016-09-21 09:45:50','2016-09-21 15:41:10'),(14221,149,186,NULL,-2,0,'2016-09-21 09:45:50','2016-09-21 15:41:10'),(14222,149,187,NULL,-2,0,'2016-09-21 09:45:50','2016-09-21 15:41:10'),(14223,149,149,NULL,-2,0,'2016-09-21 09:45:50','2016-09-21 15:41:10'),(14224,149,188,NULL,-2,0,'2016-09-21 09:45:50','2016-09-21 15:41:10'),(14225,149,189,NULL,-2,0,'2016-09-21 09:45:50','2016-09-21 15:41:10'),(14226,149,150,NULL,-2,0,'2016-09-21 09:45:50','2016-09-21 15:41:10'),(14227,149,180,NULL,-2,0,'2016-09-21 09:45:50','2016-09-21 15:41:10'),(14228,149,181,NULL,-2,0,'2016-09-21 09:45:50','2016-09-21 15:41:10'),(14229,149,182,NULL,-2,0,'2016-09-21 09:45:50','2016-09-21 15:41:10'),(14230,149,183,NULL,-2,0,'2016-09-21 09:45:50','2016-09-21 15:41:10'),(14231,149,153,NULL,-2,0,'2016-09-21 09:45:50','2016-09-21 15:41:10'),(14232,149,157,NULL,-2,0,'2016-09-21 09:45:50','2016-09-21 15:41:10'),(14233,149,160,NULL,-2,0,'2016-09-21 09:45:50','2016-09-21 15:41:10'),(14234,149,161,NULL,-2,0,'2016-09-21 09:45:50','2016-09-21 15:41:10'),(14235,149,162,NULL,-2,0,'2016-09-21 09:45:50','2016-09-21 15:41:10'),(14236,149,163,NULL,-2,0,'2016-09-21 09:45:50','2016-09-21 15:41:10'),(14237,149,158,NULL,-2,0,'2016-09-21 09:45:50','2016-09-21 15:41:10'),(14238,149,164,NULL,-2,0,'2016-09-21 09:45:50','2016-09-21 15:41:10'),(14239,149,165,NULL,-2,0,'2016-09-21 09:45:50','2016-09-21 15:41:10'),(14240,149,166,NULL,-2,0,'2016-09-21 09:45:50','2016-09-21 15:41:10'),(14241,149,167,NULL,-2,0,'2016-09-21 09:45:50','2016-09-21 15:41:10'),(14242,149,159,NULL,-2,0,'2016-09-21 09:45:50','2016-09-21 15:41:10'),(14243,149,168,NULL,-2,0,'2016-09-21 09:45:50','2016-09-21 15:41:10'),(14244,149,169,NULL,-2,0,'2016-09-21 09:45:50','2016-09-21 15:41:10'),(14245,149,170,NULL,-2,0,'2016-09-21 09:45:50','2016-09-21 15:41:10'),(14246,149,171,NULL,-2,0,'2016-09-21 09:45:50','2016-09-21 15:41:10'),(14247,149,172,NULL,-2,0,'2016-09-21 09:45:50','2016-09-21 15:41:10'),(14248,149,173,NULL,-2,0,'2016-09-21 09:45:50','2016-09-21 15:41:10'),(14249,149,174,NULL,-2,0,'2016-09-21 09:45:50','2016-09-21 15:41:10'),(14250,149,175,NULL,-2,0,'2016-09-21 09:45:50','2016-09-21 15:41:10'),(14251,149,176,NULL,-2,0,'2016-09-21 09:45:50','2016-09-21 15:41:10'),(14252,149,179,NULL,-2,0,'2016-09-21 09:45:50','2016-09-21 15:41:10'),(14253,149,191,NULL,-2,0,'2016-09-21 09:45:50','2016-09-21 15:41:10'),(14254,149,194,NULL,-2,0,'2016-09-21 09:45:50','2016-09-21 15:41:10'),(14255,149,195,NULL,-2,0,'2016-09-21 09:45:50','2016-09-21 15:41:10'),(14256,149,192,NULL,-2,0,'2016-09-21 09:45:50','2016-09-21 15:41:10'),(14257,149,196,NULL,-2,0,'2016-09-21 09:45:50','2016-09-21 15:41:10'),(14258,149,197,NULL,-2,0,'2016-09-21 09:45:50','2016-09-21 15:41:10'),(14259,149,193,NULL,-2,0,'2016-09-21 09:45:50','2016-09-21 15:41:10'),(14260,149,198,NULL,-2,0,'2016-09-21 09:45:50','2016-09-21 15:41:10'),(14261,149,199,NULL,-2,0,'2016-09-21 09:45:50','2016-09-21 15:41:10'),(14262,149,2,NULL,-2,0,'2016-09-21 09:45:50','2016-09-21 15:41:10'),(14263,149,26,NULL,-2,0,'2016-09-21 09:45:50','2016-09-21 15:41:10'),(14264,149,95,NULL,-2,0,'2016-09-21 09:45:50','2016-09-21 15:41:10'),(14265,149,96,NULL,-2,0,'2016-09-21 09:45:50','2016-09-21 15:41:10'),(14266,149,27,NULL,-2,0,'2016-09-21 09:45:50','2016-09-21 15:41:10'),(14267,149,97,NULL,-2,0,'2016-09-21 09:45:50','2016-09-21 15:41:10'),(14268,149,98,NULL,-2,0,'2016-09-21 09:45:50','2016-09-21 15:41:10'),(14269,149,28,NULL,-2,0,'2016-09-21 09:45:50','2016-09-21 15:41:10'),(14270,149,99,NULL,-2,0,'2016-09-21 09:45:50','2016-09-21 15:41:10'),(14271,149,100,NULL,-2,0,'2016-09-21 09:45:50','2016-09-21 15:41:10'),(14272,149,29,NULL,-2,0,'2016-09-21 09:45:50','2016-09-21 15:41:10'),(14273,149,101,NULL,-2,0,'2016-09-21 09:45:50','2016-09-21 15:41:10'),(14274,149,102,NULL,-2,0,'2016-09-21 09:45:50','2016-09-21 15:41:10'),(14275,149,30,NULL,-2,0,'2016-09-21 09:45:50','2016-09-21 15:41:10'),(14276,149,103,NULL,-2,0,'2016-09-21 09:45:50','2016-09-21 15:41:10'),(14277,149,104,NULL,-2,0,'2016-09-21 09:45:50','2016-09-21 15:41:10'),(14278,149,31,NULL,-2,0,'2016-09-21 09:45:50','2016-09-21 15:41:10'),(14279,149,32,NULL,-2,0,'2016-09-21 09:45:50','2016-09-21 15:41:10'),(14280,149,33,NULL,-2,0,'2016-09-21 09:45:50','2016-09-21 15:41:10'),(14281,149,34,NULL,-2,0,'2016-09-21 09:45:50','2016-09-21 15:41:10'),(14282,149,4,NULL,-2,0,'2016-09-21 09:45:50','2016-09-21 15:41:10'),(14283,149,40,NULL,-2,0,'2016-09-21 09:45:50','2016-09-21 15:41:10'),(14284,149,120,NULL,-2,0,'2016-09-21 09:45:50','2016-09-21 15:41:10'),(14285,149,121,NULL,-2,0,'2016-09-21 09:45:50','2016-09-21 15:41:10'),(14286,149,122,NULL,-2,0,'2016-09-21 09:45:50','2016-09-21 15:41:10'),(14287,149,123,NULL,-2,0,'2016-09-21 09:45:50','2016-09-21 15:41:10'),(14288,149,41,NULL,-2,0,'2016-09-21 09:45:50','2016-09-21 15:41:10'),(14289,149,42,NULL,-2,0,'2016-09-21 09:45:50','2016-09-21 15:41:10'),(14290,149,124,NULL,-2,0,'2016-09-21 09:45:50','2016-09-21 15:41:10'),(14291,149,125,NULL,-2,0,'2016-09-21 09:45:50','2016-09-21 15:41:10'),(14292,149,126,NULL,-2,0,'2016-09-21 09:45:50','2016-09-21 15:41:10'),(14293,149,127,NULL,-2,0,'2016-09-21 09:45:50','2016-09-21 15:41:10'),(14294,149,44,NULL,-2,0,'2016-09-21 09:45:50','2016-09-21 15:41:10'),(14295,149,128,NULL,-2,0,'2016-09-21 09:45:50','2016-09-21 15:41:10'),(14296,149,129,NULL,-2,0,'2016-09-21 09:45:50','2016-09-21 15:41:10'),(14297,149,130,NULL,-2,0,'2016-09-21 09:45:50','2016-09-21 15:41:10'),(14298,149,131,NULL,-2,0,'2016-09-21 09:45:50','2016-09-21 15:41:10'),(14299,149,45,NULL,-2,0,'2016-09-21 09:45:50','2016-09-21 15:41:10'),(14300,149,132,NULL,-2,0,'2016-09-21 09:45:50','2016-09-21 15:41:10'),(14301,149,133,NULL,-2,0,'2016-09-21 09:45:50','2016-09-21 15:41:10'),(14302,149,134,NULL,-2,0,'2016-09-21 09:45:50','2016-09-21 15:41:10'),(14303,149,135,NULL,-2,0,'2016-09-21 09:45:50','2016-09-21 15:41:10'),(14304,149,5,NULL,-2,0,'2016-09-21 09:45:50','2016-09-21 15:41:10'),(14305,149,46,NULL,-2,0,'2016-09-21 09:45:50','2016-09-21 15:41:10'),(14306,149,136,NULL,-2,0,'2016-09-21 09:45:50','2016-09-21 15:41:10'),(14307,149,137,NULL,-2,0,'2016-09-21 09:45:50','2016-09-21 15:41:10'),(14308,149,47,NULL,-2,0,'2016-09-21 09:45:50','2016-09-21 15:41:10'),(14309,149,138,NULL,-2,0,'2016-09-21 09:45:50','2016-09-21 15:41:10'),(14310,149,139,NULL,-2,0,'2016-09-21 09:45:50','2016-09-21 15:41:10'),(14311,149,48,NULL,-2,0,'2016-09-21 09:45:50','2016-09-21 15:41:10'),(14312,149,140,NULL,-2,0,'2016-09-21 09:45:50','2016-09-21 15:41:10'),(14313,149,141,NULL,-2,0,'2016-09-21 09:45:50','2016-09-21 15:41:10'),(14314,149,49,NULL,-2,0,'2016-09-21 09:45:50','2016-09-21 15:41:10'),(14315,149,142,NULL,-2,0,'2016-09-21 09:45:50','2016-09-21 15:41:10'),(14316,149,143,NULL,-2,0,'2016-09-21 09:45:50','2016-09-21 15:41:10'),(14317,149,50,NULL,-2,0,'2016-09-21 09:45:50','2016-09-21 15:41:10'),(14318,149,51,NULL,-2,0,'2016-09-21 09:45:50','2016-09-21 15:41:10'),(14319,149,52,NULL,-2,0,'2016-09-21 09:45:50','2016-09-21 15:41:10'),(14320,149,144,NULL,-2,0,'2016-09-21 09:45:50','2016-09-21 15:41:10'),(14321,149,145,NULL,-2,0,'2016-09-21 09:45:50','2016-09-21 15:41:10'),(14322,149,53,NULL,-2,0,'2016-09-21 09:45:50','2016-09-21 15:41:10'),(14323,149,146,NULL,-2,0,'2016-09-21 09:45:50','2016-09-21 15:41:10'),(14324,149,147,NULL,-2,0,'2016-09-21 09:45:50','2016-09-21 15:41:10'),(14325,149,54,NULL,-2,0,'2016-09-21 09:45:50','2016-09-21 15:41:10'),(14326,149,55,NULL,-2,0,'2016-09-21 09:45:50','2016-09-21 15:41:10'),(14327,149,56,NULL,-2,0,'2016-09-21 09:45:50','2016-09-21 15:41:10'),(14328,149,57,NULL,-2,0,'2016-09-21 09:45:50','2016-09-21 15:41:10'),(14329,149,58,NULL,-2,0,'2016-09-21 09:45:50','2016-09-21 15:41:10'),(14330,149,63,NULL,-2,0,'2016-09-21 09:45:50','2016-09-21 15:41:10'),(14331,149,64,NULL,-2,0,'2016-09-21 09:45:50','2016-09-21 15:41:10'),(14332,149,151,NULL,-2,0,'2016-09-21 09:45:50','2016-09-21 15:41:10'),(14333,149,152,NULL,-2,0,'2016-09-21 09:45:50','2016-09-21 15:41:10'),(14334,149,177,NULL,-2,0,'2016-09-21 09:45:50','2016-09-21 15:41:10'),(14335,149,178,NULL,-2,0,'2016-09-21 09:45:50','2016-09-21 15:41:10'),(14336,149,3,NULL,0,0,'2016-09-21 15:41:10','2016-09-21 15:41:10'),(14337,149,37,NULL,0,0,'2016-09-21 15:41:10','2016-09-21 15:41:10'),(14338,149,109,NULL,0,0,'2016-09-21 15:41:10','2016-09-21 15:41:10'),(14339,149,110,NULL,0,0,'2016-09-21 15:41:10','2016-09-21 15:41:10'),(14340,149,111,NULL,0,0,'2016-09-21 15:41:10','2016-09-21 15:41:10'),(14341,149,112,NULL,0,0,'2016-09-21 15:41:10','2016-09-21 15:41:10'),(14342,149,38,NULL,0,0,'2016-09-21 15:41:10','2016-09-21 15:41:10'),(14343,149,113,NULL,0,0,'2016-09-21 15:41:10','2016-09-21 15:41:10'),(14344,149,114,NULL,0,0,'2016-09-21 15:41:10','2016-09-21 15:41:10'),(14345,149,115,NULL,0,0,'2016-09-21 15:41:10','2016-09-21 15:41:10'),(14346,149,39,NULL,0,0,'2016-09-21 15:41:10','2016-09-21 15:41:10'),(14347,149,116,NULL,0,0,'2016-09-21 15:41:10','2016-09-21 15:41:10'),(14348,149,117,NULL,0,0,'2016-09-21 15:41:10','2016-09-21 15:41:10'),(14349,149,118,NULL,0,0,'2016-09-21 15:41:10','2016-09-21 15:41:10'),(14350,149,119,NULL,0,0,'2016-09-21 15:41:10','2016-09-21 15:41:10'),(14351,149,1,NULL,0,0,'2016-09-21 15:41:10','2016-09-21 15:41:10'),(14352,149,6,NULL,0,0,'2016-09-21 15:41:10','2016-09-21 15:41:10'),(14353,149,7,NULL,0,0,'2016-09-21 15:41:10','2016-09-21 15:41:10'),(14354,149,65,NULL,0,0,'2016-09-21 15:41:10','2016-09-21 15:41:10'),(14355,149,66,NULL,0,0,'2016-09-21 15:41:10','2016-09-21 15:41:10'),(14356,149,67,NULL,0,0,'2016-09-21 15:41:10','2016-09-21 15:41:10'),(14357,149,68,NULL,0,0,'2016-09-21 15:41:10','2016-09-21 15:41:10'),(14358,149,8,NULL,0,0,'2016-09-21 15:41:10','2016-09-21 15:41:10'),(14359,149,69,NULL,0,0,'2016-09-21 15:41:10','2016-09-21 15:41:10'),(14360,149,70,NULL,0,0,'2016-09-21 15:41:10','2016-09-21 15:41:10'),(14361,149,71,NULL,0,0,'2016-09-21 15:41:10','2016-09-21 15:41:10'),(14362,149,72,NULL,0,0,'2016-09-21 15:41:10','2016-09-21 15:41:10'),(14363,149,9,NULL,0,0,'2016-09-21 15:41:10','2016-09-21 15:41:10'),(14364,149,73,NULL,0,0,'2016-09-21 15:41:10','2016-09-21 15:41:10'),(14365,149,74,NULL,0,0,'2016-09-21 15:41:10','2016-09-21 15:41:10'),(14366,149,10,NULL,0,0,'2016-09-21 15:41:10','2016-09-21 15:41:10'),(14367,149,75,NULL,0,0,'2016-09-21 15:41:10','2016-09-21 15:41:10'),(14368,149,11,NULL,0,0,'2016-09-21 15:41:10','2016-09-21 15:41:10'),(14369,149,76,NULL,0,0,'2016-09-21 15:41:10','2016-09-21 15:41:10'),(14370,149,12,NULL,0,0,'2016-09-21 15:41:10','2016-09-21 15:41:10'),(14371,149,77,NULL,0,0,'2016-09-21 15:41:10','2016-09-21 15:41:10'),(14372,149,15,NULL,0,0,'2016-09-21 15:41:10','2016-09-21 15:41:10'),(14373,149,81,NULL,0,0,'2016-09-21 15:41:10','2016-09-21 15:41:10'),(14374,149,82,NULL,0,0,'2016-09-21 15:41:10','2016-09-21 15:41:10'),(14375,149,83,NULL,0,0,'2016-09-21 15:41:10','2016-09-21 15:41:10'),(14376,149,84,NULL,0,0,'2016-09-21 15:41:10','2016-09-21 15:41:10'),(14377,149,16,NULL,0,0,'2016-09-21 15:41:10','2016-09-21 15:41:10'),(14378,149,85,NULL,0,0,'2016-09-21 15:41:10','2016-09-21 15:41:10'),(14379,149,86,NULL,0,0,'2016-09-21 15:41:10','2016-09-21 15:41:10'),(14380,149,19,NULL,0,0,'2016-09-21 15:41:10','2016-09-21 15:41:10'),(14381,149,20,NULL,0,0,'2016-09-21 15:41:10','2016-09-21 15:41:10'),(14382,149,21,NULL,0,0,'2016-09-21 15:41:10','2016-09-21 15:41:10'),(14383,149,22,NULL,0,0,'2016-09-21 15:41:10','2016-09-21 15:41:10'),(14384,149,23,NULL,0,0,'2016-09-21 15:41:10','2016-09-21 15:41:10'),(14385,149,24,NULL,0,0,'2016-09-21 15:41:10','2016-09-21 15:41:10'),(14386,149,25,NULL,0,0,'2016-09-21 15:41:10','2016-09-21 15:41:10'),(14387,149,148,NULL,0,0,'2016-09-21 15:41:10','2016-09-21 15:41:10'),(14388,149,184,NULL,0,0,'2016-09-21 15:41:10','2016-09-21 15:41:10'),(14389,149,185,NULL,0,0,'2016-09-21 15:41:10','2016-09-21 15:41:10'),(14390,149,186,NULL,0,0,'2016-09-21 15:41:10','2016-09-21 15:41:10'),(14391,149,187,NULL,0,0,'2016-09-21 15:41:10','2016-09-21 15:41:10'),(14392,149,149,NULL,0,0,'2016-09-21 15:41:10','2016-09-21 15:41:10'),(14393,149,188,NULL,0,0,'2016-09-21 15:41:10','2016-09-21 15:41:10'),(14394,149,189,NULL,0,0,'2016-09-21 15:41:10','2016-09-21 15:41:10'),(14395,149,150,NULL,0,0,'2016-09-21 15:41:10','2016-09-21 15:41:10'),(14396,149,180,NULL,0,0,'2016-09-21 15:41:10','2016-09-21 15:41:10'),(14397,149,181,NULL,0,0,'2016-09-21 15:41:10','2016-09-21 15:41:10'),(14398,149,182,NULL,0,0,'2016-09-21 15:41:10','2016-09-21 15:41:10'),(14399,149,183,NULL,0,0,'2016-09-21 15:41:10','2016-09-21 15:41:10'),(14400,149,153,NULL,0,0,'2016-09-21 15:41:10','2016-09-21 15:41:10'),(14401,149,157,NULL,0,0,'2016-09-21 15:41:10','2016-09-21 15:41:10'),(14402,149,160,NULL,0,0,'2016-09-21 15:41:10','2016-09-21 15:41:10'),(14403,149,161,NULL,0,0,'2016-09-21 15:41:10','2016-09-21 15:41:10'),(14404,149,162,NULL,0,0,'2016-09-21 15:41:10','2016-09-21 15:41:10'),(14405,149,163,NULL,0,0,'2016-09-21 15:41:10','2016-09-21 15:41:10'),(14406,149,158,NULL,0,0,'2016-09-21 15:41:10','2016-09-21 15:41:10'),(14407,149,164,NULL,0,0,'2016-09-21 15:41:10','2016-09-21 15:41:10'),(14408,149,165,NULL,0,0,'2016-09-21 15:41:10','2016-09-21 15:41:10'),(14409,149,166,NULL,0,0,'2016-09-21 15:41:10','2016-09-21 15:41:10'),(14410,149,167,NULL,0,0,'2016-09-21 15:41:10','2016-09-21 15:41:10'),(14411,149,159,NULL,0,0,'2016-09-21 15:41:10','2016-09-21 15:41:10'),(14412,149,168,NULL,0,0,'2016-09-21 15:41:10','2016-09-21 15:41:10'),(14413,149,169,NULL,0,0,'2016-09-21 15:41:10','2016-09-21 15:41:10'),(14414,149,170,NULL,0,0,'2016-09-21 15:41:10','2016-09-21 15:41:10'),(14415,149,171,NULL,0,0,'2016-09-21 15:41:10','2016-09-21 15:41:10'),(14416,149,172,NULL,0,0,'2016-09-21 15:41:10','2016-09-21 15:41:10'),(14417,149,173,NULL,0,0,'2016-09-21 15:41:10','2016-09-21 15:41:10'),(14418,149,174,NULL,0,0,'2016-09-21 15:41:10','2016-09-21 15:41:10'),(14419,149,175,NULL,0,0,'2016-09-21 15:41:10','2016-09-21 15:41:10'),(14420,149,176,NULL,0,0,'2016-09-21 15:41:10','2016-09-21 15:41:10'),(14421,149,179,NULL,0,0,'2016-09-21 15:41:10','2016-09-21 15:41:10'),(14422,149,191,NULL,0,0,'2016-09-21 15:41:10','2016-09-21 15:41:10'),(14423,149,194,NULL,0,0,'2016-09-21 15:41:10','2016-09-21 15:41:10'),(14424,149,195,NULL,0,0,'2016-09-21 15:41:10','2016-09-21 15:41:10'),(14425,149,192,NULL,0,0,'2016-09-21 15:41:10','2016-09-21 15:41:10'),(14426,149,196,NULL,0,0,'2016-09-21 15:41:10','2016-09-21 15:41:10'),(14427,149,197,NULL,0,0,'2016-09-21 15:41:10','2016-09-21 15:41:10'),(14428,149,193,NULL,0,0,'2016-09-21 15:41:10','2016-09-21 15:41:10'),(14429,149,198,NULL,0,0,'2016-09-21 15:41:10','2016-09-21 15:41:10'),(14430,149,199,NULL,0,0,'2016-09-21 15:41:10','2016-09-21 15:41:10'),(14431,149,2,NULL,0,0,'2016-09-21 15:41:10','2016-09-21 15:41:10'),(14432,149,26,NULL,0,0,'2016-09-21 15:41:10','2016-09-21 15:41:10'),(14433,149,95,NULL,0,0,'2016-09-21 15:41:10','2016-09-21 15:41:10'),(14434,149,96,NULL,0,0,'2016-09-21 15:41:10','2016-09-21 15:41:10'),(14435,149,27,NULL,0,0,'2016-09-21 15:41:10','2016-09-21 15:41:10'),(14436,149,97,NULL,0,0,'2016-09-21 15:41:10','2016-09-21 15:41:10'),(14437,149,98,NULL,0,0,'2016-09-21 15:41:10','2016-09-21 15:41:10'),(14438,149,28,NULL,0,0,'2016-09-21 15:41:10','2016-09-21 15:41:10'),(14439,149,99,NULL,0,0,'2016-09-21 15:41:10','2016-09-21 15:41:10'),(14440,149,100,NULL,0,0,'2016-09-21 15:41:10','2016-09-21 15:41:10'),(14441,149,29,NULL,0,0,'2016-09-21 15:41:10','2016-09-21 15:41:10'),(14442,149,101,NULL,0,0,'2016-09-21 15:41:10','2016-09-21 15:41:10'),(14443,149,102,NULL,0,0,'2016-09-21 15:41:10','2016-09-21 15:41:10'),(14444,149,30,NULL,0,0,'2016-09-21 15:41:10','2016-09-21 15:41:10'),(14445,149,103,NULL,0,0,'2016-09-21 15:41:10','2016-09-21 15:41:10'),(14446,149,104,NULL,0,0,'2016-09-21 15:41:10','2016-09-21 15:41:10'),(14447,149,31,NULL,0,0,'2016-09-21 15:41:10','2016-09-21 15:41:10'),(14448,149,32,NULL,0,0,'2016-09-21 15:41:10','2016-09-21 15:41:10'),(14449,149,33,NULL,0,0,'2016-09-21 15:41:10','2016-09-21 15:41:10'),(14450,149,34,NULL,0,0,'2016-09-21 15:41:10','2016-09-21 15:41:10'),(14451,149,4,NULL,0,0,'2016-09-21 15:41:10','2016-09-21 15:41:10'),(14452,149,40,NULL,0,0,'2016-09-21 15:41:10','2016-09-21 15:41:10'),(14453,149,120,NULL,0,0,'2016-09-21 15:41:10','2016-09-21 15:41:10'),(14454,149,121,NULL,0,0,'2016-09-21 15:41:10','2016-09-21 15:41:10'),(14455,149,122,NULL,0,0,'2016-09-21 15:41:10','2016-09-21 15:41:10'),(14456,149,123,NULL,0,0,'2016-09-21 15:41:10','2016-09-21 15:41:10'),(14457,149,41,NULL,0,0,'2016-09-21 15:41:10','2016-09-21 15:41:10'),(14458,149,42,NULL,0,0,'2016-09-21 15:41:10','2016-09-21 15:41:10'),(14459,149,124,NULL,0,0,'2016-09-21 15:41:10','2016-09-21 15:41:10'),(14460,149,125,NULL,0,0,'2016-09-21 15:41:10','2016-09-21 15:41:10'),(14461,149,126,NULL,0,0,'2016-09-21 15:41:10','2016-09-21 15:41:10'),(14462,149,127,NULL,0,0,'2016-09-21 15:41:10','2016-09-21 15:41:10'),(14463,149,44,NULL,0,0,'2016-09-21 15:41:10','2016-09-21 15:41:10'),(14464,149,128,NULL,0,0,'2016-09-21 15:41:10','2016-09-21 15:41:10'),(14465,149,129,NULL,0,0,'2016-09-21 15:41:10','2016-09-21 15:41:10'),(14466,149,130,NULL,0,0,'2016-09-21 15:41:10','2016-09-21 15:41:10'),(14467,149,131,NULL,0,0,'2016-09-21 15:41:10','2016-09-21 15:41:10'),(14468,149,45,NULL,0,0,'2016-09-21 15:41:10','2016-09-21 15:41:10'),(14469,149,132,NULL,0,0,'2016-09-21 15:41:10','2016-09-21 15:41:10'),(14470,149,133,NULL,0,0,'2016-09-21 15:41:10','2016-09-21 15:41:10'),(14471,149,134,NULL,0,0,'2016-09-21 15:41:10','2016-09-21 15:41:10'),(14472,149,135,NULL,0,0,'2016-09-21 15:41:10','2016-09-21 15:41:10'),(14473,149,200,NULL,0,0,'2016-09-21 15:41:10','2016-09-21 15:41:10'),(14474,149,5,NULL,0,0,'2016-09-21 15:41:10','2016-09-21 15:41:10'),(14475,149,46,NULL,0,0,'2016-09-21 15:41:10','2016-09-21 15:41:10'),(14476,149,136,NULL,0,0,'2016-09-21 15:41:10','2016-09-21 15:41:10'),(14477,149,137,NULL,0,0,'2016-09-21 15:41:10','2016-09-21 15:41:10'),(14478,149,47,NULL,0,0,'2016-09-21 15:41:10','2016-09-21 15:41:10'),(14479,149,138,NULL,0,0,'2016-09-21 15:41:10','2016-09-21 15:41:10'),(14480,149,139,NULL,0,0,'2016-09-21 15:41:10','2016-09-21 15:41:10'),(14481,149,48,NULL,0,0,'2016-09-21 15:41:10','2016-09-21 15:41:10'),(14482,149,140,NULL,0,0,'2016-09-21 15:41:10','2016-09-21 15:41:10'),(14483,149,141,NULL,0,0,'2016-09-21 15:41:10','2016-09-21 15:41:10'),(14484,149,49,NULL,0,0,'2016-09-21 15:41:10','2016-09-21 15:41:10'),(14485,149,142,NULL,0,0,'2016-09-21 15:41:10','2016-09-21 15:41:10'),(14486,149,143,NULL,0,0,'2016-09-21 15:41:10','2016-09-21 15:41:10'),(14487,149,50,NULL,0,0,'2016-09-21 15:41:10','2016-09-21 15:41:10'),(14488,149,51,NULL,0,0,'2016-09-21 15:41:10','2016-09-21 15:41:10'),(14489,149,52,NULL,0,0,'2016-09-21 15:41:10','2016-09-21 15:41:10'),(14490,149,144,NULL,0,0,'2016-09-21 15:41:10','2016-09-21 15:41:10'),(14491,149,145,NULL,0,0,'2016-09-21 15:41:10','2016-09-21 15:41:10'),(14492,149,53,NULL,0,0,'2016-09-21 15:41:10','2016-09-21 15:41:10'),(14493,149,146,NULL,0,0,'2016-09-21 15:41:10','2016-09-21 15:41:10'),(14494,149,147,NULL,0,0,'2016-09-21 15:41:10','2016-09-21 15:41:10'),(14495,149,54,NULL,0,0,'2016-09-21 15:41:10','2016-09-21 15:41:10'),(14496,149,55,NULL,0,0,'2016-09-21 15:41:10','2016-09-21 15:41:10'),(14497,149,56,NULL,0,0,'2016-09-21 15:41:10','2016-09-21 15:41:10'),(14498,149,57,NULL,0,0,'2016-09-21 15:41:10','2016-09-21 15:41:10'),(14499,149,58,NULL,0,0,'2016-09-21 15:41:10','2016-09-21 15:41:10'),(14500,149,63,NULL,0,0,'2016-09-21 15:41:10','2016-09-21 15:41:10'),(14501,149,64,NULL,0,0,'2016-09-21 15:41:10','2016-09-21 15:41:10'),(14502,149,151,NULL,0,0,'2016-09-21 15:41:10','2016-09-21 15:41:10'),(14503,149,152,NULL,0,0,'2016-09-21 15:41:10','2016-09-21 15:41:10'),(14504,149,177,NULL,0,0,'2016-09-21 15:41:10','2016-09-21 15:41:10'),(14505,149,178,NULL,0,0,'2016-09-21 15:41:10','2016-09-21 15:41:10'),(14506,1,199,NULL,0,0,'2016-09-21 18:50:30','2016-09-21 18:50:29'),(14507,1,199,NULL,0,0,'2016-09-21 18:57:06','2016-09-21 18:57:05'),(14508,1,200,NULL,0,0,'2016-09-21 18:57:06','2016-09-21 18:57:06'),(14509,148,3,NULL,-2,0,'2016-09-26 15:58:05','2016-09-26 16:02:21'),(14510,148,37,NULL,-2,0,'2016-09-26 15:58:05','2016-09-26 16:02:21'),(14511,148,109,NULL,-2,0,'2016-09-26 15:58:05','2016-09-26 16:02:21'),(14512,148,110,NULL,-2,0,'2016-09-26 15:58:05','2016-09-26 16:02:21'),(14513,148,111,NULL,-2,0,'2016-09-26 15:58:05','2016-09-26 16:02:21'),(14514,148,112,NULL,-2,0,'2016-09-26 15:58:05','2016-09-26 16:02:21'),(14515,148,38,NULL,-2,0,'2016-09-26 15:58:05','2016-09-26 16:02:21'),(14516,148,113,NULL,-2,0,'2016-09-26 15:58:05','2016-09-26 16:02:21'),(14517,148,114,NULL,-2,0,'2016-09-26 15:58:05','2016-09-26 16:02:21'),(14518,148,115,NULL,-2,0,'2016-09-26 15:58:05','2016-09-26 16:02:21'),(14519,148,39,NULL,-2,0,'2016-09-26 15:58:05','2016-09-26 16:02:21'),(14520,148,116,NULL,-2,0,'2016-09-26 15:58:05','2016-09-26 16:02:21'),(14521,148,117,NULL,-2,0,'2016-09-26 15:58:05','2016-09-26 16:02:21'),(14522,148,118,NULL,-2,0,'2016-09-26 15:58:05','2016-09-26 16:02:21'),(14523,148,119,NULL,-2,0,'2016-09-26 15:58:05','2016-09-26 16:02:21'),(14524,148,2,NULL,-2,0,'2016-09-26 15:58:05','2016-09-26 16:02:21'),(14525,148,26,NULL,-2,0,'2016-09-26 15:58:05','2016-09-26 16:02:21'),(14526,148,95,NULL,-2,0,'2016-09-26 15:58:05','2016-09-26 16:02:21'),(14527,148,96,NULL,-2,0,'2016-09-26 15:58:05','2016-09-26 16:02:21'),(14528,148,27,NULL,-2,0,'2016-09-26 15:58:05','2016-09-26 16:02:21'),(14529,148,97,NULL,-2,0,'2016-09-26 15:58:05','2016-09-26 16:02:21'),(14530,148,98,NULL,-2,0,'2016-09-26 15:58:05','2016-09-26 16:02:21'),(14531,148,28,NULL,-2,0,'2016-09-26 15:58:05','2016-09-26 16:02:21'),(14532,148,99,NULL,-2,0,'2016-09-26 15:58:05','2016-09-26 16:02:21'),(14533,148,100,NULL,-2,0,'2016-09-26 15:58:05','2016-09-26 16:02:21'),(14534,148,29,NULL,-2,0,'2016-09-26 15:58:05','2016-09-26 16:02:21'),(14535,148,101,NULL,-2,0,'2016-09-26 15:58:05','2016-09-26 16:02:21'),(14536,148,102,NULL,-2,0,'2016-09-26 15:58:05','2016-09-26 16:02:21'),(14537,148,30,NULL,-2,0,'2016-09-26 15:58:05','2016-09-26 16:02:21'),(14538,148,103,NULL,-2,0,'2016-09-26 15:58:05','2016-09-26 16:02:21'),(14539,148,104,NULL,-2,0,'2016-09-26 15:58:05','2016-09-26 16:02:21'),(14540,148,31,NULL,-2,0,'2016-09-26 15:58:05','2016-09-26 16:02:21'),(14541,148,32,NULL,-2,0,'2016-09-26 15:58:05','2016-09-26 16:02:21'),(14542,148,33,NULL,-2,0,'2016-09-26 15:58:05','2016-09-26 16:02:21'),(14543,148,34,NULL,-2,0,'2016-09-26 15:58:05','2016-09-26 16:02:21'),(14544,148,4,NULL,-2,0,'2016-09-26 15:58:05','2016-09-26 16:02:21'),(14545,148,40,NULL,-2,0,'2016-09-26 15:58:05','2016-09-26 16:02:21'),(14546,148,120,NULL,-2,0,'2016-09-26 15:58:05','2016-09-26 16:02:21'),(14547,148,121,NULL,-2,0,'2016-09-26 15:58:05','2016-09-26 16:02:21'),(14548,148,122,NULL,-2,0,'2016-09-26 15:58:05','2016-09-26 16:02:21'),(14549,148,123,NULL,-2,0,'2016-09-26 15:58:05','2016-09-26 16:02:21'),(14550,148,41,NULL,-2,0,'2016-09-26 15:58:05','2016-09-26 16:02:21'),(14551,148,42,NULL,-2,0,'2016-09-26 15:58:05','2016-09-26 16:02:21'),(14552,148,124,NULL,-2,0,'2016-09-26 15:58:05','2016-09-26 16:02:21'),(14553,148,125,NULL,-2,0,'2016-09-26 15:58:05','2016-09-26 16:02:21'),(14554,148,126,NULL,-2,0,'2016-09-26 15:58:05','2016-09-26 16:02:21'),(14555,148,127,NULL,-2,0,'2016-09-26 15:58:05','2016-09-26 16:02:21'),(14556,148,44,NULL,-2,0,'2016-09-26 15:58:05','2016-09-26 16:02:21'),(14557,148,128,NULL,-2,0,'2016-09-26 15:58:05','2016-09-26 16:02:21'),(14558,148,129,NULL,-2,0,'2016-09-26 15:58:05','2016-09-26 16:02:21'),(14559,148,130,NULL,-2,0,'2016-09-26 15:58:05','2016-09-26 16:02:21'),(14560,148,131,NULL,-2,0,'2016-09-26 15:58:05','2016-09-26 16:02:21'),(14561,148,45,NULL,-2,0,'2016-09-26 15:58:05','2016-09-26 16:02:21'),(14562,148,132,NULL,-2,0,'2016-09-26 15:58:05','2016-09-26 16:02:21'),(14563,148,133,NULL,-2,0,'2016-09-26 15:58:05','2016-09-26 16:02:21'),(14564,148,134,NULL,-2,0,'2016-09-26 15:58:05','2016-09-26 16:02:21'),(14565,148,135,NULL,-2,0,'2016-09-26 15:58:05','2016-09-26 16:02:21'),(14566,148,5,NULL,-2,0,'2016-09-26 15:58:05','2016-09-26 16:02:21'),(14567,148,46,NULL,-2,0,'2016-09-26 15:58:05','2016-09-26 16:02:21'),(14568,148,136,NULL,-2,0,'2016-09-26 15:58:05','2016-09-26 16:02:21'),(14569,148,137,NULL,-2,0,'2016-09-26 15:58:05','2016-09-26 16:02:21'),(14570,148,47,NULL,-2,0,'2016-09-26 15:58:05','2016-09-26 16:02:21'),(14571,148,138,NULL,-2,0,'2016-09-26 15:58:05','2016-09-26 16:02:21'),(14572,148,139,NULL,-2,0,'2016-09-26 15:58:05','2016-09-26 16:02:21'),(14573,148,48,NULL,-2,0,'2016-09-26 15:58:05','2016-09-26 16:02:21'),(14574,148,140,NULL,-2,0,'2016-09-26 15:58:05','2016-09-26 16:02:21'),(14575,148,141,NULL,-2,0,'2016-09-26 15:58:05','2016-09-26 16:02:21'),(14576,148,49,NULL,-2,0,'2016-09-26 15:58:05','2016-09-26 16:02:21'),(14577,148,142,NULL,-2,0,'2016-09-26 15:58:05','2016-09-26 16:02:21'),(14578,148,143,NULL,-2,0,'2016-09-26 15:58:05','2016-09-26 16:02:21'),(14579,148,50,NULL,-2,0,'2016-09-26 15:58:05','2016-09-26 16:02:21'),(14580,148,51,NULL,-2,0,'2016-09-26 15:58:05','2016-09-26 16:02:21'),(14581,148,52,NULL,-2,0,'2016-09-26 15:58:05','2016-09-26 16:02:21'),(14582,148,144,NULL,-2,0,'2016-09-26 15:58:05','2016-09-26 16:02:21'),(14583,148,145,NULL,-2,0,'2016-09-26 15:58:05','2016-09-26 16:02:21'),(14584,148,53,NULL,-2,0,'2016-09-26 15:58:05','2016-09-26 16:02:21'),(14585,148,146,NULL,-2,0,'2016-09-26 15:58:05','2016-09-26 16:02:21'),(14586,148,147,NULL,-2,0,'2016-09-26 15:58:05','2016-09-26 16:02:21'),(14587,148,54,NULL,-2,0,'2016-09-26 15:58:05','2016-09-26 16:02:21'),(14588,148,55,NULL,-2,0,'2016-09-26 15:58:05','2016-09-26 16:02:21'),(14589,148,56,NULL,-2,0,'2016-09-26 15:58:05','2016-09-26 16:02:21'),(14590,148,57,NULL,-2,0,'2016-09-26 15:58:05','2016-09-26 16:02:21'),(14591,148,58,NULL,-2,0,'2016-09-26 15:58:05','2016-09-26 16:02:21'),(14592,148,63,NULL,-2,0,'2016-09-26 15:58:05','2016-09-26 16:02:21'),(14593,148,64,NULL,-2,0,'2016-09-26 15:58:05','2016-09-26 16:02:21'),(14594,148,151,NULL,-2,0,'2016-09-26 15:58:05','2016-09-26 16:02:21'),(14595,148,152,NULL,-2,0,'2016-09-26 15:58:05','2016-09-26 16:02:21'),(14596,148,177,NULL,-2,0,'2016-09-26 15:58:05','2016-09-26 16:02:21'),(14597,148,178,NULL,-2,0,'2016-09-26 15:58:05','2016-09-26 16:02:21'),(14598,148,1,NULL,-2,0,'2016-09-26 15:58:05','2016-09-26 16:02:21'),(14599,148,6,NULL,-2,0,'2016-09-26 15:58:05','2016-09-26 16:02:21'),(14600,148,7,NULL,-2,0,'2016-09-26 15:58:05','2016-09-26 16:02:21'),(14601,148,65,NULL,-2,0,'2016-09-26 15:58:05','2016-09-26 16:02:21'),(14602,148,8,NULL,-2,0,'2016-09-26 15:58:05','2016-09-26 16:02:21'),(14603,148,69,NULL,-2,0,'2016-09-26 15:58:05','2016-09-26 16:02:21'),(14604,148,70,NULL,-2,0,'2016-09-26 15:58:05','2016-09-26 16:02:21'),(14605,148,71,NULL,-2,0,'2016-09-26 15:58:05','2016-09-26 16:02:21'),(14606,148,72,NULL,-2,0,'2016-09-26 15:58:05','2016-09-26 16:02:21'),(14607,148,9,NULL,-2,0,'2016-09-26 15:58:05','2016-09-26 16:02:21'),(14608,148,73,NULL,-2,0,'2016-09-26 15:58:05','2016-09-26 16:02:21'),(14609,148,74,NULL,-2,0,'2016-09-26 15:58:05','2016-09-26 16:02:21'),(14610,148,10,NULL,-2,0,'2016-09-26 15:58:05','2016-09-26 16:02:21'),(14611,148,75,NULL,-2,0,'2016-09-26 15:58:05','2016-09-26 16:02:21'),(14612,148,11,NULL,-2,0,'2016-09-26 15:58:05','2016-09-26 16:02:21'),(14613,148,76,NULL,-2,0,'2016-09-26 15:58:05','2016-09-26 16:02:21'),(14614,148,12,NULL,-2,0,'2016-09-26 15:58:05','2016-09-26 16:02:21'),(14615,148,77,NULL,-2,0,'2016-09-26 15:58:05','2016-09-26 16:02:21'),(14616,148,15,NULL,-2,0,'2016-09-26 15:58:05','2016-09-26 16:02:21'),(14617,148,81,NULL,-2,0,'2016-09-26 15:58:05','2016-09-26 16:02:21'),(14618,148,82,NULL,-2,0,'2016-09-26 15:58:05','2016-09-26 16:02:21'),(14619,148,83,NULL,-2,0,'2016-09-26 15:58:05','2016-09-26 16:02:21'),(14620,148,84,NULL,-2,0,'2016-09-26 15:58:05','2016-09-26 16:02:21'),(14621,148,16,NULL,-2,0,'2016-09-26 15:58:05','2016-09-26 16:02:21'),(14622,148,85,NULL,-2,0,'2016-09-26 15:58:05','2016-09-26 16:02:21'),(14623,148,86,NULL,-2,0,'2016-09-26 15:58:05','2016-09-26 16:02:21'),(14624,148,19,NULL,-2,0,'2016-09-26 15:58:05','2016-09-26 16:02:21'),(14625,148,20,NULL,-2,0,'2016-09-26 15:58:05','2016-09-26 16:02:21'),(14626,148,21,NULL,-2,0,'2016-09-26 15:58:05','2016-09-26 16:02:21'),(14627,148,22,NULL,-2,0,'2016-09-26 15:58:05','2016-09-26 16:02:21'),(14628,148,23,NULL,-2,0,'2016-09-26 15:58:05','2016-09-26 16:02:21'),(14629,148,24,NULL,-2,0,'2016-09-26 15:58:05','2016-09-26 16:02:21'),(14630,148,25,NULL,-2,0,'2016-09-26 15:58:05','2016-09-26 16:02:21'),(14631,148,148,NULL,-2,0,'2016-09-26 15:58:05','2016-09-26 16:02:21'),(14632,148,184,NULL,-2,0,'2016-09-26 15:58:05','2016-09-26 16:02:21'),(14633,148,185,NULL,-2,0,'2016-09-26 15:58:05','2016-09-26 16:02:21'),(14634,148,186,NULL,-2,0,'2016-09-26 15:58:05','2016-09-26 16:02:21'),(14635,148,187,NULL,-2,0,'2016-09-26 15:58:05','2016-09-26 16:02:21'),(14636,148,149,NULL,-2,0,'2016-09-26 15:58:05','2016-09-26 16:02:21'),(14637,148,188,NULL,-2,0,'2016-09-26 15:58:05','2016-09-26 16:02:21'),(14638,148,189,NULL,-2,0,'2016-09-26 15:58:05','2016-09-26 16:02:21'),(14639,148,150,NULL,-2,0,'2016-09-26 15:58:05','2016-09-26 16:02:21'),(14640,148,180,NULL,-2,0,'2016-09-26 15:58:05','2016-09-26 16:02:21'),(14641,148,181,NULL,-2,0,'2016-09-26 15:58:05','2016-09-26 16:02:21'),(14642,148,182,NULL,-2,0,'2016-09-26 15:58:05','2016-09-26 16:02:21'),(14643,148,183,NULL,-2,0,'2016-09-26 15:58:05','2016-09-26 16:02:21'),(14644,148,153,NULL,-2,0,'2016-09-26 15:58:05','2016-09-26 16:02:21'),(14645,148,157,NULL,-2,0,'2016-09-26 15:58:05','2016-09-26 16:02:21'),(14646,148,160,NULL,-2,0,'2016-09-26 15:58:05','2016-09-26 16:02:21'),(14647,148,161,NULL,-2,0,'2016-09-26 15:58:05','2016-09-26 16:02:21'),(14648,148,162,NULL,-2,0,'2016-09-26 15:58:05','2016-09-26 16:02:21'),(14649,148,163,NULL,-2,0,'2016-09-26 15:58:05','2016-09-26 16:02:21'),(14650,148,158,NULL,-2,0,'2016-09-26 15:58:05','2016-09-26 16:02:21'),(14651,148,164,NULL,-2,0,'2016-09-26 15:58:05','2016-09-26 16:02:21'),(14652,148,165,NULL,-2,0,'2016-09-26 15:58:05','2016-09-26 16:02:21'),(14653,148,166,NULL,-2,0,'2016-09-26 15:58:05','2016-09-26 16:02:21'),(14654,148,167,NULL,-2,0,'2016-09-26 15:58:05','2016-09-26 16:02:21'),(14655,148,159,NULL,-2,0,'2016-09-26 15:58:05','2016-09-26 16:02:21'),(14656,148,168,NULL,-2,0,'2016-09-26 15:58:05','2016-09-26 16:02:21'),(14657,148,169,NULL,-2,0,'2016-09-26 15:58:05','2016-09-26 16:02:21'),(14658,148,170,NULL,-2,0,'2016-09-26 15:58:05','2016-09-26 16:02:21'),(14659,148,171,NULL,-2,0,'2016-09-26 15:58:05','2016-09-26 16:02:21'),(14660,148,172,NULL,-2,0,'2016-09-26 15:58:05','2016-09-26 16:02:21'),(14661,148,173,NULL,-2,0,'2016-09-26 15:58:05','2016-09-26 16:02:21'),(14662,148,174,NULL,-2,0,'2016-09-26 15:58:05','2016-09-26 16:02:21'),(14663,148,175,NULL,-2,0,'2016-09-26 15:58:05','2016-09-26 16:02:21'),(14664,148,3,NULL,0,0,'2016-09-26 16:02:21','2016-09-26 16:02:21'),(14665,148,37,NULL,0,0,'2016-09-26 16:02:21','2016-09-26 16:02:21'),(14666,148,109,NULL,0,0,'2016-09-26 16:02:21','2016-09-26 16:02:21'),(14667,148,110,NULL,0,0,'2016-09-26 16:02:21','2016-09-26 16:02:21'),(14668,148,111,NULL,0,0,'2016-09-26 16:02:21','2016-09-26 16:02:21'),(14669,148,112,NULL,0,0,'2016-09-26 16:02:21','2016-09-26 16:02:21'),(14670,148,38,NULL,0,0,'2016-09-26 16:02:21','2016-09-26 16:02:21'),(14671,148,113,NULL,0,0,'2016-09-26 16:02:21','2016-09-26 16:02:21'),(14672,148,114,NULL,0,0,'2016-09-26 16:02:21','2016-09-26 16:02:21'),(14673,148,115,NULL,0,0,'2016-09-26 16:02:21','2016-09-26 16:02:21'),(14674,148,39,NULL,0,0,'2016-09-26 16:02:21','2016-09-26 16:02:21'),(14675,148,116,NULL,0,0,'2016-09-26 16:02:21','2016-09-26 16:02:21'),(14676,148,117,NULL,0,0,'2016-09-26 16:02:21','2016-09-26 16:02:21'),(14677,148,118,NULL,0,0,'2016-09-26 16:02:21','2016-09-26 16:02:21'),(14678,148,119,NULL,0,0,'2016-09-26 16:02:21','2016-09-26 16:02:21'),(14679,148,2,NULL,0,0,'2016-09-26 16:02:21','2016-09-26 16:02:21'),(14680,148,26,NULL,0,0,'2016-09-26 16:02:21','2016-09-26 16:02:21'),(14681,148,95,NULL,0,0,'2016-09-26 16:02:21','2016-09-26 16:02:21'),(14682,148,96,NULL,0,0,'2016-09-26 16:02:21','2016-09-26 16:02:21'),(14683,148,27,NULL,0,0,'2016-09-26 16:02:21','2016-09-26 16:02:21'),(14684,148,97,NULL,0,0,'2016-09-26 16:02:21','2016-09-26 16:02:21'),(14685,148,98,NULL,0,0,'2016-09-26 16:02:21','2016-09-26 16:02:21'),(14686,148,28,NULL,0,0,'2016-09-26 16:02:21','2016-09-26 16:02:21'),(14687,148,99,NULL,0,0,'2016-09-26 16:02:21','2016-09-26 16:02:21'),(14688,148,100,NULL,0,0,'2016-09-26 16:02:21','2016-09-26 16:02:21'),(14689,148,29,NULL,0,0,'2016-09-26 16:02:21','2016-09-26 16:02:21'),(14690,148,101,NULL,0,0,'2016-09-26 16:02:21','2016-09-26 16:02:21'),(14691,148,102,NULL,0,0,'2016-09-26 16:02:21','2016-09-26 16:02:21'),(14692,148,30,NULL,0,0,'2016-09-26 16:02:21','2016-09-26 16:02:21'),(14693,148,103,NULL,0,0,'2016-09-26 16:02:21','2016-09-26 16:02:21'),(14694,148,104,NULL,0,0,'2016-09-26 16:02:21','2016-09-26 16:02:21'),(14695,148,31,NULL,0,0,'2016-09-26 16:02:21','2016-09-26 16:02:21'),(14696,148,32,NULL,0,0,'2016-09-26 16:02:21','2016-09-26 16:02:21'),(14697,148,33,NULL,0,0,'2016-09-26 16:02:21','2016-09-26 16:02:21'),(14698,148,34,NULL,0,0,'2016-09-26 16:02:21','2016-09-26 16:02:21'),(14699,148,4,NULL,0,0,'2016-09-26 16:02:21','2016-09-26 16:02:21'),(14700,148,40,NULL,0,0,'2016-09-26 16:02:21','2016-09-26 16:02:21'),(14701,148,120,NULL,0,0,'2016-09-26 16:02:21','2016-09-26 16:02:21'),(14702,148,121,NULL,0,0,'2016-09-26 16:02:21','2016-09-26 16:02:21'),(14703,148,122,NULL,0,0,'2016-09-26 16:02:21','2016-09-26 16:02:21'),(14704,148,123,NULL,0,0,'2016-09-26 16:02:21','2016-09-26 16:02:21'),(14705,148,41,NULL,0,0,'2016-09-26 16:02:21','2016-09-26 16:02:21'),(14706,148,42,NULL,0,0,'2016-09-26 16:02:21','2016-09-26 16:02:21'),(14707,148,124,NULL,0,0,'2016-09-26 16:02:21','2016-09-26 16:02:21'),(14708,148,125,NULL,0,0,'2016-09-26 16:02:21','2016-09-26 16:02:21'),(14709,148,126,NULL,0,0,'2016-09-26 16:02:21','2016-09-26 16:02:21'),(14710,148,127,NULL,0,0,'2016-09-26 16:02:21','2016-09-26 16:02:21'),(14711,148,44,NULL,0,0,'2016-09-26 16:02:21','2016-09-26 16:02:21'),(14712,148,128,NULL,0,0,'2016-09-26 16:02:21','2016-09-26 16:02:21'),(14713,148,129,NULL,0,0,'2016-09-26 16:02:21','2016-09-26 16:02:21'),(14714,148,130,NULL,0,0,'2016-09-26 16:02:21','2016-09-26 16:02:21'),(14715,148,131,NULL,0,0,'2016-09-26 16:02:21','2016-09-26 16:02:21'),(14716,148,45,NULL,0,0,'2016-09-26 16:02:21','2016-09-26 16:02:21'),(14717,148,132,NULL,0,0,'2016-09-26 16:02:21','2016-09-26 16:02:21'),(14718,148,133,NULL,0,0,'2016-09-26 16:02:21','2016-09-26 16:02:21'),(14719,148,134,NULL,0,0,'2016-09-26 16:02:21','2016-09-26 16:02:21'),(14720,148,135,NULL,0,0,'2016-09-26 16:02:21','2016-09-26 16:02:21'),(14721,148,5,NULL,0,0,'2016-09-26 16:02:21','2016-09-26 16:02:21'),(14722,148,46,NULL,0,0,'2016-09-26 16:02:21','2016-09-26 16:02:21'),(14723,148,136,NULL,0,0,'2016-09-26 16:02:21','2016-09-26 16:02:21'),(14724,148,137,NULL,0,0,'2016-09-26 16:02:21','2016-09-26 16:02:21'),(14725,148,47,NULL,0,0,'2016-09-26 16:02:21','2016-09-26 16:02:21'),(14726,148,138,NULL,0,0,'2016-09-26 16:02:21','2016-09-26 16:02:21'),(14727,148,139,NULL,0,0,'2016-09-26 16:02:21','2016-09-26 16:02:21'),(14728,148,48,NULL,0,0,'2016-09-26 16:02:21','2016-09-26 16:02:21'),(14729,148,140,NULL,0,0,'2016-09-26 16:02:21','2016-09-26 16:02:21'),(14730,148,141,NULL,0,0,'2016-09-26 16:02:21','2016-09-26 16:02:21'),(14731,148,49,NULL,0,0,'2016-09-26 16:02:21','2016-09-26 16:02:21'),(14732,148,142,NULL,0,0,'2016-09-26 16:02:21','2016-09-26 16:02:21'),(14733,148,143,NULL,0,0,'2016-09-26 16:02:21','2016-09-26 16:02:21'),(14734,148,50,NULL,0,0,'2016-09-26 16:02:21','2016-09-26 16:02:21'),(14735,148,51,NULL,0,0,'2016-09-26 16:02:21','2016-09-26 16:02:21'),(14736,148,52,NULL,0,0,'2016-09-26 16:02:21','2016-09-26 16:02:21'),(14737,148,144,NULL,0,0,'2016-09-26 16:02:21','2016-09-26 16:02:21'),(14738,148,145,NULL,0,0,'2016-09-26 16:02:21','2016-09-26 16:02:21'),(14739,148,53,NULL,0,0,'2016-09-26 16:02:21','2016-09-26 16:02:21'),(14740,148,146,NULL,0,0,'2016-09-26 16:02:21','2016-09-26 16:02:21'),(14741,148,147,NULL,0,0,'2016-09-26 16:02:21','2016-09-26 16:02:21'),(14742,148,54,NULL,0,0,'2016-09-26 16:02:21','2016-09-26 16:02:21'),(14743,148,55,NULL,0,0,'2016-09-26 16:02:21','2016-09-26 16:02:21'),(14744,148,56,NULL,0,0,'2016-09-26 16:02:21','2016-09-26 16:02:21'),(14745,148,57,NULL,0,0,'2016-09-26 16:02:21','2016-09-26 16:02:21'),(14746,148,58,NULL,0,0,'2016-09-26 16:02:21','2016-09-26 16:02:21'),(14747,148,63,NULL,0,0,'2016-09-26 16:02:21','2016-09-26 16:02:21'),(14748,148,64,NULL,0,0,'2016-09-26 16:02:21','2016-09-26 16:02:21'),(14749,148,151,NULL,0,0,'2016-09-26 16:02:21','2016-09-26 16:02:21'),(14750,148,152,NULL,0,0,'2016-09-26 16:02:21','2016-09-26 16:02:21'),(14751,148,1,NULL,0,0,'2016-09-26 16:02:21','2016-09-26 16:02:21'),(14752,148,6,NULL,0,0,'2016-09-26 16:02:21','2016-09-26 16:02:21'),(14753,148,7,NULL,0,0,'2016-09-26 16:02:21','2016-09-26 16:02:21'),(14754,148,65,NULL,0,0,'2016-09-26 16:02:21','2016-09-26 16:02:21'),(14755,148,8,NULL,0,0,'2016-09-26 16:02:21','2016-09-26 16:02:21'),(14756,148,69,NULL,0,0,'2016-09-26 16:02:21','2016-09-26 16:02:21'),(14757,148,70,NULL,0,0,'2016-09-26 16:02:21','2016-09-26 16:02:21'),(14758,148,71,NULL,0,0,'2016-09-26 16:02:21','2016-09-26 16:02:21'),(14759,148,72,NULL,0,0,'2016-09-26 16:02:21','2016-09-26 16:02:21'),(14760,148,9,NULL,0,0,'2016-09-26 16:02:21','2016-09-26 16:02:21'),(14761,148,73,NULL,0,0,'2016-09-26 16:02:21','2016-09-26 16:02:21'),(14762,148,74,NULL,0,0,'2016-09-26 16:02:21','2016-09-26 16:02:21'),(14763,148,10,NULL,0,0,'2016-09-26 16:02:21','2016-09-26 16:02:21'),(14764,148,75,NULL,0,0,'2016-09-26 16:02:21','2016-09-26 16:02:21'),(14765,148,11,NULL,0,0,'2016-09-26 16:02:21','2016-09-26 16:02:21'),(14766,148,76,NULL,0,0,'2016-09-26 16:02:21','2016-09-26 16:02:21'),(14767,148,12,NULL,0,0,'2016-09-26 16:02:21','2016-09-26 16:02:21'),(14768,148,77,NULL,0,0,'2016-09-26 16:02:21','2016-09-26 16:02:21'),(14769,148,15,NULL,0,0,'2016-09-26 16:02:21','2016-09-26 16:02:21'),(14770,148,81,NULL,0,0,'2016-09-26 16:02:21','2016-09-26 16:02:21'),(14771,148,82,NULL,0,0,'2016-09-26 16:02:21','2016-09-26 16:02:21'),(14772,148,83,NULL,0,0,'2016-09-26 16:02:21','2016-09-26 16:02:21'),(14773,148,84,NULL,0,0,'2016-09-26 16:02:21','2016-09-26 16:02:21'),(14774,148,16,NULL,0,0,'2016-09-26 16:02:21','2016-09-26 16:02:21'),(14775,148,85,NULL,0,0,'2016-09-26 16:02:21','2016-09-26 16:02:21'),(14776,148,86,NULL,0,0,'2016-09-26 16:02:21','2016-09-26 16:02:21'),(14777,148,19,NULL,0,0,'2016-09-26 16:02:21','2016-09-26 16:02:21'),(14778,148,20,NULL,0,0,'2016-09-26 16:02:21','2016-09-26 16:02:21'),(14779,148,21,NULL,0,0,'2016-09-26 16:02:21','2016-09-26 16:02:21'),(14780,148,22,NULL,0,0,'2016-09-26 16:02:21','2016-09-26 16:02:21'),(14781,148,23,NULL,0,0,'2016-09-26 16:02:21','2016-09-26 16:02:21'),(14782,148,24,NULL,0,0,'2016-09-26 16:02:21','2016-09-26 16:02:21'),(14783,148,25,NULL,0,0,'2016-09-26 16:02:21','2016-09-26 16:02:21'),(14784,148,148,NULL,0,0,'2016-09-26 16:02:21','2016-09-26 16:02:21'),(14785,148,184,NULL,0,0,'2016-09-26 16:02:21','2016-09-26 16:02:21'),(14786,148,185,NULL,0,0,'2016-09-26 16:02:21','2016-09-26 16:02:21'),(14787,148,186,NULL,0,0,'2016-09-26 16:02:21','2016-09-26 16:02:21'),(14788,148,187,NULL,0,0,'2016-09-26 16:02:21','2016-09-26 16:02:21'),(14789,148,149,NULL,0,0,'2016-09-26 16:02:21','2016-09-26 16:02:21'),(14790,148,188,NULL,0,0,'2016-09-26 16:02:21','2016-09-26 16:02:21'),(14791,148,189,NULL,0,0,'2016-09-26 16:02:21','2016-09-26 16:02:21'),(14792,148,150,NULL,0,0,'2016-09-26 16:02:21','2016-09-26 16:02:21'),(14793,148,180,NULL,0,0,'2016-09-26 16:02:21','2016-09-26 16:02:21'),(14794,148,181,NULL,0,0,'2016-09-26 16:02:21','2016-09-26 16:02:21'),(14795,148,182,NULL,0,0,'2016-09-26 16:02:21','2016-09-26 16:02:21'),(14796,148,183,NULL,0,0,'2016-09-26 16:02:21','2016-09-26 16:02:21'),(14797,148,153,NULL,0,0,'2016-09-26 16:02:21','2016-09-26 16:02:21'),(14798,148,157,NULL,0,0,'2016-09-26 16:02:21','2016-09-26 16:02:21'),(14799,148,160,NULL,0,0,'2016-09-26 16:02:21','2016-09-26 16:02:21'),(14800,148,161,NULL,0,0,'2016-09-26 16:02:21','2016-09-26 16:02:21'),(14801,148,162,NULL,0,0,'2016-09-26 16:02:21','2016-09-26 16:02:21'),(14802,148,163,NULL,0,0,'2016-09-26 16:02:21','2016-09-26 16:02:21'),(14803,148,158,NULL,0,0,'2016-09-26 16:02:21','2016-09-26 16:02:21'),(14804,148,164,NULL,0,0,'2016-09-26 16:02:21','2016-09-26 16:02:21'),(14805,148,165,NULL,0,0,'2016-09-26 16:02:21','2016-09-26 16:02:21'),(14806,148,166,NULL,0,0,'2016-09-26 16:02:21','2016-09-26 16:02:21'),(14807,148,167,NULL,0,0,'2016-09-26 16:02:21','2016-09-26 16:02:21'),(14808,148,159,NULL,0,0,'2016-09-26 16:02:21','2016-09-26 16:02:21'),(14809,148,168,NULL,0,0,'2016-09-26 16:02:21','2016-09-26 16:02:21'),(14810,148,169,NULL,0,0,'2016-09-26 16:02:21','2016-09-26 16:02:21'),(14811,148,170,NULL,0,0,'2016-09-26 16:02:21','2016-09-26 16:02:21'),(14812,148,171,NULL,0,0,'2016-09-26 16:02:21','2016-09-26 16:02:21'),(14813,148,172,NULL,0,0,'2016-09-26 16:02:21','2016-09-26 16:02:21'),(14814,148,173,NULL,0,0,'2016-09-26 16:02:21','2016-09-26 16:02:21'),(14815,148,174,NULL,0,0,'2016-09-26 16:02:21','2016-09-26 16:02:21'),(14816,148,175,NULL,0,0,'2016-09-26 16:02:21','2016-09-26 16:02:21'),(14817,150,5,NULL,-2,0,'2016-09-26 16:04:12','2016-09-26 16:13:35'),(14818,150,177,NULL,-2,0,'2016-09-26 16:04:12','2016-09-26 16:13:35'),(14819,150,178,NULL,-2,0,'2016-09-26 16:04:12','2016-09-26 16:13:35'),(14820,150,1,NULL,-2,0,'2016-09-26 16:04:12','2016-09-26 16:13:35'),(14821,150,174,NULL,-2,0,'2016-09-26 16:04:12','2016-09-26 16:13:35'),(14822,150,175,NULL,-2,0,'2016-09-26 16:04:12','2016-09-26 16:13:35'),(14823,150,179,NULL,-2,0,'2016-09-26 16:04:12','2016-09-26 16:13:35'),(14824,150,1,NULL,0,0,'2016-09-26 16:13:35','2016-09-26 16:13:35'),(14825,150,174,NULL,0,0,'2016-09-26 16:13:35','2016-09-26 16:13:35'),(14826,150,175,NULL,0,0,'2016-09-26 16:13:35','2016-09-26 16:13:35'),(14827,150,179,NULL,0,0,'2016-09-26 16:13:35','2016-09-26 16:13:35');

/*Table structure for table `roles` */

DROP TABLE IF EXISTS `roles`;

CREATE TABLE `roles` (
  `Id` int(11) NOT NULL AUTO_INCREMENT COMMENT '主键ID',
  `RoleName` varchar(100) DEFAULT NULL COMMENT '角色名称',
  `Type` int(11) DEFAULT '1' COMMENT '1=总公司角色| 2= 分公司角色',
  `Remark` varchar(500) DEFAULT NULL COMMENT '备注',
  `State` int(11) DEFAULT '0' COMMENT '状态 -1禁用 0正常',
  `Sort` int(11) DEFAULT '0' COMMENT '排序地段 低到高',
  `CreateTime` datetime DEFAULT NULL COMMENT '创建日期',
  `UpdateTime` datetime DEFAULT NULL COMMENT '更新日期',
  PRIMARY KEY (`Id`)
) ENGINE=InnoDB AUTO_INCREMENT=151 DEFAULT CHARSET=utf8;

/*Data for the table `roles` */

insert  into `roles`(`Id`,`RoleName`,`Type`,`Remark`,`State`,`Sort`,`CreateTime`,`UpdateTime`) values (1,'超级管理员',1,'管理员拥有所有权限',0,0,'2015-12-09 15:01:08','2016-03-30 16:25:26'),(3,'IT运维',2,'对整个平台运营，参数设置',0,0,'2015-12-10 16:20:25','2016-09-21 09:33:51'),(4,'业务员',1,'排期查询，新增订单',0,0,'2015-12-09 15:17:13','2016-08-24 15:40:34'),(123,'分公司审核',2,NULL,0,0,'2016-03-29 10:17:19','2016-08-24 15:41:45'),(126,'业务主管',0,NULL,0,0,'2016-03-31 09:48:50','2016-09-19 18:05:34'),(127,'媒介执行',0,NULL,0,0,'2016-03-31 09:50:47','2016-04-07 11:43:17'),(148,'zf测试',1,NULL,0,0,'2016-09-13 17:16:52','2016-09-26 16:02:21'),(149,'究极管理员',1,NULL,0,0,'2016-09-14 09:17:10','2016-09-21 15:41:10'),(150,'zf多角色测试',1,NULL,0,0,'2016-09-14 09:17:44','2016-09-26 16:13:35');

/*Table structure for table `user_role_relation` */

DROP TABLE IF EXISTS `user_role_relation`;

CREATE TABLE `user_role_relation` (
  `Id` int(11) NOT NULL AUTO_INCREMENT COMMENT '主键ID',
  `UserId` int(11) DEFAULT '0' COMMENT '用户ID',
  `RoleId` int(11) DEFAULT '0' COMMENT '角色ID',
  `Remark` varchar(500) DEFAULT NULL COMMENT '备注',
  `State` int(11) DEFAULT '0' COMMENT '状态 -1禁用 0正常',
  `Sort` int(11) DEFAULT '0' COMMENT '排序地段 低到高',
  `CreateTime` datetime DEFAULT NULL COMMENT '创建日期',
  `UpdateTime` datetime DEFAULT NULL COMMENT '更新日期',
  PRIMARY KEY (`Id`)
) ENGINE=InnoDB AUTO_INCREMENT=124 DEFAULT CHARSET=utf8;

/*Data for the table `user_role_relation` */

insert  into `user_role_relation`(`Id`,`UserId`,`RoleId`,`Remark`,`State`,`Sort`,`CreateTime`,`UpdateTime`) values (1,1,1,'第一个用户角色添加',0,0,'2015-12-11 11:42:54','2016-07-19 09:39:06'),(2,2,1,'第二个用户角色添加',0,0,'2015-12-11 11:42:54','2016-06-17 14:00:53'),(3,3,4,NULL,0,0,'2015-12-25 15:16:38','2016-01-26 19:20:01'),(60,5,1,NULL,0,0,'2016-06-17 13:44:06','2016-07-06 16:00:26'),(68,13,134,NULL,0,0,'2016-07-08 15:06:31','2016-07-14 14:17:42'),(69,14,3,NULL,0,0,'2016-07-08 15:45:00','2016-07-14 14:21:49'),(74,19,4,NULL,0,0,'2016-07-18 09:58:14','2016-07-18 09:58:14'),(75,20,123,NULL,0,0,'2016-07-18 11:49:10','2016-08-24 15:48:26'),(98,29,1,NULL,0,0,'2016-09-13 16:13:59','2016-09-13 16:13:59'),(99,29,3,NULL,0,0,'2016-09-13 16:13:59','2016-09-13 16:13:59'),(100,29,4,NULL,0,0,'2016-09-13 16:13:59','2016-09-13 16:13:59'),(101,29,123,NULL,0,0,'2016-09-13 16:13:59','2016-09-13 16:13:59'),(106,4,148,NULL,0,0,'2016-09-19 09:59:22','2016-09-19 09:59:22'),(107,4,149,NULL,0,0,'2016-09-19 09:59:22','2016-09-19 09:59:22'),(108,6,1,NULL,0,0,'2016-09-19 14:31:43','2016-09-19 14:31:43'),(109,6,3,NULL,0,0,'2016-09-19 14:31:43','2016-09-19 14:31:43'),(110,21,126,NULL,0,0,'2016-09-19 18:04:18','2016-09-19 18:04:18'),(114,30,148,NULL,0,0,'2016-09-21 09:46:15','2016-09-21 09:46:15'),(115,30,150,NULL,0,0,'2016-09-21 09:46:15','2016-09-21 09:46:15'),(118,31,3,NULL,0,0,'2016-09-21 09:59:18','2016-09-21 09:59:18'),(119,31,123,NULL,0,0,'2016-09-21 09:59:18','2016-09-21 09:59:18'),(120,8,1,NULL,0,0,'2016-09-21 14:48:13','2016-09-21 14:48:13'),(123,7,1,NULL,0,0,'2016-09-21 18:50:32','2016-09-21 18:50:32');

/*Table structure for table `users` */

DROP TABLE IF EXISTS `users`;

CREATE TABLE `users` (
  `Id` int(11) NOT NULL AUTO_INCREMENT COMMENT '主键ID',
  `LogName` varchar(50) NOT NULL COMMENT '登录名',
  `LogPwd` varchar(200) NOT NULL COMMENT '密码',
  `TrueName` varchar(50) DEFAULT NULL COMMENT '姓名',
  `Age` int(11) DEFAULT NULL COMMENT '年龄',
  `Email` varchar(100) DEFAULT NULL COMMENT '邮箱',
  `CompanyId` int(11) DEFAULT '0' COMMENT '公司ID',
  `DepartmentId` int(11) DEFAULT '0' COMMENT '部门ID',
  `AgencyNumber` varchar(40) DEFAULT NULL COMMENT '所在最低级机构编号',
  `AgencyNames` varchar(200) DEFAULT NULL COMMENT '所在机构名称存储，逗号相隔',
  `LeaderId` int(11) DEFAULT '0' COMMENT '上级直属领导ID',
  `LeaderIds` varchar(200) DEFAULT NULL COMMENT '上级IDs 包含自己,方便权限管理',
  `Phone` varchar(50) DEFAULT NULL COMMENT '电话',
  `Telephone` varchar(50) DEFAULT NULL COMMENT '座机',
  `IsSuperAdmin` int(11) DEFAULT '0' COMMENT '是否是超级管理员',
  `Remark` varchar(500) DEFAULT NULL COMMENT '备注',
  `State` int(11) DEFAULT '0' COMMENT '状态 -1禁用 0正常',
  `LoginToken` varchar(30) DEFAULT NULL COMMENT '登录token：时间+用户ID',
  `Sort` int(11) DEFAULT '0' COMMENT '排序地段 低到高',
  `CreateTime` datetime DEFAULT NULL COMMENT '创建日期',
  `UpdateTime` datetime DEFAULT NULL COMMENT '更新日期',
  PRIMARY KEY (`Id`),
  UNIQUE KEY `logname` (`LogName`)
) ENGINE=InnoDB AUTO_INCREMENT=32 DEFAULT CHARSET=utf8;

/*Data for the table `users` */

insert  into `users`(`Id`,`LogName`,`LogPwd`,`TrueName`,`Age`,`Email`,`CompanyId`,`DepartmentId`,`AgencyNumber`,`AgencyNames`,`LeaderId`,`LeaderIds`,`Phone`,`Telephone`,`IsSuperAdmin`,`Remark`,`State`,`LoginToken`,`Sort`,`CreateTime`,`UpdateTime`) values (1,'admin','21232f297a57a5a743894a0e4a801fc3','超级管理员',12,'456@qq.com',3,1,'0101001001','公司领导',1,',1,','13887046411',NULL,1,'',0,'20160926164627-1',0,'2016-06-16 11:24:51','2016-07-19 09:39:06'),(2,'guo','be0eea49e80d398def979373f18173ba','guo',12,'qq@qq.com',3,1,'0101001001',NULL,1,',2,1,','13701754444',NULL,1,'',0,'20160923173241-2',0,'2016-06-16 14:01:37','2016-06-17 14:00:53'),(3,'业务员1','e10adc3949ba59abbe56e057f20f883e','业务员1',12,'qq@qq.com',3,2,'0101001002',NULL,0,',3,','13701756014',NULL,1,NULL,0,'20160704151647-3',0,'2016-06-16 14:14:27','2016-06-16 14:14:27'),(4,'gaoyuan','f379eaf3c831b04de153469d1bec345e','gao1',12,'456@qq.com',3,1,'0101001003001001','内容中心-总编室-业务管理室',1,',4,1,','13870814611',NULL,0,'',0,'20160926112008-4',0,'2016-06-17 11:39:10','2016-09-21 15:14:54'),(5,'gaoyuan1','4064283deb59621109005b4ca3be5dc3','gaoyuan',12,'4654@qq.com',3,60,'0101001005',NULL,1,',5,1,','13870846621',NULL,1,'',0,'20160914150337-5',0,'2016-06-17 13:44:06','2016-09-21 15:14:57'),(6,'zf0620','22f50be93526facc4ca1fc278ee1c179','zf',12,'65497946@qq.com',3,61,'0101001005001',NULL,1,',6,1,','18736025486',NULL,1,NULL,0,'20160926092111-6',0,'2016-06-20 16:54:34','2016-09-19 14:31:43'),(7,'june.gu','e10adc3949ba59abbe56e057f20f883e','june',12,'1111@163.com',3,29,'0101001005001','技术中心-技术部',0,',7,','13283128939',NULL,1,'',0,'20160926165043-7',0,'2016-06-29 14:43:28','2016-09-21 18:50:32'),(8,'zhouqi','e10adc3949ba59abbe56e057f20f883e','ewrqwe',12,'1425@163.com',3,61,'0101001005001',NULL,1,',8,1,','14215147845',NULL,1,NULL,0,'20160811145909-8',0,'2016-07-04 15:17:56','2016-09-21 15:03:04'),(13,'mediatest','f379eaf3c831b04de153469d1bec345e','媒介',12,'1111@163.com',3,52,'0101001004001022','',1,',13,1,','13283128939',NULL,0,'',0,'20160810164133-13',0,'2016-07-08 15:06:30','2016-09-21 15:02:51'),(14,'monitor','f379eaf3c831b04de153469d1bec345e','监控',12,'1111@163.com',3,61,'0101001005001','技术中心-技术部',0,',14,','13283128939',NULL,0,'',0,'20160708154515-14',0,'2016-07-08 15:45:00','2016-07-14 14:21:49'),(19,'salesbj','f379eaf3c831b04de153469d1bec345e','北业务',12,'121221@qq.com',5,0,'0101003003001','经营中心-营销部',0,',19,','13283128939',NULL,0,NULL,0,'20160824153715-19',0,'2016-07-18 09:58:14','2016-07-18 09:58:14'),(20,'checkbj','f379eaf3c831b04de153469d1bec345e','北审核',12,'1111@163.com',5,0,'0101003004001','管理中心-综合管理部',0,',20,','13656216681',NULL,0,'',0,'20160919181409-20',0,'2016-07-18 11:49:10','2016-08-24 15:48:26'),(21,'generalmananger','7f9b6299b42bcaf2055ccabc9789c172','事业部负责人',12,'',3,0,'0101001004','经营中心',0,',21,','13283128939',NULL,0,NULL,0,'20160719115501-21',0,'2016-07-19 11:53:52','2016-09-19 18:09:36'),(29,'testMutiRole','123456','总负责',12,'1111@163.com',3,0,'0101001004','经营中心',0,',29,','13666128939',NULL,1,NULL,0,NULL,0,'2016-09-13 15:26:40','2016-09-21 15:02:56'),(30,'zf0913','e10adc3949ba59abbe56e057f20f883e','张帆',12,'456@qq.com',3,0,'0101001005001','技术中心-技术部',1,',30,1,','15623235656','08325689325',0,NULL,0,'20160926155738-30',0,'2016-09-13 17:18:26','2016-09-21 09:46:15'),(31,'systestzf','c88e8ae13e25993d3aed39a8c12ff02f','张帆aa',12,'165465@qq.com',15,0,'0101013004','管理中心',0,',31,','16578956325','02136495789',0,NULL,0,'20160923104031-31',0,'2016-09-21 09:33:33','2016-09-21 15:02:58');

/*!40101 SET SQL_MODE=@OLD_SQL_MODE */;
/*!40014 SET FOREIGN_KEY_CHECKS=@OLD_FOREIGN_KEY_CHECKS */;
/*!40014 SET UNIQUE_CHECKS=@OLD_UNIQUE_CHECKS */;
/*!40111 SET SQL_NOTES=@OLD_SQL_NOTES */;
